Country Name,Country Code,Year,GDP_per_capita,Agriculture_GDP,Agriculture_Land
Afghanistan,AFG,2002,178.954088379235,38.6278918638443,57.9396838538552
Afghanistan,AFG,2003,198.871115728727,37.4188554431481,58.0838047927878
Afghanistan,AFG,2004,221.763653873013,29.7210671376957,58.1512656578201
Afghanistan,AFG,2005,254.184249149336,31.114854912062,58.134400441562
Afghanistan,AFG,2006,274.218553561575,28.6359685844686,58.123668031216
Afghanistan,AFG,2007,376.223152003876,30.1050113574013,58.129800837128
Afghanistan,AFG,2008,381.73323802844,24.8922700059742,58.132867240084
Afghanistan,AFG,2009,452.053705477043,29.2975010547259,58.132867240084
Afghanistan,AFG,2010,560.621505463146,26.2100685374552,58.134400441562
Afghanistan,AFG,2011,606.694676337726,23.7436639877543,58.131334038606
Afghanistan,AFG,2012,651.417134470046,24.390873626371,58.129800837128
Afghanistan,AFG,2013,637.087099117099,22.8106627361766,58.123668031216
Afghanistan,AFG,2014,625.054941813938,22.1370413719574,58.123668031216
Afghanistan,AFG,2015,565.569730408751,20.6343227166798,58.123668031216
Afghanistan,AFG,2016,522.082215583898,25.7403140364582,58.123668031216
Afghanistan,AFG,2017,525.469770891619,26.4201990834448,58.123668031216
Afghanistan,AFG,2018,491.337221382603,22.0428967527575,58.2769881790166
Afghanistan,AFG,2019,496.6025042585,25.7739707394105,58.2769881790166
Afghanistan,AFG,2020,510.787063366811,29.9755825210461,58.7415482268525
Afghanistan,AFG,2021,356.496214115892,33.5976188725451,58.7415482268525
Afghanistan,AFG,2022,357.261152798144,33.7014323213923,58.7415482268525
Afghanistan,AFG,2023,413.757894705303,34.7432471445174,58.4395075356853
Albania,ALB,1995,911.320465445326,32.8374497626885,41.1313868613139
Albania,ALB,1996,1020.97618050188,33.5616611921297,41.2773722627737
Albania,ALB,1997,728.545523729675,28.9413145088437,41.4233576642336
Albania,ALB,1998,831.175344077295,26.2610428305328,41.5693430656934
Albania,ALB,1999,1056.34481153033,23.6225672955948,41.7883211678832
Albania,ALB,2000,1160.42047054038,22.1790139473687,41.7518248175182
Albania,ALB,2001,1326.41652388077,20.4524054141319,41.5693430656934
Albania,ALB,2002,1479.83884572006,19.7639164696809,41.6058394160584
Albania,ALB,2003,1908.69900687608,19.8076203314692,40.9124087591241
Albania,ALB,2004,2446.90949947798,18.5630799913995,40.9489051094891
Albania,ALB,2005,2741.72136549578,17.1247178955729,39.3065693430657
Albania,ALB,2006,3057.77257038113,16.0415750334868,40.8759124087591
Albania,ALB,2007,3743.05529896187,15.5325494481234,40.8394160583942
Albania,ALB,2008,4498.50486763601,15.422100399492,43.1021897810219
Albania,ALB,2009,4213.65007574693,15.2792217271528,43.8430656934307
Albania,ALB,2010,4149.14469936847,16.3586081914252,43.8430656934307
Albania,ALB,2011,4465.70914328865,16.7202229491786,43.8321167883212
Albania,ALB,2012,4280.93316338873,17.5913685516371,43.8430656934307
Albania,ALB,2013,4542.92903556739,18.924817420614,43.3321167883212
Albania,ALB,2014,4793.59751131525,19.2377589164282,42.857299270073
Albania,ALB,2015,4199.53912925398,18.7471602773412,42.8576642335766
Albania,ALB,2016,4457.63412207495,19.167190753497,43.1277372262774
Albania,ALB,2017,5006.36012951959,18.079078214296,42.8569708029197
Albania,ALB,2018,5897.65452588774,17.9155558179549,42.8496715328467
Albania,ALB,2019,6069.43903131027,18.1603973706713,42.8467153284672
Albania,ALB,2020,6027.91350716348,18.8061378649169,42.538503649635
Albania,ALB,2021,7242.45513146613,17.793224984541,41.471897810219
Albania,ALB,2022,7756.96188744253,16.9844754476574,41.4452554744526
Albania,ALB,2023,9740.7023414631,16.2742388313006,38.1240875912409
Algeria,DZA,1999,1596.11822239025,11.1069798696683,16.6815017592181
Algeria,DZA,2000,1772.92869122761,8.39504849504573,16.8032614811021
Algeria,DZA,2001,1896.30020878013,8.886179657499,16.8402092587772
Algeria,DZA,2002,1937.46411413019,8.41302644785912,16.7335645368512
Algeria,DZA,2003,2283.77299346126,8.45671950735323,16.7548514951254
Algeria,DZA,2004,2816.99384960555,7.72217403415641,17.27518536868
Algeria,DZA,2005,3233.13339634212,6.5592713699842,17.3028962019364
Algeria,DZA,2006,3660.66104745322,6.36600271426263,17.2903003686381
Algeria,DZA,2007,4167.45169937531,6.32601878401142,17.3201105074441
Algeria,DZA,2008,5180.91881514686,5.54975092049628,17.344042590711
Algeria,DZA,2009,4235.42990456612,8.01121741497815,17.3738527295171
Algeria,DZA,2010,4912.78585503672,7.53171561491377,17.3713335628574
Algeria,DZA,2011,5916.31364364343,7.08352512171367,17.3772116183966
Algeria,DZA,2012,6033.64884689543,8.02697167412095,17.381490003107
Algeria,DZA,2013,5979.60138960585,9.12007464194984,17.3955322579291
Algeria,DZA,2014,6094.69392314956,9.40707440856373,17.3952656461243
Algeria,DZA,2015,4685.05902729002,10.5327896965018,17.4059228102468
Algeria,DZA,2016,4424.98529027556,11.0683130545794,17.3655321884285
Algeria,DZA,2017,4554.66753957828,11.0318809304784,17.3550108093197
Algeria,DZA,2018,4577.21029180491,11.2438301354995,17.3565679895505
Algeria,DZA,2019,4468.45341883656,11.4791798857164,17.3469816184806
Algeria,DZA,2020,3743.5419522929,12.8341693887186,17.3352255074022
Algeria,DZA,2021,4160.55926736925,11.2354345605089,17.3306070351928
Algeria,DZA,2022,4960.30334332888,10.6470638553472,17.351348174024
Algeria,DZA,2023,5370.477235078,13.3692450434856,17.359031632336
Andorra,AND,2000,21810.2487426174,0.517055747893417,48.936170212766
Andorra,AND,2001,23511.2951466328,0.441953155279431,48.4042553191489
Andorra,AND,2002,26528.1301571494,0.385887245890569,48.6170212765957
Andorra,AND,2003,34063.5784040571,0.419117893036526,48.6382978723404
Andorra,AND,2004,39021.1278078772,0.414741997881256,48.531914893617
Andorra,AND,2005,40829.801878928,0.380576808035011,46.3829787234043
Andorra,AND,2006,43467.210990395,0.353522338328863,46.3404255319149
Andorra,AND,2007,48336.2283340364,0.368796683946436,44.1914893617021
Andorra,AND,2008,49132.5157047203,0.406917963904405,44.1702127659574
Andorra,AND,2009,43975.0183658196,0.418928933319218,44.1914893617021
Andorra,AND,2010,42746.830952263,0.466508601972863,42.063829787234
Andorra,AND,2011,46657.1561204071,0.490560827241276,42.063829787234
Andorra,AND,2012,41500.5435782722,0.601164453935572,39.9148936170213
Andorra,AND,2013,42470.3161158563,0.585558984254785,40.0212765957447
Andorra,AND,2014,44369.6596894579,0.537623493009676,40.0
Andorra,AND,2015,38654.9347217207,0.513420109683398,40.0212765957447
Andorra,AND,2016,40129.8192026671,0.521999648433619,40.0425531914894
Andorra,AND,2017,40672.9943362327,0.559538512516191,40.0425531914894
Andorra,AND,2018,42819.774579353,0.546367882815281,40.0723404255319
Andorra,AND,2019,41257.8045861543,0.522633248415779,40.0002127659574
Andorra,AND,2020,37361.090067211,0.559442769715814,39.9517021276596
Andorra,AND,2021,42425.6996761083,0.531844879169824,39.9068085106383
Andorra,AND,2022,42414.0590111349,0.487491862156614,39.9068085106383
Andorra,AND,2023,46812.448450114,0.47849213558896,39.8740425531915
Angola,AGO,2002,999.065855956628,9.38679060353171,35.6445014839175
Angola,AGO,2003,1133.66331960414,10.000076846311,35.6934306569343
Angola,AGO,2004,1451.47117870872,10.3635914451084,35.5418304323414
Angola,AGO,2005,2145.88621098663,8.56536731672033,35.4399614983557
Angola,AGO,2006,2930.44428606516,8.4410089784559,35.4030640891955
Angola,AGO,2007,3515.05678985496,8.616240421891,35.4896927889629
Angola,AGO,2008,4578.15526451058,7.81831803296579,35.4495869094409
Angola,AGO,2009,3645.14846565169,10.3661474572377,35.7985080612818
Angola,AGO,2010,4101.63715564669,10.0913068589156,35.9749739311783
Angola,AGO,2011,5184.15269151846,9.55630602212879,36.3487607283228
Angola,AGO,2012,5702.45306277434,9.69697932366603,36.3383331996471
Angola,AGO,2013,5688.57916213471,10.3295507034721,36.4867249538782
Angola,AGO,2014,5649.68762467535,11.4782158930435,36.6359188256998
Angola,AGO,2015,3641.72893920253,13.663772327968,36.7281623486003
Angola,AGO,2016,2082.37343594705,14.4558424371022,36.7562364642657
Angola,AGO,2017,2832.14997950512,14.709941688499,36.7089115264298
Angola,AGO,2018,2891.83032378747,13.1933917283997,36.7193390551055
Angola,AGO,2019,2507.86807213642,12.3210508241048,36.7819042271597
Angola,AGO,2020,1749.1794838482,15.1097674669231,36.7883211678832
Angola,AGO,2021,2266.96834861584,16.8317967997029,36.8308334001765
Angola,AGO,2022,3598.53669077341,19.4301170178768,36.9471404507901
Angola,AGO,2023,2885.51349130806,20.9093369427559,36.9479425683805
Antigua and Barbuda,ATG,1977,1213.67021714646,4.96965642471448,20.4545454545455
Antigua and Barbuda,ATG,1978,1374.82027453607,4.459215009886,20.4545454545455
Antigua and Barbuda,ATG,1979,1705.14199048287,3.51458213646041,20.4545454545455
Antigua and Barbuda,ATG,1980,2053.10327921275,2.98920642022258,20.4545454545455
Antigua and Barbuda,ATG,1981,2310.19699820442,2.85855956365439,20.4545454545455
Antigua and Barbuda,ATG,1982,2569.18182363887,2.5923453493547,20.4545454545455
Antigua and Barbuda,ATG,1983,2846.99335735773,2.54838321913692,20.4545454545455
Antigua and Barbuda,ATG,1984,3270.7810304062,1.92153303780237,20.4545454545455
Antigua and Barbuda,ATG,1985,3814.3142290779,1.99639206253758,20.4545454545455
Antigua and Barbuda,ATG,1986,4629.45676400154,1.74130591720395,20.4545454545455
Antigua and Barbuda,ATG,1987,5424.36847756962,1.76180408738548,20.4545454545455
Antigua and Barbuda,ATG,1988,6466.15683473424,1.61599611080602,20.4545454545455
Antigua and Barbuda,ATG,1989,7187.90484128028,1.5435690049391,20.4545454545455
Antigua and Barbuda,ATG,1990,7590.75442423046,1.59917681464403,20.4545454545455
Antigua and Barbuda,ATG,1991,7956.47430919648,1.58256897577311,20.4545454545455
Antigua and Barbuda,ATG,1992,8153.73786307269,1.58407741243846,20.4545454545455
Antigua and Barbuda,ATG,1993,8624.62016806628,1.5177209305371,20.4545454545455
Antigua and Barbuda,ATG,1994,9351.48753768505,1.35330505060081,20.4545454545455
Antigua and Barbuda,ATG,1995,9034.47552907143,1.39598638883211,20.4545454545455
Antigua and Barbuda,ATG,1996,9756.08717951992,1.3595611011736,20.4545454545455
Antigua and Barbuda,ATG,1997,10336.2591617838,1.42767809414304,20.4545454545455
Antigua and Barbuda,ATG,1998,10906.8785406961,1.36745403131639,20.4545454545455
Antigua and Barbuda,ATG,1999,11342.3349230913,1.35374140613572,20.4545454545455
Antigua and Barbuda,ATG,2000,12027.4949768222,1.28909734411418,20.4545454545455
Antigua and Barbuda,ATG,2001,11539.1825063308,1.28987886024836,20.4545454545455
Antigua and Barbuda,ATG,2002,11658.6949915956,1.36173371548756,20.4545454545455
Antigua and Barbuda,ATG,2003,12173.2319860305,1.36022532394223,20.4545454545455
Antigua and Barbuda,ATG,2004,13037.8895772257,1.24102789876908,20.4545454545455
Antigua and Barbuda,ATG,2005,14368.5708796058,1.32911556344139,20.4545454545455
Antigua and Barbuda,ATG,2006,16173.8136329968,1.23269847041978,20.4545454545455
Antigua and Barbuda,ATG,2007,18204.5124043068,1.17905441578912,20.4545454545455
Antigua and Barbuda,ATG,2008,18786.6743142216,1.13038950169178,20.4545454545455
Antigua and Barbuda,ATG,2009,16472.2478528568,1.11203119991452,20.4545454545455
Antigua and Barbuda,ATG,2010,15217.3950790922,1.21464881302167,20.4545454545455
Antigua and Barbuda,ATG,2011,14911.7275084471,1.41518526297013,20.4545454545455
Antigua and Barbuda,ATG,2012,15639.8078114787,1.37701946118754,20.4545454545455
Antigua and Barbuda,ATG,2013,15051.5113587425,1.48400040236501,20.4545454545455
Antigua and Barbuda,ATG,2014,15532.1062063584,1.44123185699971,20.4545454545455
Antigua and Barbuda,ATG,2015,16077.6340769406,1.44568317612291,20.4545454545455
Antigua and Barbuda,ATG,2016,16556.8551801588,1.45850375317323,20.4545454545455
Antigua and Barbuda,ATG,2017,16965.7288273816,1.66091151055353,20.4545454545455
Antigua and Barbuda,ATG,2018,18273.4270684912,1.62679191195975,20.4545454545455
Antigua and Barbuda,ATG,2019,18896.3721832248,1.64671204635507,20.4545454545455
Antigua and Barbuda,ATG,2020,15369.6082250401,2.27894065728784,20.4545454545455
Antigua and Barbuda,ATG,2021,17348.6006987182,2.08080004808426,20.4545454545455
Antigua and Barbuda,ATG,2022,20003.3909394099,1.9656137257913,20.4545454545455
Antigua and Barbuda,ATG,2023,22012.2625947994,2.21508602503399,20.4545454545455
Argentina,ARG,1965,1281.83337976859,12.9041629886915,48.1530608143414
Argentina,ARG,1966,1275.07843418966,10.2787574725073,47.8490439180178
Argentina,ARG,1967,1063.93283833587,9.98038631665412,47.3941147883027
Argentina,ARG,1968,1141.95211617341,9.72127698537181,47.2231052841206
Argentina,ARG,1969,1329.56181832409,9.18580964838541,46.5460099609382
Argentina,ARG,1970,1322.71454216808,9.6375609641048,46.5463753658617
Argentina,ARG,1971,1372.50746646061,10.8658823843399,46.5463753658617
Argentina,ARG,1972,1409.37097316211,10.984869871837,46.5463753658617
Argentina,ARG,1973,2097.89945010806,11.9525224881086,46.5463753658617
Argentina,ARG,1974,2844.96990526761,10.2308377488651,46.5463753658617
Argentina,ARG,1975,2026.68435752865,6.5839104917193,46.5463753658617
Argentina,ARG,1976,1946.91990388248,8.15217071197931,46.5463753658617
Argentina,ARG,1977,2126.48546048047,8.0871421139688,46.5463753658617
Argentina,ARG,1978,3282.06304446289,7.5044274778029,46.5463753658617
Argentina,ARG,1979,2511.97332905958,7.79627735939132,46.5463753658617
Argentina,ARG,1980,2747.5022751674,6.35350500487903,46.5463753658617
Argentina,ARG,1981,2764.08641421079,6.47552296063439,46.5463753658617
Argentina,ARG,1982,2914.76708504176,9.59615604621897,46.5467407707851
Argentina,ARG,1983,3537.7473459832,8.65832496118367,46.5471061757086
Argentina,ARG,1984,3915.03492645691,8.3459768371011,46.5467407707851
Argentina,ARG,1985,2905.77565536137,7.63430725730443,46.5467407707851
Argentina,ARG,1986,3436.07819471053,7.80040264019792,46.5467407707851
Argentina,ARG,1987,3477.30131979313,8.09435846444628,46.5467407707851
Argentina,ARG,1988,3992.70330179156,8.97786821775225,46.5452791510913
Argentina,ARG,1989,2374.57321551641,9.61606509643166,46.5781655942032
Argentina,ARG,1990,4315.33403111588,8.12367620787488,46.6128790619325
Argentina,ARG,1991,5709.24784079504,6.71649176009431,46.6475925296617
Argentina,ARG,1992,6789.99611136495,5.99078709147934,46.682305997391
Argentina,ARG,1993,6931.85596375876,5.13682648211779,46.7170194651203
Argentina,ARG,1994,7437.56242327594,5.08266800031075,46.7528291476199
Argentina,ARG,1995,7357.6162773788,5.351464616273,46.7882734251961
Argentina,ARG,1996,7663.21271287469,5.61086611323361,46.8237177027723
Argentina,ARG,1997,8146.78710021431,5.22197210944516,46.8577003606547
Argentina,ARG,1998,8218.99212764682,5.25272256987622,46.8924138283839
Argentina,ARG,1999,7705.54288252851,4.45782610229152,46.9223770321081
Argentina,ARG,2000,7637.01489203628,4.67991094417297,46.9581867146078
Argentina,ARG,2001,7141.47507662826,4.56858960891786,46.9932655872605
Argentina,ARG,2002,2569.69963519124,10.2066467144411,47.031267699301
Argentina,ARG,2003,3320.47775133903,10.328166939117,47.1749814557001
Argentina,ARG,2004,4242.02099089422,8.36248661319513,47.3186952120993
Argentina,ARG,2005,5067.65342293276,7.9387542736316,47.4737365211259
Argentina,ARG,2006,5869.38028970204,6.93557229395092,47.5533947944415
Argentina,ARG,2007,7185.25155147027,7.45235394455624,47.4910932549905
Argentina,ARG,2008,8944.1102657357,7.31895459702249,46.4235627710848
Argentina,ARG,2009,8150.23527028221,5.27362346634198,45.4302094866426
Argentina,ARG,2010,10260.1313108254,7.13216744789716,46.1389123357048
Argentina,ARG,2011,12704.2831819684,6.99873377085717,45.7919603608739
Argentina,ARG,2012,12949.717486654,5.78174420692637,45.5813044224958
Argentina,ARG,2013,12963.675773326,6.05291843703277,44.9219312381015
Argentina,ARG,2014,12233.1444119186,6.7127035133689,44.1959177327355
Argentina,ARG,2015,13679.6264980954,5.15668590274786,44.1239360687546
Argentina,ARG,2016,12699.9623137756,6.2645658204639,43.4324236577764
Argentina,ARG,2017,14532.5009308511,5.23162237679509,42.9825761047104
Argentina,ARG,2018,11752.7998922979,4.53787889696835,42.3613927774063
Argentina,ARG,2019,9955.97478680428,5.31855599661392,42.605848671205
Argentina,ARG,2020,8535.59938004389,6.35703367590492,43.0004859885482
Argentina,ARG,2021,10738.0179223384,7.29128249619051,43.1097420606645
Argentina,ARG,2022,13962.1894087223,6.5415694049027,43.4276443440799
Argentina,ARG,2023,14261.8465667948,5.8467786039042,42.4367915620695
Armenia,ARM,2012,3511.56399687426,17.9126819526397,59.1148577449947
Armenia,ARM,2013,3680.16692158886,18.4347628834968,59.1148577449947
Armenia,ARM,2014,3852.11800610384,18.0720363470662,59.0340709518792
Armenia,ARM,2015,3512.39350276709,17.2231200318056,58.8935721812434
Armenia,ARM,2016,3524.42476874707,16.39047353385,58.8970846505093
Armenia,ARM,2017,3869.05373867752,14.9942601242776,58.872497365648
Armenia,ARM,2018,4196.00562301769,13.9423116554146,58.9146469968388
Armenia,ARM,2019,4597.22887399548,11.5256107379588,58.9041095890411
Armenia,ARM,2020,4268.68093304583,11.3498051554549,59.4380831430972
Armenia,ARM,2021,4685.17997128509,11.3435484176857,59.3969093973882
Armenia,ARM,2022,6571.97445545099,10.1467039255683,58.6134209413894
Armenia,ARM,2023,8159.08720967996,8.10223799188799,58.5933621376878
Aruba,ABW,1995,16548.7173868987,0.505922165820643,11.1111111111111
Aruba,ABW,1996,16620.9545555513,0.48582995951417,11.1111111111111
Aruba,ABW,1997,17750.0095644198,0.429978118161926,11.1111111111111
Aruba,ABW,1998,18828.0870594071,0.407916806440792,11.1111111111111
Aruba,ABW,1999,19216.1972354472,0.383268482490272,11.1111111111111
Aruba,ABW,2000,20681.0230269625,0.0186075360521011,11.1111111111111
Aruba,ABW,2001,20740.1325828172,0.0186174866510853,11.1111111111111
Aruba,ABW,2002,21307.2482505267,0.0180539339920836,11.1111111111111
Aruba,ABW,2003,21949.4859960868,0.0180105822419485,11.1111111111111
Aruba,ABW,2004,23700.6319899197,0.0175662581169615,11.1111111111111
Aruba,ABW,2005,24171.8371325422,0.0173277773977134,11.1111111111111
Aruba,ABW,2006,24845.65848362,0.0175077037289373,11.1111111111111
Aruba,ABW,2007,26736.3089444046,0.0178385963799542,11.1111111111111
Aruba,ABW,2008,28171.9094008501,0.0169973987102413,11.1111111111111
Aruba,ABW,2009,25134.7712303589,0.0199068534264945,11.1111111111111
Aruba,ABW,2010,24093.1401510626,0.0204920878910203,11.1111111111111
Aruba,ABW,2011,25712.3843015186,0.0203949029261921,11.1111111111111
Aruba,ABW,2012,25119.6655449838,0.0214687486582032,11.1111111111111
Aruba,ABW,2013,25813.5714408438,0.0178174631618829,11.1111111111111
Aruba,ABW,2014,26129.8390617693,0.0148129732019303,11.1111111111111
Aruba,ABW,2015,27458.2201537506,0.0125197907912791,11.1111111111111
Aruba,ABW,2016,27441.5502144601,0.018611754127868,11.1111111111111
Aruba,ABW,2017,28440.0416881491,0.023918578557175,11.1111111111111
Aruba,ABW,2018,30082.1584226798,0.0222530069695395,11.1111111111111
Aruba,ABW,2019,30654.4851235397,0.0184193332670534,11.1111111111111
Aruba,ABW,2020,22664.3709949437,0.0215538601290844,11.1111111111111
Aruba,ABW,2021,26827.3447869986,0.029903187516918,11.1111111111111
Aruba,ABW,2022,31000.5713798732,0.0341749381905228,11.1111111111111
Aruba,ABW,2023,34897.6183932009,0.0395294607296221,11.1111111111111
Australia,AUS,1990,18273.561526468,4.17677382101021,60.4554625567864
Australia,AUS,1991,18885.4274465057,3.15825667117102,60.2400322819989
Australia,AUS,1992,18650.3675476612,3.03013860218225,60.6594379287453
Australia,AUS,1993,17724.5399501656,3.23930870769341,59.8905275763769
Australia,AUS,1994,18155.6282000179,3.32173444100615,61.0680395194148
Australia,AUS,1995,20479.1748274233,2.99940193194106,60.3189149082957
Australia,AUS,1996,22055.838490507,3.36814606624927,60.5586868515939
Australia,AUS,1997,23683.4948964934,3.22527993858659,60.1685693086706
Australia,AUS,1998,21516.0403147759,3.02751531970189,60.3830883980058
Australia,AUS,1999,20749.6443779096,3.04342312057626,59.056923056897
Australia,AUS,2000,21908.9968019784,3.10630676229169,59.2881038230738
Australia,AUS,2001,19733.6510102645,3.50187086251559,59.3181729429988
Australia,AUS,2002,20335.0960191023,3.94425123897134,58.1856995951733
Australia,AUS,2003,23757.5898471684,2.88733584935682,57.2094294677375
Australia,AUS,2004,30886.0500949401,3.05821916621123,51.4046574593546
Australia,AUS,2005,34535.20727091,2.88921493532413,53.3993725837314
Australia,AUS,2006,36658.8243476122,2.74011319183189,53.27857542663
Australia,AUS,2007,41128.2476618402,2.21281034154067,51.8536766332999
Australia,AUS,2008,49811.2067218988,2.35417910776003,50.6733660492301
Australia,AUS,2009,42954.8494884573,2.31423570641201,50.0184840477461
Australia,AUS,2010,52313.8939041213,2.21824837320556,48.9920987204353
Australia,AUS,2011,62799.3895017032,2.30485962261499,51.5628132199992
Australia,AUS,2012,68301.4402512587,2.27317856495351,50.3854314463116
Australia,AUS,2013,68476.6788496118,2.29076813252161,48.3937102169923
Australia,AUS,2014,62817.2061751737,2.22695769265967,48.7383986566523
Australia,AUS,2015,56970.3613028094,2.37664391487055,45.3144240657095
Australia,AUS,2016,50084.4440606385,2.41300232330254,44.5399257932247
Australia,AUS,2017,54117.547718609,2.72098319651067,48.3406179391109
Australia,AUS,2018,57410.1737346009,2.47191752630847,46.6580950127535
Australia,AUS,2019,55194.7585097428,2.12424911197662,47.1237724290889
Australia,AUS,2020,51983.4523666382,2.01512715396535,46.2524798427461
Australia,AUS,2021,60758.9044397144,2.30537875480088,47.2592374954823
Australia,AUS,2022,65169.5191118657,2.67242699950618,47.2592374954823
Australia,AUS,2023,65058.3773146674,2.57169831894523,47.2234443228177
Austria,AUT,1976,5656.1451383787,5.16882898010092,38.5785264178381
Austria,AUT,1977,6783.95142193665,4.46412297942607,38.5070285991275
Austria,AUT,1978,8173.32926347245,4.46865633996143,38.5458070770722
Austria,AUT,1979,9755.4044562579,4.3414296563035,38.0865244789142
Austria,AUT,1980,10826.9718274995,4.37936589803283,38.0634997576345
Austria,AUT,1981,9348.48832395232,4.01549749233118,38.2380029083859
Austria,AUT,1982,9373.48820626125,3.6906724257583,38.0841008240427
Austria,AUT,1983,9500.05070417494,3.45398012529909,36.6686863790596
Austria,AUT,1984,8955.84829191534,3.62620278551257,36.7571497818711
Austria,AUT,1985,9136.17092559695,3.17354454391586,36.8092583616093
Austria,AUT,1986,13031.8281010744,3.26646617250846,36.6795928259816
Austria,AUT,1987,16328.5613047296,3.2366358109153,36.6941347552109
Austria,AUT,1988,17509.7658683817,3.08577996292332,36.9401357246728
Austria,AUT,1989,17400.5226619741,3.04842141172211,36.9680077556956
Austria,AUT,1990,21596.068219998,3.13503392093378,36.6444498303442
Austria,AUT,1991,22323.1312492943,2.84569687770774,36.8019873969947
Austria,AUT,1992,24782.7118767063,2.48336784032364,36.5123606398449
Austria,AUT,1993,23987.2037240657,2.23142704311096,36.3427047988366
Austria,AUT,1994,25546.2460525087,2.40057756945597,36.2833252544838
Austria,AUT,1995,30207.0674314652,2.18502137013502,36.1257876878333
Austria,AUT,1996,29645.9451251491,1.97649891499438,36.0312651478429
Austria,AUT,1997,26571.7523626508,1.96702623453595,35.9258361609307
Austria,AUT,1998,27212.4642905708,1.83846734685464,35.8688802714493
Austria,AUT,1999,27078.7081612201,1.78102549667367,35.811924381968
Austria,AUT,2000,24487.2974685956,1.67089601150509,35.630150266602
Austria,AUT,2001,24430.495982841,1.70825527346988,35.3380998545807
Austria,AUT,2002,26334.862215032,1.59223426298384,35.1696558410082
Austria,AUT,2003,32110.1159661425,1.4869307559019,34.9640087251575
Austria,AUT,2004,36614.2506533707,1.4931762753994,34.7479398933592
Austria,AUT,2005,38157.37022862,1.28239498294254,34.6194861851672
Austria,AUT,2006,40382.2078298575,1.32751796800624,34.4558894813379
Austria,AUT,2007,46622.9622913635,1.46196340335606,34.2959282598158
Austria,AUT,2008,51581.3982361071,1.38504114785417,34.0450799806108
Austria,AUT,2009,47857.4446635266,1.17655306368833,33.8705768298594
Austria,AUT,2010,46611.1393420232,1.29288595990855,33.6791080950073
Austria,AUT,2011,51116.8953522042,1.46130648071081,33.413717886573
Austria,AUT,2012,48250.4059142637,1.41768134316306,33.1459040232671
Austria,AUT,2013,50305.3545774973,1.27784992108872,32.9180804653417
Austria,AUT,2014,51314.9722616322,1.27555801772568,32.8914202617547
Austria,AUT,2015,43915.228020857,1.14362854172989,32.9429229277751
Austria,AUT,2016,45061.4993920192,1.14928264077268,32.3578526417838
Austria,AUT,2017,47163.7425775142,1.19990203076681,32.1694134755211
Austria,AUT,2018,51194.0749841299,1.10911414021412,32.1477217644207
Austria,AUT,2019,49885.9947355204,1.04463413653499,32.1280901599612
Austria,AUT,2020,48716.4098900349,1.07138113272871,31.5398121667475
Austria,AUT,2021,53648.6437976214,1.2152388657488,31.5376684440136
Austria,AUT,2022,52336.7725223758,1.34649596457301,31.4765838584586
Austria,AUT,2023,56579.504175468,1.24176172038934,31.4743456131847
Azerbaijan,AZE,1992,60.2351205405972,26.0596253189768,53.4289868656645
Azerbaijan,AZE,1993,209.530954548425,27.1095541401274,53.5539613300167
Azerbaijan,AZE,1994,157.063549947072,32.3456631972244,53.9072545273201
Azerbaijan,AZE,1995,314.55801908334,25.3444559002718,53.9445065311174
Azerbaijan,AZE,1996,409.185543774103,24.9615750567225,54.3903288991432
Azerbaijan,AZE,1997,505.516204188336,20.1279169173289,55.1413773627985
Azerbaijan,AZE,1998,561.906807871869,18.1479974423066,56.3483849227362
Azerbaijan,AZE,1999,573.893528734031,18.3995125956928,56.7365939181428
Azerbaijan,AZE,2000,655.097249579917,16.0848646701003,57.3863567580655
Azerbaijan,AZE,2001,703.670998584686,14.8374595530138,57.4500024211903
Azerbaijan,AZE,2002,763.108895463487,13.9546391752577,57.4317945241957
Azerbaijan,AZE,2003,883.692580745256,12.4256629119149,57.5255287228379
Azerbaijan,AZE,2004,1045.0136328106,10.9880190382406,57.5152409521966
Azerbaijan,AZE,2005,1578.36733030667,9.14753443801158,57.5683522864747
Azerbaijan,AZE,2006,2472.95725732287,7.09103711685568,57.5529121337899
Azerbaijan,AZE,2007,3851.33015175141,6.54008215652051,57.5645354536543
Azerbaijan,AZE,2008,5574.46810432575,5.57089184098542,57.5683493289119
Azerbaijan,AZE,2009,4950.39949009423,6.12193306461806,57.5790951562538
Azerbaijan,AZE,2010,5843.5337683582,5.54456611326975,57.6703445605885
Azerbaijan,AZE,2011,7189.81869211976,5.07622595138436,57.691935444845
Azerbaijan,AZE,2012,7495.86527658099,5.13976950772418,57.6870962278303
Azerbaijan,AZE,2013,7875.34536661549,5.3662644804235,57.7045451795933
Azerbaijan,AZE,2014,7890.84028062087,5.31940671805552,57.7005431692535
Azerbaijan,AZE,2015,5500.50364628486,6.17763883780802,57.7017529003303
Azerbaijan,AZE,2016,3880.6852276838,5.60511177455763,57.7355751784202
Azerbaijan,AZE,2017,4147.1981423222,5.60736901068842,57.7956013645932
Azerbaijan,AZE,2018,4739.7943123408,5.21238076212356,57.8253926004791
Azerbaijan,AZE,2019,4805.75371765917,5.69538024963307,57.8278123260822
Azerbaijan,AZE,2020,4229.91064904503,6.7389474235341,57.8382498850519
Azerbaijan,AZE,2021,5408.04535175023,5.72598365721349,57.8415003024803
Azerbaijan,AZE,2022,7770.594223351,4.61220830811053,57.8402903811252
Azerbaijan,AZE,2023,7133.02838048328,5.51058894617326,57.8294010889292
"Bahamas, The",BHS,1984,8201.70133768379,2.04301602077311,1.0989010989011
"Bahamas, The",BHS,1985,9167.14687502469,1.90459783274865,1.0989010989011
"Bahamas, The",BHS,1986,9600.599527833,1.81193124368049,1.0989010989011
"Bahamas, The",BHS,1987,10361.3488079104,1.82756086321153,1.0989010989011
"Bahamas, The",BHS,1989,11291.4764472044,2.0125081645983,1.0989010989011
"Bahamas, The",BHS,1990,11473.3008389353,2.2085281111813,1.0989010989011
"Bahamas, The",BHS,1991,11082.3528573617,2.83373404132221,1.0989010989011
"Bahamas, The",BHS,1992,10873.4047501635,2.66301061434545,1.0989010989011
"Bahamas, The",BHS,1993,10613.0658785813,2.4612871927555,1.0989010989011
"Bahamas, The",BHS,1994,10991.2346674131,2.67508438171218,0.999000999000999
"Bahamas, The",BHS,1995,11374.6056703852,2.83414989792943,0.999000999000999
"Bahamas, The",BHS,1996,11783.797197226,2.64691050152397,0.999000999000999
"Bahamas, The",BHS,1997,20367.5732702056,1.56181897428447,0.999000999000999
"Bahamas, The",BHS,1998,21667.448821694,1.37855944927867,0.999000999000999
"Bahamas, The",BHS,1999,24041.0933188158,1.26759041993162,0.999000999000999
"Bahamas, The",BHS,2000,24940.0775086078,1.34464685685702,1.0989010989011
"Bahamas, The",BHS,2001,25371.9237667614,1.19862993112386,1.0989010989011
"Bahamas, The",BHS,2002,26781.6195938652,1.51331582811254,1.0989010989011
"Bahamas, The",BHS,2003,26429.1247787663,1.34722421080282,1.0989010989011
"Bahamas, The",BHS,2004,26650.2934234303,1.16175185996252,1.0989010989011
"Bahamas, The",BHS,2005,28602.4181869995,1.06443545271548,1.0989010989011
"Bahamas, The",BHS,2006,29184.7865087908,1.17042464776611,1.0989010989011
"Bahamas, The",BHS,2007,30051.8489587756,1.09339124571261,1.0989010989011
"Bahamas, The",BHS,2008,29392.3824416397,1.04313129393882,1.0989010989011
"Bahamas, The",BHS,2009,27512.9130950084,0.9096409923502,1.0989010989011
"Bahamas, The",BHS,2010,27473.100430502,1.09749043162674,1.1988011988012
"Bahamas, The",BHS,2011,27090.8376801379,1.09230471329484,1.2987012987013
"Bahamas, The",BHS,2012,28552.0242683151,1.07272116712063,1.2987012987013
"Bahamas, The",BHS,2013,27642.7419759179,0.927897053067693,1.2987012987013
"Bahamas, The",BHS,2014,29137.2175632622,0.838487849108097,1.2987012987013
"Bahamas, The",BHS,2015,30719.405417469,0.815199026829763,1.2987012987013
"Bahamas, The",BHS,2016,30616.5363157284,0.877037934836586,1.2987012987013
"Bahamas, The",BHS,2017,31875.4881749619,0.770472969173047,1.2987012987013
"Bahamas, The",BHS,2018,32642.3353203452,0.677109335996006,1.2987012987013
"Bahamas, The",BHS,2019,33640.3369861278,0.53475935828877,1.2987012987013
"Bahamas, The",BHS,2020,26178.7537607708,0.775822139879574,1.2987012987013
"Bahamas, The",BHS,2021,30367.8605757708,0.454432167483592,1.2987012987013
"Bahamas, The",BHS,2022,34957.1613279737,0.414483909964884,1.2987012987013
"Bahamas, The",BHS,2023,38231.774484278,0.454447231080524,1.2987012987013
Bahrain,BHR,2006,19267.282615072,0.268763501054214,12.527027027027
Bahrain,BHR,2007,20908.4042548073,0.29227169028013,12.2133333333333
Bahrain,BHR,2008,23299.4992780392,0.264810236570707,11.9210526315789
Bahrain,BHR,2009,19465.3140745038,0.337284356568349,11.7763157894737
Bahrain,BHR,2010,21819.3291098099,0.285542784290186,11.6141732283465
Bahrain,BHR,2011,25032.7867743333,0.279873967809159,11.3950456323338
Bahrain,BHR,2012,26438.6733230428,0.265180259339138,11.2207792207792
Bahrain,BHR,2013,26989.7601148469,0.264280047210277,11.0779220779221
Bahrain,BHR,2014,26451.7965647453,0.287965783699072,10.9338521400778
Bahrain,BHR,2015,23734.0551143019,0.301911232209971,10.694087403599
Bahrain,BHR,2016,23800.001440631,0.315996684624948,10.5519897304236
Bahrain,BHR,2017,24784.7693514607,0.27707464645461,10.3974358974359
Bahrain,BHR,2018,26324.4066549559,0.275112316804637,10.4113110539846
Bahrain,BHR,2019,27259.7438599327,0.268674381904261,10.3846153846154
Bahrain,BHR,2020,24342.8444554718,0.303155113748103,10.3184713375796
Bahrain,BHR,2021,27147.8083882286,0.268626041292218,10.253164556962
Bahrain,BHR,2022,30470.5219276023,0.246160469147506,10.253164556962
Bahrain,BHR,2023,29290.1284215098,0.251492806718451,10.125
Bangladesh,BGD,1961,90.3685786294248,57.9882359513306,72.827840516248
Bangladesh,BGD,1962,92.5894211769315,57.0185740229353,72.8047937312745
Bangladesh,BGD,1963,94.1423742967849,57.146668173399,72.827840516248
Bangladesh,BGD,1964,92.5782977938389,53.3568366475041,73.1351309825613
Bangladesh,BGD,1965,98.6041470420746,52.8186947728848,74.0339555965276
Bangladesh,BGD,1966,104.42205467886,53.9473705792359,74.1338249980794
Bangladesh,BGD,1967,114.209881696109,55.8524783666106,74.4795267726819
Bangladesh,BGD,1968,114.414967470375,53.555739970899,74.2797879695783
Bangladesh,BGD,1969,125.880311698198,55.4128189249571,74.3258815395252
Bangladesh,BGD,1970,130.218160844955,54.5614999911132,74.4948912959975
Bangladesh,BGD,1971,124.533963099152,51.0313112066753,74.4795267726819
Bangladesh,BGD,1972,87.773765191476,59.6099059973143,76.7534762234002
Bangladesh,BGD,1973,109.691726756912,56.6388529969867,76.7381117000845
Bangladesh,BGD,1974,164.986393602814,56.6365531249665,76.7381117000845
Bangladesh,BGD,1975,249.804254016022,61.9541391335466,76.853345624952
Bangladesh,BGD,1976,126.693044204437,51.9144569344659,76.807252055005
Bangladesh,BGD,1977,117.887771379224,48.898056925939,76.7534762234002
Bangladesh,BGD,1978,158.324255152285,54.2503083024678,76.7227471767688
Bangladesh,BGD,1979,181.130706703135,52.4520120556112,76.6920181301375
Bangladesh,BGD,1980,206.075714312155,32.8238918515406,76.7227471767688
Bangladesh,BGD,1981,224.241392391192,31.9515169185203,76.6766536068218
Bangladesh,BGD,1982,199.595944646851,31.4416963304952,76.6536068218484
Bangladesh,BGD,1983,184.70677287459,31.0460304619363,76.5460551586387
Bangladesh,BGD,1984,193.435020976238,34.6986320797597,77.2835522777906
Bangladesh,BGD,1985,222.22018039634,33.0067315667626,77.0300376430821
Bangladesh,BGD,1986,212.14899385306,32.3691528885324,77.1375893062918
Bangladesh,BGD,1987,231.499584520483,32.6639009291872,77.7060766689713
Bangladesh,BGD,1988,247.901465967332,31.3191777996177,80.102942306215
Bangladesh,BGD,1989,263.005720827547,30.5616428363458,80.2258584927403
Bangladesh,BGD,1990,283.053737055234,30.4898330963098,79.7879695782438
Bangladesh,BGD,1991,272.064948495878,31.6770232352381,79.2809403088269
Bangladesh,BGD,1992,273.465072520272,30.5175252361271,73.3579165706384
Bangladesh,BGD,1993,280.757274450366,27.3210858173117,72.5666436198817
Bangladesh,BGD,1994,280.603031791216,26.7255375508155,71.8906045939925
Bangladesh,BGD,1995,309.458680823367,27.3043698025967,72.0135207805178
Bangladesh,BGD,1996,371.917937677345,23.266208049769,71.6524544825997
Bangladesh,BGD,1997,379.284917709635,23.2461437492233,71.9443804255973
Bangladesh,BGD,1998,385.616881752796,22.5874157614312,72.4744564799877
Bangladesh,BGD,1999,388.095684268235,22.6584111161909,72.873934086195
Bangladesh,BGD,2000,396.670730249751,22.7181480755923,72.2132595836214
Bangladesh,BGD,2001,394.65641001891,21.8483405815259,72.2363063685949
Bangladesh,BGD,2002,393.886422327628,20.5841344226366,71.8521932857033
Bangladesh,BGD,2003,426.74880754362,19.8127182977042,71.6601367442575
Bangladesh,BGD,2004,455.614016909798,19.2669595662859,71.6217254359684
Bangladesh,BGD,2005,480.08585075452,18.5710395455964,71.5295382960744
Bangladesh,BGD,2006,490.388026533289,18.0340165108542,71.2913881846816
Bangladesh,BGD,2007,537.955492792911,17.8065367823955,71.1838365214719
Bangladesh,BGD,2008,613.06204104124,17.5956955421992,71.0839671199201
Bangladesh,BGD,2009,679.211477428056,17.1046290519632,71.0301912883153
Bangladesh,BGD,2010,757.385280361508,17.0011812592919,70.9917799800261
Bangladesh,BGD,2011,837.336944695647,16.8099867573503,70.1236844126911
Bangladesh,BGD,2012,859.680536375497,16.1775631732753,70.0622263194284
Bangladesh,BGD,2013,958.262989798283,15.4932779975908,69.9700391795345
Bangladesh,BGD,2014,1094.46199702838,15.3516208986344,69.900898824614
Bangladesh,BGD,2015,1224.38647668165,14.7829964369364,70.3867250518553
Bangladesh,BGD,2016,1649.28380858601,13.4647923176039,70.6323269570562
Bangladesh,BGD,2017,1811.08221668646,12.9572760433733,70.5794729968503
Bangladesh,BGD,2018,1965.24372731467,12.4800771856196,70.694476453868
Bangladesh,BGD,2019,2129.79896954606,11.9753231358984,72.1902127986479
Bangladesh,BGD,2020,2248.85078828233,11.9996868602485,72.4437274333564
Bangladesh,BGD,2021,2482.84917843357,11.6328584271282,72.3515402934624
Bangladesh,BGD,2022,2716.48592780431,11.2176010351595,72.3706433287272
Bangladesh,BGD,2023,2551.01773827307,11.0036900209598,72.311124788429
Barbados,BRB,1975,1601.18883256516,11.5066817159646,44.1860465116279
Barbados,BRB,1976,1733.64540764741,8.79219763726432,44.1860465116279
Barbados,BRB,1977,1967.59344395667,9.22992223937711,44.1860465116279
Barbados,BRB,1978,2197.89906243719,8.24629164174944,44.1860465116279
Barbados,BRB,1979,2667.90751006045,8.14358822220574,44.1860465116279
Barbados,BRB,1980,4024.58856621204,7.475442043222,44.1860465116279
Barbados,BRB,1981,4416.71519879857,5.75100401606426,44.1860465116279
Barbados,BRB,1982,4598.7626399513,5.21144809910295,44.1860465116279
Barbados,BRB,1983,4866.35999061756,5.45454545454545,44.1860465116279
Barbados,BRB,1984,5283.57944099441,5.13842746400886,44.1860465116279
Barbados,BRB,1985,5509.8746029115,4.86772486772487,44.1860465116279
Barbados,BRB,1986,6031.35860779383,4.70285897847735,44.1860465116279
Barbados,BRB,1987,6624.59939505809,5.00583430571762,44.1860465116279
Barbados,BRB,1988,7032.65370811416,4.74218321448162,44.1860465116279
Barbados,BRB,1989,7772.55022803365,3.72242874845105,44.1860465116279
Barbados,BRB,1990,7781.40573306125,3.4445268099827,44.1860465116279
Barbados,BRB,1991,7790.26229439159,3.45718503937008,44.1860465116279
Barbados,BRB,1992,7519.20143544898,3.43638221768012,44.1860465116279
Barbados,BRB,1993,7904.70762426389,3.21927710843374,44.1860465116279
Barbados,BRB,1994,8223.16681181719,2.44048994684539,44.1860465116279
Barbados,BRB,1995,8460.47380869104,3.20251177394035,44.1860465116279
Barbados,BRB,1996,9011.77884838722,3.33403449726546,44.1860465116279
Barbados,BRB,1997,9521.57127377123,2.6726368159204,44.1860465116279
Barbados,BRB,1998,10734.3637242884,1.99435227673844,44.1860465116279
Barbados,BRB,1999,11244.3087668392,2.33451237998989,41.8604651162791
Barbados,BRB,2000,11674.6736471764,1.99542408890342,41.8604651162791
Barbados,BRB,2001,11639.5160522054,2.11818628253397,41.8604651162791
Barbados,BRB,2002,11760.4524736133,1.8895863511991,39.5348837209302
Barbados,BRB,2003,12075.9587020649,1.9785013241938,39.5348837209302
Barbados,BRB,2004,12886.3665272467,1.64319930323704,37.2093023255814
Barbados,BRB,2005,14214.4202213572,1.58659510407121,37.2093023255814
Barbados,BRB,2006,15619.6005955511,1.45016267901105,37.2093023255814
Barbados,BRB,2007,17235.4396434785,1.34702257839806,37.2093023255814
Barbados,BRB,2008,17565.6929970592,1.29586496388702,37.2093023255814
Barbados,BRB,2009,16294.9099491834,1.43755847574072,37.2093023255814
Barbados,BRB,2010,19723.2381931602,1.67748044611002,34.8837209302326
Barbados,BRB,2011,20146.2381264508,1.58993660808425,32.5581395348837
Barbados,BRB,2012,19811.2953079751,1.73171496111228,30.2325581395349
Barbados,BRB,2013,20384.4910233555,1.82045606338746,29.0697674418605
Barbados,BRB,2014,20423.7177921163,1.73293958856979,27.906976744186
Barbados,BRB,2015,20429.4747123553,1.63003084162211,25.5813953488372
Barbados,BRB,2016,20311.4094163764,1.69589629439235,23.2558139534884
Barbados,BRB,2017,20870.7596432179,1.75316076515342,23.2558139534884
Barbados,BRB,2018,21378.2201267496,2.16849354932179,23.2558139534884
Barbados,BRB,2019,21929.435611489,2.25994788015679,23.2558139534884
Barbados,BRB,2020,19180.9915228365,3.09376013250699,23.2558139534884
Barbados,BRB,2021,21084.4013935998,1.98021547040137,23.2558139534884
Barbados,BRB,2022,24393.2193483944,1.44818197319859,23.2558139534884
Barbados,BRB,2023,25583.8722302505,1.6524151949563,23.2558139534884
Belarus,BLR,1992,1658.08641281239,22.8260869565217,46.2774974375148
Belarus,BLR,1993,1589.51011343649,17.1573604060914,46.1033456223015
Belarus,BLR,1994,1460.00791360458,13.589613893104,46.0670945100011
Belarus,BLR,1995,1370.69991385664,15.766496709307,46.0348601060788
Belarus,BLR,1996,1427.26896385327,15.098598303786,46.0084592859889
Belarus,BLR,1997,1396.44201900881,13.4179320121037,45.8751324837938
Belarus,BLR,1998,1511.32531567314,12.0617636126188,45.8859433315749
Belarus,BLR,1999,1210.6117195862,12.7005575559539,45.7564029876501
Belarus,BLR,2000,1276.2880341,12.0968271694147,45.6105063890204
Belarus,BLR,2001,1244.37318523431,10.3504297393613,45.0000985979373
Belarus,BLR,2002,1479.38066337175,10.1284322239778,44.4956096021772
Belarus,BLR,2003,1819.52653114699,8.63562770752199,44.3039846962421
Belarus,BLR,2004,2378.33700470129,8.85025144123636,44.1634001429875
Belarus,BLR,2005,3126.07176665248,8.51859080856531,44.1200396385204
Belarus,BLR,2006,3848.22350300163,8.57872759155765,44.1489571422939
Belarus,BLR,2007,4735.48107556066,8.30316995882275,43.9426124070359
Belarus,BLR,2008,6376.17569162063,8.66625369440669,43.9473243240579
Belarus,BLR,2009,5352.48809190697,8.13089893610657,43.9974765645792
Belarus,BLR,2010,6034.67885177216,8.89193022882009,43.8536830588166
Belarus,BLR,2011,6527.6593428786,8.00188774430829,43.7386033216697
Belarus,BLR,2012,6953.21591683101,8.13094268308472,43.3516182928452
Belarus,BLR,2013,7998.0802045456,6.80909244753712,42.9317720346167
Belarus,BLR,2014,8341.31809294883,7.30305697730942,42.4879171121282
Belarus,BLR,2015,5967.05595058777,6.2832075832437,42.242016376159
Belarus,BLR,2016,5039.77560949445,6.89528062433517,42.0354897826473
Belarus,BLR,2017,5785.54491935194,7.56580253848292,41.8448381185095
Belarus,BLR,2018,6360.037502312,6.59010772590188,41.6444969947778
Belarus,BLR,2019,6837.77339645635,6.79466882799274,41.3223954869066
Belarus,BLR,2020,6542.85579976768,7.07723976895662,40.7971228692482
Belarus,BLR,2021,7489.71894713888,6.70661864890688,40.2759300320276
Belarus,BLR,2022,7994.64806074889,8.04181871674039,39.8738854130745
Belarus,BLR,2023,7896.75388295584,7.2485995714987,39.5796692333841
Belgium,BEL,2000,23098.8865077401,1.17600527973714,45.8114924339828
Belgium,BEL,2001,23015.0712632462,1.10935029767163,45.7191837272937
Belgium,BEL,2002,25006.191397109,1.03313414275776,45.7950087363597
Belgium,BEL,2003,30655.2092679024,1.0294445025288,45.8972076616227
Belgium,BEL,2004,35429.4077933344,1.02291054131515,45.8675370059012
Belgium,BEL,2005,36809.7013403619,0.840639973990251,45.5939076253585
Belgium,BEL,2006,38705.1067959147,0.907269380581052,45.4950054396202
Belgium,BEL,2007,44319.165448813,0.887523940039387,45.0631325618963
Belgium,BEL,2008,48303.397956286,0.712338067185966,45.0103847295025
Belgium,BEL,2009,44923.3400135081,0.718679660856589,44.9543401575841
Belgium,BEL,2010,44197.393671162,0.847918635049212,44.6938977351399
Belgium,BEL,2011,47760.8298776546,0.726239843441003,44.0345498302179
Belgium,BEL,2012,44874.1709182123,0.84457469539348,43.9125704678073
Belgium,BEL,2013,46964.5946777056,0.764565477908541,44.0609237464148
Belgium,BEL,2014,47995.7786961339,0.716518219283319,43.8894932911351
Belgium,BEL,2015,40893.804537772,0.750617272066574,43.7807008868229
Belgium,BEL,2016,41854.5498296444,0.673190543684684,44.5323574984341
Belgium,BEL,2017,44035.3239358548,0.729532583142538,43.7477334915768
Belgium,BEL,2018,47487.2100392561,0.664625571120094,44.403633620831
Belgium,BEL,2019,46716.6227467964,0.718789583537128,44.4677641503247
Belgium,BEL,2020,45906.2875805246,0.712818023641571,44.7500918213419
Belgium,BEL,2021,51658.238294958,0.654899384879513,44.7848757132551
Belgium,BEL,2022,50639.0264882739,0.670989189183415,44.5661441595068
Belgium,BEL,2023,55244.68145811,0.775221747679926,44.3792221420607
Belize,BLZ,1978,982.604370174389,28.980190755686,4.07715914072775
Belize,BLZ,1979,1071.443696269,28.0632411067194,4.12099956159579
Belize,BLZ,1980,1774.4136989701,18.026418026418,4.20868040333187
Belize,BLZ,1981,1752.51703789335,17.0469798657718,4.25252082419991
Belize,BLZ,1982,1629.32322940976,14.2426071213036,4.25252082419991
Belize,BLZ,1983,1677.25548155115,13.7898149914171,4.25252082419991
Belize,BLZ,1984,1814.18859813551,13.3459617702773,4.25252082419991
Belize,BLZ,1985,1754.01108696183,13.0351548903585,4.42788250767207
Belize,BLZ,1986,1859.10214020555,13.2905296950241,4.51556334940815
Belize,BLZ,1987,2165.89431416265,14.6995419024522,4.91012713722052
Belize,BLZ,1988,2405.81116565818,14.0348795823941,5.04164839982464
Belize,BLZ,1989,2741.93638439592,13.3272245978416,5.26085050416484
Belize,BLZ,1990,2986.46962075029,13.3900173668854,5.52389302937308
Belize,BLZ,1991,3190.13098802395,12.2399180401088,5.69925471284524
Belize,BLZ,1992,3642.9480634402,11.8424000075315,5.96229723805348
Belize,BLZ,1993,3859.6584437307,11.1918608998556,6.26918018412977
Belize,BLZ,1994,3876.69327011457,11.4077954182095,6.26918018412977
Belize,BLZ,1995,4009.82752539849,11.9836022967535,6.40070144673389
Belize,BLZ,1996,4043.26517997242,11.8187026799073,6.44454186760193
Belize,BLZ,1997,4014.40380600241,11.3277559737846,6.48838228846997
Belize,BLZ,1998,4125.92539958166,10.6424486597556,6.48838228846997
Belize,BLZ,1999,4289.5277590653,11.0647700357618,6.57606313020605
Belize,BLZ,2000,4726.50675459616,10.6436380611457,6.53222270933801
Belize,BLZ,2001,4718.77715104739,9.5094118174543,6.53222270933801
Belize,BLZ,2002,4858.86062599362,9.17879604108667,6.66374397194213
Belize,BLZ,2003,4959.74012434605,10.4615047120065,6.66374397194213
Belize,BLZ,2004,5153.71308265363,10.3458143896381,6.66374397194213
Belize,BLZ,2005,5270.41479135312,9.74017200317114,6.66374397194213
Belize,BLZ,2006,5524.78167834986,9.51992221636579,6.66374397194213
Belize,BLZ,2007,5762.21023302938,8.69270778065837,6.66374397194213
Belize,BLZ,2008,5711.81458859709,8.33436394275924,6.66374397194213
Belize,BLZ,2009,5399.67100001919,8.54570263168925,6.79526523454625
Belize,BLZ,2010,5461.40735999001,8.74676184244561,6.88294607628233
Belize,BLZ,2011,5596.05222152289,8.86425886505326,6.88294607628233
Belize,BLZ,2012,5732.66519942347,10.3744672571643,7.01446733888645
Belize,BLZ,2013,5957.34953619006,10.079376070492,7.01446733888645
Belize,BLZ,2014,6128.12053089077,10.1795484159839,7.01446733888645
Belize,BLZ,2015,6154.62264230369,9.6138851978219,7.45287154756686
Belize,BLZ,2016,6140.86713919469,7.70348583128466,7.45287154756686
Belize,BLZ,2017,6071.85451846453,8.56166290071626,7.54055238930294
Belize,BLZ,2018,6011.99036888587,7.16456851710216,7.54055238930294
Belize,BLZ,2019,6171.61449761423,6.5560913222365,7.62823323103902
Belize,BLZ,2020,5238.54078175696,8.3571697847969,7.89127575624726
Belize,BLZ,2021,6142.98930557031,7.89550385123154,7.97895659798334
Belize,BLZ,2022,7068.21728043145,7.74858121747759,7.97895659798334
Belize,BLZ,2023,7424.75821321022,8.13711634166406,7.97895659798334
Benin,BEN,1961,92.085848129765,46.1937857251441,12.5448740688187
Benin,BEN,1962,90.7738610077473,44.7092726752393,12.7274742816602
Benin,BEN,1963,95.7167369761973,43.7183697135422,12.9097641007449
Benin,BEN,1964,99.7850246017255,45.5281522642709,13.069927279177
Benin,BEN,1965,105.117986938927,44.6194250281919,13.265031926215
Benin,BEN,1966,107.637211853532,45.1478198273001,13.5310393756651
Benin,BEN,1967,106.58624185995,42.0810132043619,13.9194749911316
Benin,BEN,1968,111.211494175445,38.8680689997636,14.1926214969847
Benin,BEN,1969,110.314794748212,38.4966628316752,14.9434639943242
Benin,BEN,1970,108.848779482547,36.3278523843779,15.1354469670096
Benin,BEN,1971,106.889292742067,34.357736013712,15.5695725434551
Benin,BEN,1972,127.927157014331,34.2310223417357,15.8452908832919
Benin,BEN,1973,153.609468135703,33.6239203142795,16.0137903511884
Benin,BEN,1974,164.946594142916,31.5336957738479,16.2532369634622
Benin,BEN,1975,196.455786019338,30.5386665532365,16.6088151826889
Benin,BEN,1976,197.726361142541,33.1965062561477,16.8438275984392
Benin,BEN,1977,207.012962247396,31.8550853762966,17.1386661936857
Benin,BEN,1978,249.802926180538,34.5421439063843,17.3262681802057
Benin,BEN,1979,310.651387084352,34.9928860436256,17.5
Benin,BEN,1980,358.003054209903,35.4326884671216,17.7749201844626
Benin,BEN,1981,319.718185970269,32.664652346085,18.0454061724016
Benin,BEN,1982,305.0040635075,32.5011996849539,18.4045760908123
Benin,BEN,1983,255.983601560726,33.1576442965202,18.3912291592763
Benin,BEN,1984,238.574457355381,33.3115605274576,18.5597286271728
Benin,BEN,1985,230.434117218913,31.5455488860391,18.8529177013125
Benin,BEN,1986,285.771551064424,33.6710590159502,19.3861298332742
Benin,BEN,1987,324.253765166191,33.2799507625574,19.474813763746
Benin,BEN,1988,326.179757700303,34.3800931861193,19.5650940049663
Benin,BEN,1989,293.321949550953,37.8568847933107,19.559772969138
Benin,BEN,1990,371.101604332357,34.6549453638938,20.0540617240156
Benin,BEN,1991,364.689296016645,35.0437734981583,20.1162735012416
Benin,BEN,1992,301.77329696287,33.9419041358772,20.3100922312877
Benin,BEN,1993,387.310054813122,34.1194607988571,20.6264455480667
Benin,BEN,1994,262.129807445074,32.2939945673508,21.169359702022
Benin,BEN,1995,348.435238914394,33.0901595921974,22.3005764455481
Benin,BEN,1996,369.394384135736,35.7053003917894,23.9875399077687
Benin,BEN,1997,344.550491498963,35.7819301606788,25.6284941468606
Benin,BEN,1998,361.601983057505,36.5766497896743,26.9671869457254
Benin,BEN,1999,525.130597245974,24.5343349115333,27.5451933309684
Benin,BEN,2000,487.424141384242,23.5412339925262,28.3068109258602
Benin,BEN,2001,492.401499509072,25.0481627427766,28.9067843206811
Benin,BEN,2002,546.463829658159,25.38272927764,29.8628857750976
Benin,BEN,2003,676.002878084282,24.4539837351198,30.7821656615821
Benin,BEN,2004,758.695803786371,26.5208492800284,30.6779443064917
Benin,BEN,2005,779.437777753268,26.6894285026991,30.8048244058177
Benin,BEN,2006,809.147072506221,26.631803428758,29.6144554806669
Benin,BEN,2007,912.338247188342,26.9710869666408,29.9672224192976
Benin,BEN,2008,1060.60254502099,26.8261561852139,31.7833628946435
Benin,BEN,2009,1024.10277858112,26.9789553760994,33.170672224193
Benin,BEN,2010,973.244254931526,25.8411354962681,30.9253636041149
Benin,BEN,2011,1059.41358852588,25.7970008253273,32.0979514012061
Benin,BEN,2012,1071.5258366283,25.7689758312295,33.3912380276694
Benin,BEN,2013,1168.92699279226,25.2754046390823,35.3010287335935
Benin,BEN,2014,1204.39918670094,25.6184529738008,35.4549663001064
Benin,BEN,2015,1002.41886879614,26.3920850925037,36.122942532813
Benin,BEN,2016,1010.5338961993,27.7536354980493,34.3804984036893
Benin,BEN,2017,1054.97408066814,28.4890165273264,36.3017018446258
Benin,BEN,2018,1151.7409703472,28.0647739127077,39.5602039730401
Benin,BEN,2019,1130.82135339795,26.8758016258337,41.071385242994
Benin,BEN,2020,1200.19426557789,27.1091750361118,39.3140173820504
Benin,BEN,2021,1318.65158075198,28.5289506098592,41.002345689961
Benin,BEN,2022,1266.42711031904,26.8966787968124,43.0623652004257
Benin,BEN,2023,1394.17784721831,25.4019723667563,41.8300133025896
Bermuda,BMU,1996,45063.6149332085,0.79999925799235,7.40740740740741
Bermuda,BMU,1997,48736.6768034299,0.799999454451286,7.40740740740741
Bermuda,BMU,1998,51629.2814855126,0.699998850115052,7.40740740740741
Bermuda,BMU,1999,54388.3417315621,0.699999067510159,7.40740740740741
Bermuda,BMU,2000,56542.9569455727,0.668952155022428,7.40740740740741
Bermuda,BMU,2001,59490.2452034202,0.692327610262023,7.40740740740741
Bermuda,BMU,2002,63358.5658652763,0.795458124345352,7.40740740740741
Bermuda,BMU,2003,67106.8028083224,0.821851057858248,7.40740740740741
Bermuda,BMU,2004,71692.1589001679,0.844158464897229,7.40740740740741
Bermuda,BMU,2005,77628.103522508,0.80164153178958,7.40740740740741
Bermuda,BMU,2010,104111.824244802,0.286094289177554,5.55555555555556
Bermuda,BMU,2011,99049.0169927667,0.312941026259641,5.55555555555556
Bermuda,BMU,2012,100213.493385287,0.281396534564362,5.55555555555556
Bermuda,BMU,2013,101704.40746217,0.328283343819346,5.55555555555556
Bermuda,BMU,2014,100961.576602811,0.211116703055883,5.55555555555556
Bermuda,BMU,2015,104855.366822135,0.227889496811275,5.55555555555556
Bermuda,BMU,2016,108747.356144305,0.307018452846711,5.55555555555556
Bermuda,BMU,2017,112339.425587467,0.274700811333467,5.55555555555556
Bermuda,BMU,2018,113204.82210838,0.234985525140753,5.55555555555556
Bermuda,BMU,2019,115798.040775578,0.220961505173123,5.55555555555556
Bermuda,BMU,2020,106976.546239632,0.255496878050877,5.55555555555556
Bermuda,BMU,2021,112765.08167306,0.29106848154543,5.55555555555556
Bermuda,BMU,2022,119969.173269085,0.218128900998007,5.55555555555556
Bermuda,BMU,2023,132961.760796315,0.191993824950362,5.55555555555556
Bhutan,BTN,1980,296.880510831581,39.8293528879095,8.83932966633136
Bhutan,BTN,1981,310.77041169131,37.6180727957566,8.83932966633136
Bhutan,BTN,1982,305.824658960335,38.3384672194591,8.94634334267919
Bhutan,BTN,1983,328.204016909505,38.1090258130749,9.203176165914
Bhutan,BTN,1984,325.545257021725,38.4688632785655,9.50281445968795
Bhutan,BTN,1985,321.186830951891,39.486201203797,9.50281445968795
Bhutan,BTN,1986,364.694569557154,38.2865756201552,9.50281445968795
Bhutan,BTN,1987,449.060443850487,33.0118733747324,9.95227190034887
Bhutan,BTN,1988,488.877757351253,34.8471863123546,9.84525822400103
Bhutan,BTN,1989,461.654618792732,32.4139580836633,9.67403634184449
Bhutan,BTN,1990,488.327431477129,31.6107341048256,9.71684181238362
Bhutan,BTN,1991,400.634705187075,30.1666915925111,10.786978575862
Bhutan,BTN,1992,415.791522568451,30.4929952537847,10.786978575862
Bhutan,BTN,1993,407.39984249657,28.5904625577109,10.8083813111316
Bhutan,BTN,1994,467.008312125283,30.3900623434788,12.7889447236181
Bhutan,BTN,1995,530.103676927417,27.8478298867802,14.1959798994975
Bhutan,BTN,1996,552.873891403681,27.1774271052571,14.321608040201
Bhutan,BTN,1997,630.447410148304,27.2914789766781,14.3718592964824
Bhutan,BTN,1998,638.278962310609,25.8386775141367,14.3718592964824
Bhutan,BTN,1999,685.419830628567,24.1399748469604,14.3718592964824
Bhutan,BTN,2000,771.924911410619,21.6206028723141,14.5226130653266
Bhutan,BTN,2001,812.238210772056,20.8835885609201,14.5477386934673
Bhutan,BTN,2002,895.799489930972,20.8199814492499,14.572864321608
Bhutan,BTN,2003,1022.38240311018,19.7868423892498,14.6482412060302
Bhutan,BTN,2004,1130.35934606796,19.3785149554207,15.3212477372301
Bhutan,BTN,2005,1299.94938578359,18.0339346830792,15.5573628564682
Bhutan,BTN,2006,1405.6071618158,17.3412992346729,15.1376026444893
Bhutan,BTN,2007,1850.41570433398,14.9062410213406,14.7703124590078
Bhutan,BTN,2008,1919.59774896395,14.4876928759977,13.6763124065378
Bhutan,BTN,2009,1918.39599211093,14.005454995288,13.6422068893145
Bhutan,BTN,2010,2435.5798056672,12.4128589573486,13.6422068893145
Bhutan,BTN,2011,2787.97967608562,11.7996340560809,13.631712884015
Bhutan,BTN,2012,2751.2128864294,11.5729895457402,13.631712884015
Bhutan,BTN,2013,2679.95217201538,11.8526302443834,13.631712884015
Bhutan,BTN,2014,2849.49998647303,12.0637822394106,13.7891229635071
Bhutan,BTN,2015,2954.04081911097,11.9950705393551,13.7891229635071
Bhutan,BTN,2016,3152.30905106786,12.0023717482714,13.6063338926174
Bhutan,BTN,2017,3435.28804735662,12.9297924115136,13.4490352348993
Bhutan,BTN,2018,3400.20417245342,13.5509200361014,13.4504457262716
Bhutan,BTN,2019,3576.87987100503,12.9339527848851,13.4504457262716
Bhutan,BTN,2020,3191.66906999331,15.703075564462,13.5422128998427
Bhutan,BTN,2021,3570.61257980872,15.7947840049801,13.6339800734137
Bhutan,BTN,2022,3711.32767981591,14.6710119560904,13.7257472469848
Bhutan,BTN,2023,3831.32535564326,14.9931086909036,13.8175144205558
Bolivia,BOL,1970,221.568878282044,19.508359543122,27.9673220714484
Bolivia,BOL,1971,233.392218893062,19.8448063921328,28.3707190990492
Bolivia,BOL,1972,261.949887081198,19.2523923444976,28.8655035539555
Bolivia,BOL,1973,257.213253175457,20.1210826210826,28.9005815563556
Bolivia,BOL,1974,418.170299516169,21.2463712939609,29.3944429059356
Bolivia,BOL,1975,468.064116140902,20.8445903819776,29.8901504661682
Bolivia,BOL,1976,519.734821066353,20.6138986957397,29.9233822579156
Bolivia,BOL,1977,599.9882290041,20.177761261052,30.4190898181482
Bolivia,BOL,1978,682.801036523933,18.4955187362038,30.4523216098957
Bolivia,BOL,1979,785.198889713429,18.0501053098326,30.947106064802
Bolivia,BOL,1980,787.907344889279,16.948741225429,30.9812609618758
Bolivia,BOL,1981,1000.59266819668,17.2792845177278,31.4769685221084
Bolivia,BOL,1982,929.552105072211,16.0862105042896,31.5111234191821
Bolivia,BOL,1983,881.867606330418,19.4581425898651,31.5452783162559
Bolivia,BOL,1984,982.109656770748,21.5458321339619,32.0474476137727
Bolivia,BOL,1985,838.080035867133,19.0156279822215,32.0197544539832
Bolivia,BOL,1986,604.257233504238,16.9331807919147,32.4960768023631
Bolivia,BOL,1987,649.708769442851,16.2961456362267,32.5182313301948
Bolivia,BOL,1988,672.607268146683,15.735381118996,32.5394627527001
Bolivia,BOL,1989,675.469993900788,15.2631401377697,32.74254592449
Bolivia,BOL,1990,682.67681029538,15.3535992693103,32.7286993445952
Bolivia,BOL,1991,733.935487602519,15.5420957531421,33.0434782608696
Bolivia,BOL,1992,759.57113496365,14.4042043052046,33.0757869472907
Bolivia,BOL,1993,756.637016048451,14.6479622916899,33.4284131819441
Bolivia,BOL,1994,774.035669644318,15.2442867266742,33.5558017169759
Bolivia,BOL,1995,852.754034861444,14.8592991083324,33.785654943229
Bolivia,BOL,1996,922.113259069714,14.1846793837749,33.8631957906397
Bolivia,BOL,1997,970.351843368594,14.9182592343414,34.0385858026401
Bolivia,BOL,1998,1022.14506519545,12.6254313762121,34.1382811778824
Bolivia,BOL,1999,979.344494964572,13.2579915795139,34.218591341272
Bolivia,BOL,2000,975.777060358751,12.9658118842238,34.2869011354195
Bolivia,BOL,2001,930.168227214313,13.2556536661742,34.2989015046617
Bolivia,BOL,2002,888.221328974352,12.955118631021,34.4419828302409
Bolivia,BOL,2003,893.013760211149,13.4272369562791,33.829040893566
Bolivia,BOL,2004,953.191893246277,13.3223836388477,33.8013477337764
Bolivia,BOL,2005,1020.12326200737,11.7927215329112,34.119819071356
Bolivia,BOL,2006,1202.71150446327,10.9375480546288,34.2857729160897
Bolivia,BOL,2007,1354.54905949929,10.011155665672,34.415725653097
Bolivia,BOL,2008,1692.67248455876,10.4424041155226,34.534601033878
Bolivia,BOL,2009,1731.18172112209,11.1524074497311,34.6534765069694
Bolivia,BOL,2010,1929.78373077158,10.3899057010594,34.7723519800609
Bolivia,BOL,2011,2315.52121930607,9.7695858816954,34.8967660851103
Bolivia,BOL,2012,2575.59857098084,9.8121619148328,35.0257956244808
Bolivia,BOL,2013,2870.02377000756,9.9669794768463,35.1557483614881
Bolivia,BOL,2014,3041.43503162408,9.74021753770169,35.2829317825164
Bolivia,BOL,2015,2996.01289811344,10.2394941144455,35.2820086771901
Bolivia,BOL,2016,3035.87347732132,11.1718754150532,35.1546201421582
Bolivia,BOL,2017,4048.40119739839,7.67713722474752,35.0226160804948
Bolivia,BOL,2018,4206.8552936661,7.45035399971013,35.2631302501615
Bolivia,BOL,2019,4203.15492855788,7.63288264501605,35.5444151204652
Bolivia,BOL,2020,3580.96761778303,9.12405586834666,35.5645909720299
Bolivia,BOL,2021,4010.76053686204,8.81001912255763,35.6827879627065
Bolivia,BOL,2022,4219.46113742445,8.66028481306177,35.8307014677375
Bolivia,BOL,2023,4274.70820547613,9.31098009756551,35.8307014677375
Bosnia and Herzegovina,BIH,1994,337.090896023259,35.8533228470311,42.578125
Bosnia and Herzegovina,BIH,1995,502.365980975339,20.6999985084032,42.48046875
Bosnia and Herzegovina,BIH,1996,718.933797141505,20.7000003100819,42.3828125
Bosnia and Herzegovina,BIH,1997,913.813399054859,17.5180457264676,42.28515625
Bosnia and Herzegovina,BIH,1998,1006.70479669823,15.9604100187793,42.1875
Bosnia and Herzegovina,BIH,1999,1134.60298042083,13.2629920286002,41.11328125
Bosnia and Herzegovina,BIH,2000,1338.48059636261,9.00146376331907,41.6015625
Bosnia and Herzegovina,BIH,2001,1387.89362942121,9.12058070196707,41.5234375
Bosnia and Herzegovina,BIH,2002,1606.5467454132,8.8735063619681,41.46484375
Bosnia and Herzegovina,BIH,2003,2033.94700935864,8.10502114135478,42.36328125
Bosnia and Herzegovina,BIH,2004,2452.6860917386,8.58349407590767,42.37109375
Bosnia and Herzegovina,BIH,2005,2739.61076866057,8.29736825390212,42.12890625
Bosnia and Herzegovina,BIH,2006,3166.12865344833,8.05428927250657,42.16796875
Bosnia and Herzegovina,BIH,2007,3931.48948737505,7.70495340963332,41.97265625
Bosnia and Herzegovina,BIH,2008,4841.69311934649,7.20727201234942,41.6015625
Bosnia and Herzegovina,BIH,2009,4539.91863774968,7.07660163466849,41.5625
Bosnia and Herzegovina,BIH,2010,4506.47828548389,6.79676215913764,41.875
Bosnia and Herzegovina,BIH,2011,4982.69375768263,6.75774539555131,42.01171875
Bosnia and Herzegovina,BIH,2012,4693.78899115381,6.13767155368512,42.109375
Bosnia and Herzegovina,BIH,2013,5034.56634817068,6.84139087123356,42.20703125
Bosnia and Herzegovina,BIH,2014,5206.06573475132,5.951057525171,42.12890625
Bosnia and Herzegovina,BIH,2015,4662.25869219448,6.0375681759839,42.5
Bosnia and Herzegovina,BIH,2016,4928.5665903114,6.16559062107215,43.14453125
Bosnia and Herzegovina,BIH,2017,5345.01978766473,5.4310487956715,43.515625
Bosnia and Herzegovina,BIH,2018,6047.84707207392,5.71878250722931,43.18359375
Bosnia and Herzegovina,BIH,2019,6122.37541352353,5.45004156140876,43.28125
Bosnia and Herzegovina,BIH,2020,6130.31187968266,5.91443908988891,43.7890625
Bosnia and Herzegovina,BIH,2021,7295.34378682258,5.01931841754809,44.19921875
Bosnia and Herzegovina,BIH,2022,7655.59421024383,4.82624927062683,21.81640625
Bosnia and Herzegovina,BIH,2023,8663.02326458629,4.65322230628352,21.73828125
Botswana,BWA,1961,62.3224006926623,41.9258950555596,45.8772254865633
Botswana,BWA,1962,65.9864503023827,40.6760461448299,45.8772254865633
Botswana,BWA,1963,68.8864104749411,39.7267915996858,45.8772254865633
Botswana,BWA,1964,73.4925773235308,38.5722469572558,45.8772254865633
Botswana,BWA,1965,79.6790756588049,33.8414634146341,45.8789899952358
Botswana,BWA,1966,89.0615737768069,39.2953929539295,45.8789899952358
Botswana,BWA,1967,100.945124635152,41.2608948976801,45.8789899952358
Botswana,BWA,1968,113.445716733931,43.6842105263158,45.8789899952358
Botswana,BWA,1969,131.776574536345,38.7038703870387,45.8789899952358
Botswana,BWA,1970,163.031832252562,32.994923857868,45.8789899952358
Botswana,BWA,1971,212.244206736036,32.9845814977974,45.8789899952358
Botswana,BWA,1972,264.233716807813,33.0055074744296,45.8807545039084
Botswana,BWA,1973,374.189409146144,33.0776040129832,45.8807545039084
Botswana,BWA,1974,446.487855432073,31.7864871363308,45.8807545039084
Botswana,BWA,1975,493.029472690457,27.5461640967066,45.8807545039084
Botswana,BWA,1976,490.469570533565,24.6676970633694,45.8807545039084
Botswana,BWA,1977,564.831748249189,22.603550295858,45.8807545039084
Botswana,BWA,1978,695.219336897052,18.4374680437673,45.8807545039084
Botswana,BWA,1979,909.207133285411,14.4717150553726,45.8842835212535
Botswana,BWA,1980,1131.63379014463,12.7038990964769,45.8842835212535
Botswana,BWA,1981,1107.02810145663,12.3706176961603,45.8842835212535
Botswana,BWA,1982,1005.62456165727,10.2722357781924,45.8878125385986
Botswana,BWA,1983,1120.53239354023,7.97138079869347,45.8878125385986
Botswana,BWA,1984,1145.02903810762,6.893020080072,45.8878125385986
Botswana,BWA,1985,993.616748339174,5.92187463165091,45.8913415559437
Botswana,BWA,1986,1199.84677856226,5.28678971301922,45.8913415559437
Botswana,BWA,1987,1638.82669390133,6.24488558872556,45.8948705732889
Botswana,BWA,1988,2140.51439180359,5.63195334794657,45.8948705732889
Botswana,BWA,1989,2427.68261967121,4.69699286237336,45.9036931166517
Botswana,BWA,1990,2903.15381562611,4.52615085751558,45.914280168687
Botswana,BWA,1991,2938.59442659608,4.37689552426058,45.7025391279798
Botswana,BWA,1992,3004.61263362306,4.63278501125985,45.6143136943518
Botswana,BWA,1993,2929.43119022452,4.52119256312185,45.7907645616078
Botswana,BWA,1994,2917.25514197806,3.75614363423294,45.870167451873
Botswana,BWA,1995,3156.18194514079,4.63772094370987,45.781942018245
Botswana,BWA,1996,3156.26865681161,3.69099404898572,45.781942018245
Botswana,BWA,1997,3194.18106145858,3.54270561660428,45.7025391279798
Botswana,BWA,1998,2981.19639702109,3.16686425607587,45.5790235209006
Botswana,BWA,1999,3339.99596033431,2.99076549401847,45.5966686076262
Botswana,BWA,2000,3450.81180622992,2.79469978903454,45.7907645616078
Botswana,BWA,2001,3206.07123689853,2.59029062025391,45.5260882607238
Botswana,BWA,2002,3117.25087183011,2.4256159925616,45.605491150989
Botswana,BWA,2003,4230.12326909926,2.72238695522266,45.517265717361
Botswana,BWA,2004,4956.69287735214,2.25958534959102,45.5719654862104
Botswana,BWA,2005,5391.07076619634,1.82838052405033,45.5507913821396
Botswana,BWA,2006,5291.58379144849,1.73893509424301,45.5296172780689
Botswana,BWA,2007,5529.12574632532,1.92668435755015,45.4960916132903
Botswana,BWA,2008,5503.07395314313,2.14007027610337,45.6672489545286
Botswana,BWA,2009,5082.93388332404,2.37598419625963,45.7325357754133
Botswana,BWA,2010,6215.73216077919,2.0910409188325,45.6319587810774
Botswana,BWA,2011,7287.38295334919,2.11892300680962,45.7466518447938
Botswana,BWA,2012,6595.53845015424,2.3148110827158,45.677836006564
Botswana,BWA,2013,6666.91219583487,1.99354322327234,45.6690134632012
Botswana,BWA,2014,7122.36423421503,1.81959835253259,45.8842835212535
Botswana,BWA,2015,6141.20394726616,1.94776486758829,45.6330174862809
Botswana,BWA,2016,6749.05994339013,1.97588757367029,45.6330174862809
Botswana,BWA,2017,7104.96401088027,1.8419939490754,45.6330174862809
Botswana,BWA,2018,7407.95940141786,2.11731083204729,45.6330174862809
Botswana,BWA,2019,7172.08956480028,2.08342949351655,45.63372328975
Botswana,BWA,2020,6323.2974967659,2.20806905804054,45.63372328975
Botswana,BWA,2021,7807.88794570471,1.78859292903854,45.63372328975
Botswana,BWA,2022,8328.7090572666,1.57978982179367,45.63372328975
Botswana,BWA,2023,7827.30027960734,1.67651816572999,45.63372328975
Brazil,BRA,1961,231.564063269854,0.0,18.7791781425054
Brazil,BRA,1962,250.200572910273,0.0,19.2226978729717
Brazil,BRA,1963,294.169619376733,0.0,19.6662176034381
Brazil,BRA,1964,257.259726897671,0.0,20.1097373339044
Brazil,BRA,1965,268.028760553723,0.0,20.5532570643708
Brazil,BRA,1966,328.343791519407,0.0,20.9967767948371
Brazil,BRA,1967,351.472600370379,0.0,21.4402965253035
Brazil,BRA,1968,373.925432639683,0.0,21.8838162557698
Brazil,BRA,1969,399.49841913391,0.0,22.3273359862362
Brazil,BRA,1970,443.799484982738,0.0,22.7715735797677
Brazil,BRA,1971,500.001988983361,0.0,23.191044897549
Brazil,BRA,1972,583.492034946156,0.0,23.6105162153302
Brazil,BRA,1973,814.731780553415,0.0,24.0299875331114
Brazil,BRA,1974,1044.76980947499,0.0,24.4494588508927
Brazil,BRA,1975,1200.55823714607,0.0,24.8690498125181
Brazil,BRA,1976,1389.74952306555,0.0,25.4578171698488
Brazil,BRA,1977,1562.29143045708,0.0,26.0465845271795
Brazil,BRA,1978,1732.50012204556,0.0,26.6353518845102
Brazil,BRA,1979,1869.7133759549,0.0,27.2241192418409
Brazil,BRA,1980,1958.57159232662,0.0,27.819252608834
Brazil,BRA,1981,2079.70908377484,11.4508006149716,28.0461681666017
Brazil,BRA,1982,2137.6250359394,5.6490539026237,28.2731086102889
Brazil,BRA,1983,1461.25582714178,10.0561007922548,28.5000490539761
Brazil,BRA,1984,1419.73154606978,11.8573320632089,28.7269894976634
Brazil,BRA,1985,1556.1297180511,11.1453640115501,28.9536555980158
Brazil,BRA,1986,1854.03775211919,10.3636386654384,28.7838203236605
Brazil,BRA,1987,2006.00226235757,9.36152021128553,28.6139499936589
Brazil,BRA,1988,2140.65027561164,9.79723660427779,28.4440796636572
Brazil,BRA,1989,2818.99277980122,8.44158737716968,28.2742093336556
Brazil,BRA,1990,2581.14187449078,6.96343671917276,28.1043390036539
Brazil,BRA,1991,2257.6092968885,6.84138937730153,27.9344686736523
Brazil,BRA,1992,2127.31642731638,6.80608488408303,27.7645983436506
Brazil,BRA,1993,2348.88247685352,6.77810923883982,27.594728013649
Brazil,BRA,1994,3298.71250747787,8.72198937517673,27.4248576836473
Brazil,BRA,1995,4756.74840785403,5.01166646465693,27.2554659290225
Brazil,BRA,1996,5179.13052002464,4.76841121077967,27.2678729956665
Brazil,BRA,1997,5299.39630404412,4.68504702949228,27.2802800623105
Brazil,BRA,1998,5105.89099544117,4.7500447835131,27.2926871289545
Brazil,BRA,1999,3493.57162513699,4.64598154008681,27.3050941955985
Brazil,BRA,2000,3766.54811466032,4.75045997570861,27.3175012622426
Brazil,BRA,2001,3176.28935747524,4.80104301642181,27.3299083288866
Brazil,BRA,2002,2855.94018885769,5.47527489339298,27.3423153955306
Brazil,BRA,2003,3090.6070097455,6.1671843856504,27.3547224621746
Brazil,BRA,2004,3663.823188064,5.66531157603221,27.3671295288186
Brazil,BRA,2005,4827.78173074714,4.65116882283132,27.3795365954626
Brazil,BRA,2006,5934.14470924968,4.3700437788908,27.3925777744809
Brazil,BRA,2007,7409.69130673473,4.41691543634403,27.4788170573836
Brazil,BRA,2008,8908.33176538648,4.56785118025741,27.5650563402862
Brazil,BRA,2009,8678.6592244676,4.47677399209847,27.6512956231889
Brazil,BRA,2010,11403.2821278747,4.11575648779356,27.7375349060916
Brazil,BRA,2011,13396.6243562986,4.34203412783304,27.8237741889942
Brazil,BRA,2012,12521.7213519966,4.16832822439069,27.9100134718969
Brazil,BRA,2013,12458.8912138813,4.50688618256533,27.9962527547995
Brazil,BRA,2014,12274.9939689363,4.32561053879483,28.0824920377022
Brazil,BRA,2015,8936.19661712113,4.31914942964047,28.168707391836
Brazil,BRA,2016,8836.28652735657,4.89135358790863,28.2549706035075
Brazil,BRA,2017,10080.5092819305,4.60059169568986,28.3411141713348
Brazil,BRA,2018,9300.66164923219,4.4203993038464,28.338218790305
Brazil,BRA,2019,9029.83326681073,4.20501409463474,28.3353473380441
Brazil,BRA,2020,7074.19378337644,5.71148511499007,28.3324758857832
Brazil,BRA,2021,7972.5366498646,6.5587626121061,28.3296044335223
Brazil,BRA,2022,9281.33334441234,5.76747490819457,28.3267329812614
Brazil,BRA,2023,10377.5892792557,6.02306023526246,28.3267329812614
Brunei Darussalam,BRN,1974,15194.792305663,0.175712068215537,3.41555977229602
Brunei Darussalam,BRN,1975,15793.1312553958,0.200844809369056,3.41555977229602
Brunei Darussalam,BRN,1976,18671.3624129294,0.15583105911968,3.2258064516129
Brunei Darussalam,BRN,1977,21746.8559126458,0.136117368335717,2.84629981024668
Brunei Darussalam,BRN,1978,23446.5341231193,0.137555642355602,2.84629981024668
Brunei Darussalam,BRN,1979,33501.2782714145,0.0974242065043215,2.84629981024668
Brunei Darussalam,BRN,1980,58005.3424763282,0.0515711906104725,2.84629981024668
Brunei Darussalam,BRN,1981,48793.4422577232,0.0695446843321894,2.84629981024668
Brunei Darussalam,BRN,1982,45074.5499241983,0.111028527822795,2.65654648956357
Brunei Darussalam,BRN,1983,38720.0939254718,0.135781363678066,2.65654648956357
Brunei Darussalam,BRN,1984,36061.3815259405,0.138438734141999,2.46679316888046
Brunei Darussalam,BRN,1985,31827.4059557344,0.166982526805242,2.46679316888046
Brunei Darussalam,BRN,1986,18500.5408625966,0.342778524320279,2.46679316888046
Brunei Darussalam,BRN,1987,21029.7189772961,0.390456866642861,2.46679316888046
Brunei Darussalam,BRN,1988,18824.7637309359,0.524939407201023,2.46679316888046
Brunei Darussalam,BRN,1989,20090.0690184766,0.578052221118683,2.46679316888046
Brunei Darussalam,BRN,1990,23658.7166330381,0.574692028219198,2.46679316888046
Brunei Darussalam,BRN,1991,23932.1897281583,0.590984440114965,2.46679316888046
Brunei Darussalam,BRN,1992,23450.8964055243,0.645461650670348,2.46679316888046
Brunei Darussalam,BRN,1993,22397.0737447404,0.744869394720749,2.46679316888046
Brunei Darussalam,BRN,1994,22766.587177075,0.856251608686862,2.46679316888046
Brunei Darussalam,BRN,1995,26443.2564746713,0.725955289117546,2.27703984819734
Brunei Darussalam,BRN,1996,25692.2357348562,0.892474457082103,2.27703984819734
Brunei Darussalam,BRN,1997,25522.3975038009,0.943620597174824,2.27703984819734
Brunei Darussalam,BRN,1998,17769.2463451942,1.15034843728791,2.27703984819734
Brunei Darussalam,BRN,1999,19752.2013255542,1.08055722659612,2.27703984819734
Brunei Darussalam,BRN,2000,20130.2572346624,1.06879058453918,2.27703984819734
Brunei Darussalam,BRN,2001,18287.8272281914,1.18819267076199,2.46679316888046
Brunei Darussalam,BRN,2002,18621.2922577525,1.15449001142175,2.46679316888046
Brunei Darussalam,BRN,2003,20677.9001143188,1.2372583372265,2.46679316888046
Brunei Darussalam,BRN,2004,24423.0946995548,1.17049480864283,2.46679316888046
Brunei Darussalam,BRN,2005,29386.2703822862,0.974611267785546,2.46679316888046
Brunei Darussalam,BRN,2006,34674.7995236452,0.754742504053329,2.33396584440228
Brunei Darussalam,BRN,2007,36217.3290706015,0.726342513402553,2.35294117647059
Brunei Darussalam,BRN,2008,42156.5685838672,0.69216612734937,2.35294117647059
Brunei Darussalam,BRN,2009,30946.4673773828,0.979917546380161,2.5426944971537
Brunei Darussalam,BRN,2010,34937.5555357155,0.733349877488411,2.5426944971537
Brunei Darussalam,BRN,2011,46382.8274255349,0.572775314042004,2.5426944971537
Brunei Darussalam,BRN,2012,46968.5971164922,0.655156683935105,2.5426944971537
Brunei Darussalam,BRN,2013,44003.0644273461,0.684937439812632,2.5426944971537
Brunei Darussalam,BRN,2014,41026.5084247957,0.862827317122997,2.5426944971537
Brunei Darussalam,BRN,2015,30625.1287744656,1.10321250063154,2.5426944971537
Brunei Darussalam,BRN,2016,26663.2972950602,1.20365462606268,2.5426944971537
Brunei Darussalam,BRN,2017,28024.3824580252,1.08645090330462,2.5426944971537
Brunei Darussalam,BRN,2018,30988.1190267227,1.01764195887903,2.5426944971537
Brunei Darussalam,BRN,2019,30426.5730656528,0.986055130118515,2.5426944971537
Brunei Darussalam,BRN,2020,26834.3592233943,1.21750283610591,2.5426944971537
Brunei Darussalam,BRN,2021,31006.9636289785,1.25629022275081,2.5426944971537
Brunei Darussalam,BRN,2022,36632.9280952155,1.09616028876241,2.5426944971537
Brunei Darussalam,BRN,2023,32890.5491812019,1.17312222164113,2.5426944971537
Bulgaria,BGR,1980,2261.40777337626,14.4168057030184,55.8709210883124
Bulgaria,BGR,1981,2255.69919739254,16.62916608072,55.8528428093645
Bulgaria,BGR,1982,2220.77040858016,17.1779141104294,55.8799602277863
Bulgaria,BGR,1983,1897.05569911743,14.4787771436069,55.8347645304167
Bulgaria,BGR,1984,1943.03299680243,15.8102766798419,55.7895688330471
Bulgaria,BGR,1985,1959.95517315529,11.8691869186919,55.7624514146253
Bulgaria,BGR,1986,2261.7950288324,12.9204545454545,55.7353339962036
Bulgaria,BGR,1987,3168.83077926411,11.7952561974621,55.7353339962036
Bulgaria,BGR,1988,2561.16929364177,11.4613618974751,55.6991774383079
Bulgaria,BGR,1989,2449.74147116744,10.941438102298,55.7534122751514
Bulgaria,BGR,1990,2377.3707947508,17.7446460119791,55.6720600198861
Bulgaria,BGR,1991,883.739622070812,15.3908243128324,55.6901382988339
Bulgaria,BGR,1992,1007.34296439412,11.617735871111,55.6268643225165
Bulgaria,BGR,1993,1278.5223581096,9.93475856743687,55.3285727198771
Bulgaria,BGR,1994,1149.89347084177,11.4914725682027,55.6720600198861
Bulgaria,BGR,1995,2259.36679369328,9.21821841926527,55.7172557172557
Bulgaria,BGR,1996,1470.26721873691,9.59252986319892,55.7172557172557
Bulgaria,BGR,1997,1361.47904618155,20.4768427791748,56.0697821567387
Bulgaria,BGR,1998,1820.5415264678,13.4115654447131,51.0259423302901
Bulgaria,BGR,1999,1660.9935924411,12.9586212325784,51.3332730724035
Bulgaria,BGR,2000,1621.3452487867,10.9704746688549,50.4564765434331
Bulgaria,BGR,2001,1770.99748249575,10.6032534631014,49.6971888276236
Bulgaria,BGR,2002,2093.08967660564,9.71056751991239,48.9430147058824
Bulgaria,BGR,2003,2719.63335037372,9.09563006141251,48.9657074561
Bulgaria,BGR,2004,3389.86047992391,8.45218622885426,49.006987863185
Bulgaria,BGR,2005,3900.02501966492,7.28368203189987,48.4628129602356
Bulgaria,BGR,2006,4523.37797301782,6.09628560605444,47.7768572217619
Bulgaria,BGR,2007,5888.87094585161,4.65178408309384,47.1043182027438
Bulgaria,BGR,2008,7271.67443724077,5.86962646103548,46.9662093729859
Bulgaria,BGR,2009,6988.63048446496,4.23578648782646,46.3338246131172
Bulgaria,BGR,2010,6854.2987837778,4.03250004576982,46.5364775239499
Bulgaria,BGR,2011,7849.98219737366,4.66136930031581,46.8680913780398
Bulgaria,BGR,2012,7432.33753378983,4.43013962620169,47.1904937361828
Bulgaria,BGR,2013,7796.37945241455,4.51541815914857,46.0114222549742
Bulgaria,BGR,2014,8070.01289303544,4.55871742933618,45.8456153279293
Bulgaria,BGR,2015,7269.02586513711,4.06197367734098,46.1670965364775
Bulgaria,BGR,2016,7822.89886431732,4.05489960163599,46.2509211495947
Bulgaria,BGR,2017,8697.13373333715,4.043177034114,46.3294030950626
Bulgaria,BGR,2018,9849.88769989118,3.40461503236071,46.3338246131172
Bulgaria,BGR,2019,10354.2500414088,3.20205655345515,46.3983050847458
Bulgaria,BGR,2020,10760.7616180234,3.43600026603917,46.4904200442152
Bulgaria,BGR,2021,12966.8085197381,4.32894772861096,46.4904200442152
Bulgaria,BGR,2022,13999.9113358453,3.7113640947999,46.2601326455416
Bulgaria,BGR,2023,15854.0192893772,2.52244731680068,46.0850221075903
Burkina Faso,BFA,1961,72.2423787062462,38.3070083278146,32.9495614035088
Burkina Faso,BFA,1962,77.1529279288175,37.8587829243045,32.9495614035088
Burkina Faso,BFA,1963,78.9087736712073,38.4936340831014,32.9495614035088
Burkina Faso,BFA,1964,80.9147887718582,38.6811102601106,32.9678362573099
Burkina Faso,BFA,1965,82.0746159924647,35.4147844310128,32.9678362573099
Burkina Faso,BFA,1966,82.8360664864243,36.2671973724948,32.9678362573099
Burkina Faso,BFA,1967,84.6272011419546,33.4119811530932,32.9678362573099
Burkina Faso,BFA,1968,84.9737848392287,31.5939326737211,32.9678362573099
Burkina Faso,BFA,1969,86.7555395725224,32.0176636526134,32.9678362573099
Burkina Faso,BFA,1970,81.707563219742,30.5118697875711,32.9678362573099
Burkina Faso,BFA,1971,84.5149375676447,30.5994111277863,32.9678362573099
Burkina Faso,BFA,1972,99.6335814933813,31.9021036655741,32.9678362573099
Burkina Faso,BFA,1973,114.137669473515,29.3985209203471,32.9678362573099
Burkina Faso,BFA,1974,124.671435503255,30.8246234459247,32.9678362573099
Burkina Faso,BFA,1975,152.901529606747,28.8661589240903,33.0043859649123
Burkina Faso,BFA,1976,155.485422740659,29.0154648732085,33.0226608187134
Burkina Faso,BFA,1977,175.963864454284,28.4224865122019,33.0226608187134
Burkina Faso,BFA,1978,223.879111971163,30.1205951406855,33.0226608187134
Burkina Faso,BFA,1979,258.501729034845,29.3799509159701,33.0226608187134
Burkina Faso,BFA,1980,277.597531370181,28.4463449795614,33.0409356725146
Burkina Faso,BFA,1981,248.707973908892,29.8039802853452,33.0592105263158
Burkina Faso,BFA,1982,239.019483569339,27.5193113010989,33.0592105263158
Burkina Faso,BFA,1983,211.925740542196,27.614830855479,33.077485380117
Burkina Faso,BFA,1984,187.832224278391,28.498839800914,33.5556670321637
Burkina Faso,BFA,1985,194.063226299244,33.9041678089027,34.0155738304094
Burkina Faso,BFA,1986,247.459134637104,29.3604276148032,34.4937551169591
Burkina Faso,BFA,1987,280.218092226592,27.8163251717463,34.9719367690059
Burkina Faso,BFA,1988,301.129214663833,28.5466961309047,35.4501184210526
Burkina Faso,BFA,1989,293.188703727147,27.6277083164397,35.9100252192982
Burkina Faso,BFA,1990,338.593759055128,27.9500222744042,36.3699316520468
Burkina Faso,BFA,1991,333.70605512636,29.793265328148,36.8298384502924
Burkina Faso,BFA,1992,348.592443894547,28.8098112792292,37.289745248538
Burkina Faso,BFA,1993,324.111576707435,30.2310515664871,37.7496520467836
Burkina Faso,BFA,1994,187.21142372606,32.9477702743622,38.2095588450292
Burkina Faso,BFA,1995,229.092294496817,33.2172170930601,38.6694652777778
Burkina Faso,BFA,1996,242.733171352672,36.3791732658042,39.1293720760234
Burkina Faso,BFA,1997,223.853958525611,33.7387786954986,39.589278874269
Burkina Faso,BFA,1998,249.53173292493,36.5635560806964,40.0491856725146
Burkina Faso,BFA,1999,292.836958697313,27.2522866567535,40.5090924707602
Burkina Faso,BFA,2000,248.908526921752,24.9140364618327,40.9763088450292
Burkina Faso,BFA,2001,259.485223380436,26.9204304323679,41.4508355263158
Burkina Faso,BFA,2002,285.654087637533,26.3724484751209,41.9180522660819
Burkina Faso,BFA,2003,362.373899996953,25.9609768246545,42.385269005848
Burkina Faso,BFA,2004,403.81283743461,23.3814384513092,42.9073099415205
Burkina Faso,BFA,2005,441.164148016012,26.7709190270281,43.4256962719298
Burkina Faso,BFA,2006,455.513655620024,25.2289761645165,43.9294627192982
Burkina Faso,BFA,2007,514.684451177238,21.8394874058463,44.407644371345
Burkina Faso,BFA,2008,619.437533256264,27.314280245881,44.9132383040936
Burkina Faso,BFA,2009,601.569520671859,23.2048471286094,45.4371067251462
Burkina Faso,BFA,2010,624.957252224766,24.1433866229434,46.0212825292398
Burkina Faso,BFA,2011,725.024767725475,23.043650452489,46.7589671052632
Burkina Faso,BFA,2012,731.470138867833,23.7560050181575,47.3285230263158
Burkina Faso,BFA,2013,759.762065168498,23.6410927919708,48.1173768274854
Burkina Faso,BFA,2014,764.861675106225,23.6937727725999,48.686932748538
Burkina Faso,BFA,2015,630.124750752312,22.6464984902029,49.293038377193
Burkina Faso,BFA,2016,663.742364842886,21.7147178290213,49.8260445906433
Burkina Faso,BFA,2017,709.091535894695,20.5855872188282,50.3590508040936
Burkina Faso,BFA,2018,777.465618514048,20.9974732840091,51.1961505847953
Burkina Faso,BFA,2019,764.853077774946,18.2205245524421,51.6768903508772
Burkina Faso,BFA,2020,825.237038782475,17.9151635677562,52.1594579678363
Burkina Faso,BFA,2021,895.535288442991,17.2902157538449,52.6708998538012
Burkina Faso,BFA,2022,827.330843486661,20.6297585441708,53.3497394005848
Burkina Faso,BFA,2023,873.198061670247,19.0108450154804,53.4020054824561
Burundi,BDI,1970,68.7543539795049,65.3313935147911,73.208722741433
Burundi,BDI,1971,69.8982817558359,64.7617713131167,73.9485981308411
Burundi,BDI,1972,68.2321917909931,60.7731276105096,74.2211838006231
Burundi,BDI,1973,84.2581069284158,63.3136386218903,77.8816199376947
Burundi,BDI,1974,93.2240048340913,61.0342227698192,79.0498442367601
Burundi,BDI,1975,110.884827490053,61.3036042313296,80.2180685358256
Burundi,BDI,1976,115.492131774523,59.4754832504215,81.5809968847352
Burundi,BDI,1977,137.448044387076,55.5801551193022,83.4501557632399
Burundi,BDI,1978,148.823232512919,53.9640169481958,82.5545171339564
Burundi,BDI,1979,186.152273604962,53.8322491966597,81.7757009345794
Burundi,BDI,1980,209.805736668168,57.5719356233857,81.3084112149533
Burundi,BDI,1981,212.23033189707,58.1425960451394,80.8021806853583
Burundi,BDI,1982,216.43619143507,52.6126768285996,80.2180685358256
Burundi,BDI,1983,225.209524508283,53.4821872081702,80.2180685358256
Burundi,BDI,1984,200.375711827241,54.6598573254013,80.2180685358256
Burundi,BDI,1985,228.440542564696,55.9519709491249,80.2180685358256
Burundi,BDI,1986,234.281244809988,52.5195880496498,81.0747663551402
Burundi,BDI,1987,215.608311467483,50.5563503190181,81.2694704049844
Burundi,BDI,1988,201.740400815807,48.2156300176358,81.4641744548287
Burundi,BDI,1989,203.578944192449,47.1220925298314,81.2694704049844
Burundi,BDI,1990,202.629446176297,51.0568501841364,81.0747663551402
Burundi,BDI,1991,204.668258398817,48.5979103153404,80.880062305296
Burundi,BDI,1992,184.868970456447,48.0045217057559,81.0747663551402
Burundi,BDI,1993,165.344120319403,47.1698116933114,80.880062305296
Burundi,BDI,1994,161.892584261635,40.7323254524441,80.7242990654206
Burundi,BDI,1995,164.915311679326,42.0226931283613,79.3224299065421
Burundi,BDI,1996,143.156741187159,53.3809215127328,77.6090342679128
Burundi,BDI,1997,160.278342046962,42.4218641481914,76.01246105919
Burundi,BDI,1998,144.456948255536,44.538704047976,74.493769470405
Burundi,BDI,1999,127.51419578119,47.6353041282389,73.481308411215
Burundi,BDI,2000,134.537861752389,44.1070401093686,72.702492211838
Burundi,BDI,2001,132.159554541932,43.8431420582797,72.0794392523365
Burundi,BDI,2002,120.952308575468,43.3336112421252,71.417445482866
Burundi,BDI,2003,111.406682804391,42.8412837005394,71.3785046728972
Burundi,BDI,2004,125.194965184533,41.9026049689034,71.9626168224299
Burundi,BDI,2005,147.234619294225,40.8481233922949,70.8333333333333
Burundi,BDI,2006,161.892755640319,40.6376822658218,70.9501557632399
Burundi,BDI,2007,166.162744906755,34.9341719197591,71.0669781931464
Burundi,BDI,2008,189.502074570768,38.0048233017065,71.183800623053
Burundi,BDI,2009,198.431524048225,36.8532403738342,71.3006230529595
Burundi,BDI,2010,216.727705301976,38.4305452876335,71.3785046728972
Burundi,BDI,2011,230.069761381132,36.7043515146528,71.690031152648
Burundi,BDI,2012,231.098787811507,35.5104159871754,72.4299065420561
Burundi,BDI,2013,234.844770150871,38.3671182602277,73.481308411215
Burundi,BDI,2014,250.544492155185,34.9578238431604,74.5327102803738
Burundi,BDI,2015,254.402585226788,35.2477391830275,75.5841121495327
Burundi,BDI,2016,232.937812100153,35.5553158342758,76.6355140186916
Burundi,BDI,2017,246.060725714184,37.4034350043265,77.6869158878505
Burundi,BDI,2018,245.661678332009,35.3539025487206,78.7383177570093
Burundi,BDI,2019,234.31061590725,34.2483545998177,79.7897196261682
Burundi,BDI,2020,252.702452750006,31.1053893979777,80.8411214953271
Burundi,BDI,2021,264.172844085398,33.9937846199417,81.892523364486
Burundi,BDI,2022,301.832255755105,35.331208452642,82.8079633956386
Burundi,BDI,2023,249.795164039029,34.0372399254206,83.8865576323987
Cabo Verde,CPV,1980,439.982602420059,18.560046504189,16.1290322580645
Cabo Verde,CPV,1981,425.407688720331,15.772648121333,16.1290322580645
Cabo Verde,CPV,1982,422.664667963472,12.5801202781565,16.1290322580645
Cabo Verde,CPV,1983,410.112646734121,12.0568200363058,16.1290322580645
Cabo Verde,CPV,1984,385.451419954827,11.8564890583652,16.1290322580645
Cabo Verde,CPV,1985,396.494191452033,12.9896083798557,16.1290322580645
Cabo Verde,CPV,1986,541.142985647338,13.6312728726347,16.1290322580645
Cabo Verde,CPV,1987,658.415191378217,17.6463441551989,16.1290322580645
Cabo Verde,CPV,1988,729.470012847852,17.6967326731358,16.6253101736973
Cabo Verde,CPV,1989,727.151685588784,16.2108718695929,16.6253101736973
Cabo Verde,CPV,1990,817.442925539738,14.3907045302362,16.8734491315136
Cabo Verde,CPV,1991,831.61388764249,13.3930068058835,16.8734491315136
Cabo Verde,CPV,1992,907.847909529157,11.7942002453434,17.12158808933
Cabo Verde,CPV,1993,1220.04997868613,10.136426067162,17.12158808933
Cabo Verde,CPV,1994,991.108974352157,12.8589530313294,17.12158808933
Cabo Verde,CPV,1995,1165.13832331934,13.6805684818152,17.3697270471464
Cabo Verde,CPV,1996,1179.51522705182,12.4484810722718,17.3697270471464
Cabo Verde,CPV,1997,1133.57422614008,11.6806517652532,17.8660049627792
Cabo Verde,CPV,1998,1186.74294773086,10.9472496429063,17.8660049627792
Cabo Verde,CPV,1999,1326.74466945164,13.6433699432316,17.8660049627792
Cabo Verde,CPV,2000,1189.51479345891,12.8717827032774,17.8660049627792
Cabo Verde,CPV,2001,1223.33055331575,11.4157660193474,18.3622828784119
Cabo Verde,CPV,2002,1328.57874270666,10.3514712488974,18.6104218362283
Cabo Verde,CPV,2003,1717.97565369655,10.1436982527383,18.6104218362283
Cabo Verde,CPV,2004,1929.49081468781,9.86346771915503,18.8585607940447
Cabo Verde,CPV,2005,2004.14680417563,9.00118732269349,18.8585607940447
Cabo Verde,CPV,2006,2256.99666191075,8.3187121345924,18.8585607940447
Cabo Verde,CPV,2007,3324.57675212498,6.09468707137093,18.8585607940447
Cabo Verde,CPV,2008,3908.64885822576,5.31578241870627,19.3548387096774
Cabo Verde,CPV,2009,3659.72046361628,6.02632246585572,19.3548387096774
Cabo Verde,CPV,2010,3579.46006137809,5.82909277007133,19.3548387096774
Cabo Verde,CPV,2011,4002.01386888785,5.39925327001121,19.6029776674938
Cabo Verde,CPV,2012,3736.81517011087,5.79088758494564,19.6029776674938
Cabo Verde,CPV,2013,3960.97596791345,5.82359125603063,19.6029776674938
Cabo Verde,CPV,2014,3985.60706548134,5.73506923863287,19.6029776674938
Cabo Verde,CPV,2015,3415.06266730931,6.4082863760272,19.6029776674938
Cabo Verde,CPV,2016,3608.96605234906,6.31352277353712,19.6029776674938
Cabo Verde,CPV,2017,3893.09571382506,5.37533502619645,19.6029776674938
Cabo Verde,CPV,2018,4294.96510035729,4.52276867410321,19.6029776674938
Cabo Verde,CPV,2019,4380.78117331128,4.437360866953,19.6029776674938
Cabo Verde,CPV,2020,3539.22661248299,6.19132745485182,19.6029776674938
Cabo Verde,CPV,2021,3971.44409203423,5.97147405923183,19.6029776674938
Cabo Verde,CPV,2022,4323.31362032709,4.95404868851136,19.6029776674938
Cabo Verde,CPV,2023,4794.90119772843,4.85483833304009,19.6029776674938
Cambodia,KHM,1993,294.059372727558,45.2943821816409,25.6187514162701
Cambodia,KHM,1994,302.1307854832,45.5577095437597,25.8585486063902
Cambodia,KHM,1995,343.485224671585,47.7245602129901,25.8505891683662
Cambodia,KHM,1996,324.655870983004,44.4630795625178,25.921504645366
Cambodia,KHM,1997,297.59041960803,44.4472126770339,25.9175164287333
Cambodia,KHM,1998,258.780953189377,44.4799589633803,26.2293224563789
Cambodia,KHM,1999,286.753596443196,40.903852994265,26.2859732608203
Cambodia,KHM,2000,296.426687526334,35.5277357364566,27.0224337185588
Cambodia,KHM,2001,327.500984314444,32.9653772534886,27.7022433718559
Cambodia,KHM,2002,350.147276634294,29.6110046760937,28.3254022207115
Cambodia,KHM,2003,386.691123931778,29.4743795697528,28.8919102651258
Cambodia,KHM,2004,444.199067529081,26.6286627547039,29.6283707228643
Cambodia,KHM,2005,525.797325120926,27.4457888917427,30.3421708588262
Cambodia,KHM,2006,612.252648550727,26.2857429362019,30.3365057783821
Cambodia,KHM,2007,731.692295125426,25.4656283422573,30.3365057783821
Cambodia,KHM,2008,866.283999789749,28.0340869915092,30.3365057783821
Cambodia,KHM,2009,875.748936193569,28.0893239418879,30.1876954452753
Cambodia,KHM,2010,952.274616324008,27.8742916555508,30.4861262179923
Cambodia,KHM,2011,1088.98152823081,28.0358544598065,30.7794912757761
Cambodia,KHM,2012,1192.80263041673,26.7953499375283,31.1509018808067
Cambodia,KHM,2013,1305.6600972686,24.447155140413,31.4524427826875
Cambodia,KHM,2014,1431.56396469993,22.1938152404445,31.6826087695445
Cambodia,KHM,2015,1547.32010444393,20.1408488554582,31.9960571040109
Cambodia,KHM,2016,1675.19555711109,18.9079815555917,32.2909811919329
Cambodia,KHM,2017,1826.35391688754,17.8681771583586,32.7703597326082
Cambodia,KHM,2018,2036.67377566578,16.4979479082228,33.1881078631317
Cambodia,KHM,2019,2225.87705485686,15.4385065177157,33.7162803081804
Cambodia,KHM,2020,2081.73914242939,17.0396522911435,34.3013919102651
Cambodia,KHM,2021,2167.40324198499,16.9044143710096,34.6999756401541
Cambodia,KHM,2022,2325.03050040841,16.5440859884848,34.8115777249037
Cambodia,KHM,2023,2429.74853452838,17.0784472455351,34.8648294810786
Cameroon,CMR,1965,142.704307565995,32.731829088963,16.3736751919782
Cameroon,CMR,1966,145.80598283154,31.8507941615601,16.5006029066447
Cameroon,CMR,1967,156.621290691062,31.1333004600654,16.6486852404222
Cameroon,CMR,1968,170.782666507465,31.5057856984543,16.7544583359777
Cameroon,CMR,1969,175.150496434432,30.7235108052694,16.8602314315331
Cameroon,CMR,1970,178.488982961305,31.3639201762862,16.8771551268219
Cameroon,CMR,1971,186.724820408777,31.0041286172242,16.9829282223774
Cameroon,CMR,1972,220.108720960652,31.964969469334,17.1246641704216
Cameroon,CMR,1973,271.757290053085,30.7928262997919,17.2621691946437
Cameroon,CMR,1974,299.908339494791,29.5397657619248,17.5160246239766
Cameroon,CMR,1975,386.236450275088,29.1197132886849,17.7593027437541
Cameroon,CMR,1976,381.429915266252,27.6101070929386,18.0025808635316
Cameroon,CMR,1977,435.408656274786,33.6450824839208,18.2860527596201
Cameroon,CMR,1978,581.989336032215,31.3533545104281,18.34317023122
Cameroon,CMR,1979,718.356902030319,30.8236028700586,18.8529965517971
Cameroon,CMR,1980,784.116227118122,28.6767848254781,18.891074866197
Cameroon,CMR,1981,749.847541304586,27.1765766954851,18.9545387235303
Cameroon,CMR,1982,732.250719743892,27.0057545005353,19.0603118190857
Cameroon,CMR,1983,745.513189491527,23.1932790387557,19.1660849146411
Cameroon,CMR,1984,771.702146026357,21.9718307191695,19.2718580101965
Cameroon,CMR,1985,875.337721693686,20.5905290277908,19.3776311057519
Cameroon,CMR,1986,1178.59374950439,21.6296279504288,19.5257134395295
Cameroon,CMR,1987,1258.31412766207,23.9864353388071,19.4834042013074
Cameroon,CMR,1988,1145.16555992416,23.9424312034613,19.4834042013074
Cameroon,CMR,1989,1000.89261316386,25.5067599947869,19.4410949630852
Cameroon,CMR,1990,1086.71700937081,23.9948703358418,19.398785724863
Cameroon,CMR,1991,1014.82897292999,24.2590264744828,19.3564764866409
Cameroon,CMR,1992,1005.44897647465,26.5796651782489,19.3776311057519
Cameroon,CMR,1993,1309.93629975506,18.2367271931746,19.3776311057519
Cameroon,CMR,1994,700.70950185009,19.60975420306,19.3776311057519
Cameroon,CMR,1995,832.006674487689,19.1448537215648,19.3776311057519
Cameroon,CMR,1996,826.965322327363,18.32231925338,19.3776311057519
Cameroon,CMR,1997,783.251601945462,18.9678877806491,19.3776311057519
Cameroon,CMR,1998,798.745621406677,19.001000498789,19.3776311057519
Cameroon,CMR,1999,796.262649784591,18.9787903350983,19.3776311057519
Cameroon,CMR,2000,708.565731625965,18.1177424642566,19.3776311057519
Cameroon,CMR,2001,715.470296470585,18.6209582669445,19.3776311057519
Cameroon,CMR,2002,789.623811072554,18.2716803952334,19.3776311057519
Cameroon,CMR,2003,988.241276791846,17.473784234889,19.3776311057519
Cameroon,CMR,2004,1133.39326749673,17.5609527218813,19.4834042013074
Cameroon,CMR,2005,1142.62466252106,16.734176851979,19.4897505870407
Cameroon,CMR,2006,1191.45458990968,15.6250817945247,19.4897505870407
Cameroon,CMR,2007,1325.67248215933,15.8575319059376,19.4897505870407
Cameroon,CMR,2008,1492.14269801453,16.0011918854665,19.5955236825961
Cameroon,CMR,2009,1461.38999232337,16.3871903453991,19.7012967781515
Cameroon,CMR,2010,1398.58702025047,17.2697108767217,20.5199805377504
Cameroon,CMR,2011,1513.96056994878,16.6973907363193,20.6257536333058
Cameroon,CMR,2012,1449.09874362279,16.6572401682217,20.6257536333058
Cameroon,CMR,2013,1575.92882118897,16.7236611922507,20.6257536333058
Cameroon,CMR,2014,1649.4433905949,16.8258381780095,20.6257536333058
Cameroon,CMR,2015,1415.00009710569,17.2094159041593,20.6257536333058
Cameroon,CMR,2016,1441.7201725688,17.1926623891151,20.6257536333058
Cameroon,CMR,2017,1496.08951771242,16.6929418227731,20.6701480823338
Cameroon,CMR,2018,1610.69641591017,16.4988006978593,20.7145425313617
Cameroon,CMR,2019,1555.22660476477,16.8022835644401,20.7589369803897
Cameroon,CMR,2020,1555.60370660749,17.4968650540914,20.8033316409638
Cameroon,CMR,2021,1672.32657340872,16.9592035415957,20.8477260899917
Cameroon,CMR,2022,1604.87726954895,16.5461644132745,20.8921205390197
Cameroon,CMR,2023,1720.47510154506,17.0996372773511,20.9365149880476
Canada,CAN,1997,21901.5870048928,2.30743106155502,6.82777151308503
Canada,CAN,1998,21024.5627149423,2.36800639633912,6.83044841443787
Canada,CAN,1999,22315.3130930482,2.30067862528772,6.83312531579071
Canada,CAN,2000,24271.0020563821,2.12980634918626,6.83580221714355
Canada,CAN,2001,23822.096210932,2.10312484982984,6.83816244106634
Canada,CAN,2002,24256.0598742201,2.0445023787603,6.92547841246365
Canada,CAN,2003,28301.9097055898,1.99211950804307,6.90930546679025
Canada,CAN,2004,32145.5653280273,2.02399445993749,6.89313252111685
Canada,CAN,2005,36383.9671341396,1.74713436059047,6.87695957544345
Canada,CAN,2006,40504.8490329826,1.58933158003052,6.75739131501664
Canada,CAN,2007,44660.0838892281,1.58722411672984,6.6931456825485
Canada,CAN,2008,46710.3654423328,1.76826927951219,6.62890005008036
Canada,CAN,2009,40874.9612318547,1.54989031633571,6.56465441761223
Canada,CAN,2010,47560.8378831258,1.49323070348344,6.50040878514409
Canada,CAN,2011,52224.1237767406,1.76565550890832,6.43568354118357
Canada,CAN,2012,52670.1429540952,1.81135268317938,6.44363616895263
Canada,CAN,2013,52637.7313222622,1.89424545337458,6.45155533545478
Canada,CAN,2014,50960.8942086685,1.58654648681462,6.45947450195693
Canada,CAN,2015,43594.2379080706,1.86983406717295,6.46750520601544
Canada,CAN,2016,42314.1033623905,1.86222405438563,6.47475514717938
Canada,CAN,2017,45129.7335281051,1.88999021790618,6.45441069689781
Canada,CAN,2018,46539.2177903178,1.69989005552688,6.45681990811536
Canada,CAN,2019,46352.9695208927,1.69707568569413,6.43435624426279
Canada,CAN,2020,43537.8981198851,1.83978682557174,6.37073522211031
Canada,CAN,2021,52886.6407813788,1.59798849520844,6.48457678610033
Canada,CAN,2022,56496.9275340663,1.93275289413659,6.49436207857817
Cayman Islands,CYM,2006,87085.0937376216,0.233902026103342,11.25
Cayman Islands,CYM,2007,89888.2618212462,0.249991704468987,11.25
Cayman Islands,CYM,2008,89655.1196222184,0.262355470231399,11.25
Cayman Islands,CYM,2009,81373.5711516642,0.314233319578041,11.25
Cayman Islands,CYM,2010,76837.6699636672,0.312850351574142,11.25
Cayman Islands,CYM,2011,75280.960764889,0.329023759250102,11.25
Cayman Islands,CYM,2012,75101.59136128,0.330634392733331,11.25
Cayman Islands,CYM,2013,75113.7332398618,0.34097402629238,11.25
Cayman Islands,CYM,2014,75845.3060407986,0.357974783468847,11.25
Cayman Islands,CYM,2015,76379.2095108681,0.378694095538705,11.25
Cayman Islands,CYM,2016,77802.2541567187,0.399458774449959,11.25
Cayman Islands,CYM,2017,80053.9444506891,0.418315712387287,11.25
Cayman Islands,CYM,2018,83865.5531568184,0.408587365212128,11.25
Cayman Islands,CYM,2019,88254.2903677044,0.414317853358841,11.25
Cayman Islands,CYM,2020,82338.7977439023,0.435397889334994,11.25
Cayman Islands,CYM,2021,86449.6749037302,0.454181072913047,11.25
Cayman Islands,CYM,2022,92937.8838323153,0.469402852319854,11.25
Cayman Islands,CYM,2023,100065.233841107,0.407922277766161,11.25
Central African Republic,CAF,2009,456.471673898404,38.3338681608926,7.93813605573213
Central African Republic,CAF,2010,476.873786950728,37.3635795959409,7.89688272496709
Central African Republic,CAF,2011,534.057281471636,37.5690227836114,7.84808501075476
Central African Republic,CAF,2012,544.395849142785,36.8141664735428,7.85225849947029
Central African Republic,CAF,2013,364.36696260838,32.2589062460725,7.8614080708851
Central African Republic,CAF,2014,409.8504859647,33.9856217226143,7.87778098815371
Central African Republic,CAF,2015,366.322853938121,31.5273810283745,7.89351183023532
Central African Republic,CAF,2016,387.176203444318,31.9189914897237,7.89270923625156
Central African Republic,CAF,2017,432.324025684263,32.7901712257048,7.89399338662557
Central African Republic,CAF,2018,455.243962859534,31.2413315121572,8.30203216796687
Central African Republic,CAF,2019,449.228467602439,28.3418324649438,8.81890269350541
Central African Republic,CAF,2020,462.879071294011,29.4959372264099,8.96866673087418
Central African Republic,CAF,2021,492.263142830507,35.7553299980455,9.00526501653344
Central African Republic,CAF,2022,467.359825026238,36.2171100024119,9.04218433978619
Central African Republic,CAF,2023,495.978897288721,28.6110555239693,9.09948955022633
Chad,TCD,1961,107.320380491931,38.7372487091908,38.015873015873
Chad,TCD,1962,112.619958010844,38.4738708984789,38.015873015873
Chad,TCD,1963,114.710860761079,38.0265478460772,38.015873015873
Chad,TCD,1964,118.594106789032,36.5909089568316,38.015873015873
Chad,TCD,1965,123.56227611622,35.8433570833043,38.015873015873
Chad,TCD,1966,125.779460124418,36.5565618855065,38.015873015873
Chad,TCD,1967,128.209999741615,39.9041377847287,38.015873015873
Chad,TCD,1968,126.87277490154,39.5259541973567,38.015873015873
Chad,TCD,1969,129.175848997716,38.3886139229187,38.015873015873
Chad,TCD,1970,125.882078424937,37.1021416802671,38.015873015873
Chad,TCD,1971,131.816410865026,37.2162707912074,38.015873015873
Chad,TCD,1972,150.369805704401,37.8145041418631,38.015873015873
Chad,TCD,1973,162.371866237422,36.4766911732022,38.0238095238095
Chad,TCD,1974,159.998978775959,36.70010049387,38.0438234360114
Chad,TCD,1975,207.476255156215,36.9593663769641,38.1194409148666
Chad,TCD,1976,203.713116730324,35.7767132689723,38.1988564167725
Chad,TCD,1977,215.935450416974,35.4988387676921,38.1988564167725
Chad,TCD,1978,252.511381682505,36.0920832044135,38.2385641677255
Chad,TCD,1979,222.914738532944,41.2661764373534,38.2385641677255
Chad,TCD,1980,228.770491876017,45.7323956707089,38.2385641677255
Chad,TCD,1981,193.971579541809,40.2712615406579,38.2385641677255
Chad,TCD,1982,176.083750783324,39.972404437348,38.2385641677255
Chad,TCD,1983,167.180974589951,38.884584974023,38.2385641677255
Chad,TCD,1984,182.175880946335,32.5715214680102,38.2385641677255
Chad,TCD,1985,202.710985101435,37.0453795002989,38.2425349428208
Chad,TCD,1986,203.354449515341,31.6745570966349,38.2822426937738
Chad,TCD,1987,213.931729919066,31.7795701609533,38.2822426937738
Chad,TCD,1988,263.544647841815,35.1904174293783,38.3020965692503
Chad,TCD,1989,246.355378549117,30.1660954371715,38.3179796696315
Chad,TCD,1990,290.599045262191,27.8886472425814,38.3576874205845
Chad,TCD,1991,302.487268390603,35.5078319175784,38.3973951715375
Chad,TCD,1992,290.648286132566,34.324370222012,38.4132782719187
Chad,TCD,1993,220.729964903293,31.3719736969134,38.4371029224905
Chad,TCD,1994,173.928895064035,37.2182906353757,38.4529860228717
Chad,TCD,1995,203.964852705041,35.0587445407866,38.4768106734435
Chad,TCD,1996,216.912541056484,37.5479745381536,38.4609275730623
Chad,TCD,1997,201.384076969355,38.3446764821847,38.6197585768742
Chad,TCD,1998,219.779530915601,39.0049151688843,38.6197585768742
Chad,TCD,1999,186.638531146223,38.0687995814283,38.6197585768742
Chad,TCD,2000,163.121663683369,40.7051378475034,38.6197585768742
Chad,TCD,2001,194.32295331156,40.2954389961717,38.6991740787802
Chad,TCD,2002,219.061391951349,37.9029324681757,38.6991740787802
Chad,TCD,2003,289.087621122168,25.6339405315666,38.7785895806862
Chad,TCD,2004,445.850767157087,29.7742610425581,38.7785895806862
Chad,TCD,2005,838.092107712557,29.2819873014385,38.8580050825921
Chad,TCD,2006,906.897260572747,32.1335493075332,38.8580050825921
Chad,TCD,2007,980.483531485103,29.351416386452,38.8587992376112
Chad,TCD,2008,1166.36883453841,29.0575437948301,38.8587992376112
Chad,TCD,2009,1035.63719694254,33.1566904523959,38.9413913595934
Chad,TCD,2010,1141.80069268412,33.2509512944262,39.1002223634053
Chad,TCD,2011,1308.1421872538,27.1563338879622,39.1796378653113
Chad,TCD,2012,1354.34344701937,27.0843972280265,39.4575921219822
Chad,TCD,2013,1304.88742971475,31.7128603274934,39.7363405336722
Chad,TCD,2014,1278.78981422494,31.1688076695246,39.8951715374841
Chad,TCD,2015,993.990730610869,33.6210255108379,39.8959656925032
Chad,TCD,2016,861.831767630746,39.3716151096934,39.9761753494282
Chad,TCD,2017,854.46120040098,38.4300853118306,39.9761753494282
Chad,TCD,2018,948.656629871231,37.6181441617191,39.9761753494282
Chad,TCD,2019,893.336441643325,37.5903652533914,39.9761753494282
Chad,TCD,2020,866.947814890409,40.687470063118,39.9761753494282
Chad,TCD,2021,946.358500208374,37.4420946884713,39.9761753494282
Chad,TCD,2022,966.036468278568,35.2279823985979,39.9761753494282
Chad,TCD,2023,949.991054236266,35.191694250722,39.9756194409149
Chile,CHL,1961,594.436306222113,9.8586742099403,18.0032601152338
Chile,CHL,1962,678.584336588862,8.98697179355335,18.2318985598468
Chile,CHL,1963,657.719196593697,7.78280943928041,18.4605370044598
Chile,CHL,1964,685.970202891974,8.41728254579301,18.6918653131271
Chile,CHL,1965,686.123541995524,8.73959862063361,18.9218486897672
Chile,CHL,1966,790.361773771396,9.14526540595763,19.1491422023531
Chile,CHL,1967,764.265128656993,8.50133543697839,19.4450272483229
Chile,CHL,1968,765.847401648627,7.57658573857333,19.7409122942926
Chile,CHL,1969,873.581889905917,6.78133447131963,19.9695507389057
Chile,CHL,1970,940.648345061287,6.69575345771814,20.3084736097438
Chile,CHL,1971,1098.91469956231,8.01100172861686,20.6447066165276
Chile,CHL,1972,1185.04994801594,8.14911598905393,20.9809396233114
Chile,CHL,1973,1666.99542750899,6.50538704311853,21.3010334457697
Chile,CHL,1974,1578.5836760852,5.56041309490388,21.8551454409494
Chile,CHL,1975,732.054406775965,6.42234030498294,22.25862504909
Chile,CHL,1976,970.957314866348,8.29057551216963,23.132830866728
Chile,CHL,1977,1296.86854720323,9.61903965883771,22.9983376640145
Chile,CHL,1978,1465.45605636916,7.42390436023242,22.8638444613009
Chile,CHL,1979,1962.08185606537,7.12394291966297,22.7293512585874
Chile,CHL,1980,2570.84311890682,7.09042624083891,22.6621046572306
Chile,CHL,1981,3012.3447816477,6.34140908822716,22.5276114545171
Chile,CHL,1982,1663.28043251256,6.23030219959497,22.3258716504468
Chile,CHL,1983,1715.40345654344,5.81117354492524,22.25862504909
Chile,CHL,1984,1636.22476246476,7.03812743981795,22.1913784477332
Chile,CHL,1985,1446.80604557863,7.37883164165532,22.1537203509735
Chile,CHL,1986,1524.97809458987,8.43538238536869,22.1053027979966
Chile,CHL,1987,1767.41389670161,8.65561213174041,21.7381363545886
Chile,CHL,1988,2013.53987790886,8.43888848320251,21.7260319663444
Chile,CHL,1989,2277.84764297202,8.25943829562004,21.7462059467515
Chile,CHL,1990,2487.76829657299,8.16488254727689,21.3830742994249
Chile,CHL,1991,2798.34262413795,9.16272830802187,21.23513177644
Chile,CHL,1992,3351.84108855522,9.08922702257989,20.9217626141175
Chile,CHL,1993,3540.91377313015,7.92947970299973,20.8155129839738
Chile,CHL,1994,4012.10159912285,7.44478422975848,20.7791998192411
Chile,CHL,1995,5081.4682771561,6.9674031262015,20.6178079759849
Chile,CHL,1996,5333.50438729711,5.01955588968009,20.4860046373256
Chile,CHL,1997,5741.95842989596,5.00655339523575,20.4725553170543
Chile,CHL,1998,5419.82417297191,5.39423074782406,20.4685205209729
Chile,CHL,1999,4933.55581516755,5.29404180944574,20.2546763286583
Chile,CHL,2000,5052.99245766325,5.0829621682823,20.3219229300151
Chile,CHL,2001,4563.5952986689,4.06242104814605,20.3757202111005
Chile,CHL,2002,4430.84741157984,4.06503230945783,20.9338670023617
Chile,CHL,2003,4773.40177520754,4.09477687354893,20.7455765185628
Chile,CHL,2004,6120.59152055344,3.75826748721938,21.4314918524018
Chile,CHL,2005,7480.32330998636,3.92221090062123,21.364245251045
Chile,CHL,2006,9318.65655296121,3.71204530338249,21.2499260287385
Chile,CHL,2007,10346.4138184533,3.55057064236787,21.1584706508933
Chile,CHL,2008,10683.2188772511,3.42443227784249,20.7361278330993
Chile,CHL,2009,10098.8017167286,3.69712533488977,20.3137863602374
Chile,CHL,2010,12632.8704724192,3.47828416321217,19.7952795575712
Chile,CHL,2011,14487.3927832032,3.6261825670011,19.3910934566367
Chile,CHL,2012,15241.9069981119,3.27493332872821,18.8793126590382
Chile,CHL,2013,15683.5486369155,3.47337489216733,18.4482291279999
Chile,CHL,2014,14529.6767206336,3.94662053881596,18.0003149864236
Chile,CHL,2015,13433.9202987032,3.70940380878663,17.5651877090955
Chile,CHL,2016,13649.8520452803,4.19908992069599,17.0258627541733
Chile,CHL,2017,14879.9086227187,4.28097139019722,16.5754635041584
Chile,CHL,2018,15659.4808675628,3.92743590539619,16.0160767248496
Chile,CHL,2019,14496.9345640362,3.98747725626258,15.435346965027
Chile,CHL,2020,13117.9930230086,4.04444700251173,14.9026289456383
Chile,CHL,2021,16216.1840860289,3.50384190334655,14.5631870231053
Chile,CHL,2022,15399.1044717559,3.23604704755112,14.3199327104591
Chile,CHL,2023,17081.5180740049,3.39083152306151,14.4010249751882
China,CHN,1961,75.9655011127574,35.7194914567981,36.4657950097196
China,CHN,1962,71.0616845971262,38.9027217309178,36.7587143503848
China,CHN,1963,74.4681540864463,39.7713646174754,37.0622853034378
China,CHN,1964,85.6611074645449,37.9574930399946,37.3658562564908
China,CHN,1965,98.6681688740435,37.4798526364264,37.7706175272282
China,CHN,1966,104.50646350178,37.1141649048626,38.1540755731899
China,CHN,1967,96.7614480104016,39.7351730277067,38.5375336191516
China,CHN,1968,91.6454581848979,41.5646102781275,38.9209916651133
China,CHN,1969,100.308139479526,37.4523070661851,39.4109658349533
China,CHN,1970,113.346243039894,34.7420513269686,39.9009400047932
China,CHN,1971,118.84249157909,33.578511053316,40.3962399808271
China,CHN,1972,132.097410431007,32.3645609231371,40.8883444731446
China,CHN,1973,157.339888078555,32.8732884155618,41.4858999281016
China,CHN,1974,160.402546852304,33.3733493397359,42.1910366681756
China,CHN,1975,178.621249282085,31.9022435371021,42.6820759992544
China,CHN,1976,165.680987722637,32.3055852485302,43.309811019093
China,CHN,1977,185.728620718294,28.9426798550101,43.9375460495833
China,CHN,1978,156.655616850835,27.6396049419236,44.5738023593321
China,CHN,1979,184.285853059043,30.6528466741332,45.0603147551461
China,CHN,1980,195.149479992051,29.58158601954,45.5467206348361
China,CHN,1981,197.425510967822,31.2594240378587,46.1117886720102
China,CHN,1982,203.722788366928,32.7232822349357,47.1353021063563
China,CHN,1983,225.86534696156,32.5056266837961,48.2441349559289
China,CHN,1984,251.192686463827,31.4795879134441,49.4806806380316
China,CHN,1985,295.007445815897,27.8824106473305,50.7386360610337
China,CHN,1986,282.445603096707,26.5896908592427,51.389343061806
China,CHN,1987,252.256760114454,26.2744881224326,51.9549436795995
China,CHN,1988,284.023573149686,25.1945125302504,52.5523926184326
China,CHN,1989,311.429461227032,24.5682804386984,53.2032061353287
China,CHN,1990,318.50335359039,26.5326691193891,53.8645647484888
China,CHN,1991,334.130288119078,23.962990054778,54.4701089127367
China,CHN,1992,367.822651903542,21.2498856848723,54.7827337363193
China,CHN,1993,378.939353053314,19.2285186084752,55.1991052645594
China,CHN,1994,475.677874448369,19.384707585823,55.6901445956382
China,CHN,1995,612.680277898627,19.49813596726,55.6902039146848
China,CHN,1996,713.337387811657,19.2192456606094,55.6944173715386
China,CHN,1997,786.743548510999,17.7815242281084,55.6944440006263
China,CHN,1998,835.095348597432,17.0254631760262,55.694470629714
China,CHN,1999,881.146614068925,15.921591740544,55.6944972588017
China,CHN,2000,969.199513696287,14.5272519499825,55.694583211727
China,CHN,2001,1065.40597574519,13.8221069560341,55.7578718644915
China,CHN,2002,1163.55957673426,13.1294938258189,55.8211320658973
China,CHN,2003,1306.97245408557,12.1757600914927,55.8843892938216
China,CHN,2004,1530.92726215723,12.7288429360401,55.9476447513305
China,CHN,2005,1777.64496828464,11.4828123533826,56.0109031839269
China,CHN,2006,2129.25696999613,10.4758623658001,56.0741598447602
China,CHN,2007,2734.72709877693,10.0934194559262,56.1374176962452
China,CHN,2008,3523.44302065213,10.0099770734138,56.2006719746855
China,CHN,2009,3898.24459158811,9.47299581661597,56.2639250438662
China,CHN,2010,4629.24551710077,9.16649906130733,56.1834730812931
China,CHN,2011,5703.76027973346,9.0338458593332,56.1036602181182
China,CHN,2012,6405.0574241349,8.96505673533992,56.0235278052443
China,CHN,2013,7147.03518622344,8.78442131602471,55.9433953923703
China,CHN,2014,7781.06597484974,8.48242940933654,55.8632629794963
China,CHN,2015,8175.33285077393,8.22401359479525,55.7831305666223
China,CHN,2016,8254.86859320357,7.90065017505416,55.7030573453299
China,CHN,2017,8979.67652709856,7.32839239286042,55.6228503623161
China,CHN,2018,10085.6638148819,6.91714289236836,55.54274989588
China,CHN,2019,10342.9009524335,7.00621575788341,55.462649429444
China,CHN,2020,10627.4637989619,7.54018198521241,55.4526368711394
China,CHN,2021,12887.4357242941,7.08935251618004,55.4426243128349
China,CHN,2022,12970.6056414327,7.14788692830171,55.4326117545304
China,CHN,2023,12951.1782397043,6.88951941080068,55.4326117545304
Colombia,COL,1965,317.064563351518,27.2864039148261,38.7634069400631
Colombia,COL,1966,290.253385958132,26.6084464760865,38.7742226228031
Colombia,COL,1967,302.832507824134,26.8922181198523,38.7769265434881
Colombia,COL,1968,301.526502784249,26.8593849766225,38.7787291572781
Colombia,COL,1969,317.868798055367,25.8672848345983,38.783235691753
Colombia,COL,1970,345.879101568471,25.087370450711,38.783235691753
Colombia,COL,1971,366.825167940364,23.5191101189331,40.6074808472285
Colombia,COL,1972,397.41211740514,24.1306021707258,40.6200991437584
Colombia,COL,1973,462.064375734059,24.1289685803586,40.6345200540784
Colombia,COL,1974,541.749901587091,24.3821033301901,40.6480396575034
Colombia,COL,1975,561.098036100584,23.8864697808979,40.6624605678233
Colombia,COL,1976,643.007914496566,23.6286095402709,40.6759801712483
Colombia,COL,1977,798.203021638873,25.0470302180498,40.8427219468229
Colombia,COL,1978,932.392695058624,23.0404612710242,40.794051374493
Colombia,COL,1979,1095.0313839164,21.4658774226815,40.808472284813
Colombia,COL,1980,1279.50116658241,19.3599007048185,40.8219918882379
Colombia,COL,1981,1362.18332520058,19.2477404120391,40.8364127985579
Colombia,COL,1982,1425.39936771371,18.7651213431477,40.8499324019829
Colombia,COL,1983,1383.7924605368,18.7138952836759,40.8643533123028
Colombia,COL,1984,1335.52821812362,17.4089297678982,40.8796755295178
Colombia,COL,1985,1192.21849833568,16.9906943035106,40.8968003605228
Colombia,COL,1986,1169.46212069392,17.4769253071175,40.9148264984227
Colombia,COL,1987,1192.58828638182,18.0637386666618,40.9202343397927
Colombia,COL,1988,1259.6174112078,16.7492942839987,40.813880126183
Colombia,COL,1989,1244.3269459081,16.0571909914629,40.7237494366832
Colombia,COL,1990,1474.8455285342,17.0667810007027,40.6336187471834
Colombia,COL,1991,1485.73971889208,17.4547981612428,40.4542586750789
Colombia,COL,1992,1730.39091795329,16.7939433917586,40.5434880576836
Colombia,COL,1993,1929.26721811738,14.9678292386502,40.4713835060838
Colombia,COL,1994,2325.91872973374,14.8315378667055,40.4371338440739
Colombia,COL,1995,2583.66576349858,14.0180659651442,40.1198738170347
Colombia,COL,1996,2664.64056059983,12.768819026019,40.4867057232988
Colombia,COL,1997,2873.2814350993,12.6064711492187,40.6327174402884
Colombia,COL,1998,2604.87166959518,13.2357896548033,41.0482199188824
Colombia,COL,1999,2241.22911801216,13.0007715171454,41.1608832807571
Colombia,COL,2000,2555.00751039968,8.3057195333068,40.4317260027039
Colombia,COL,2001,2472.99084035833,8.32097267667621,37.6250563316809
Colombia,COL,2002,2428.92969771584,8.51000517684848,37.5006759801713
Colombia,COL,2003,2311.94218760291,8.32877416512145,37.9008562415502
Colombia,COL,2004,2818.57195413044,7.91098316231374,38.2073005858495
Colombia,COL,2005,3456.06610874512,7.52726670177951,38.3569175304191
Colombia,COL,2006,3789.85361217027,7.18676953071771,38.011716989635
Colombia,COL,2007,4769.926147194,6.93455867595786,38.2478593961244
Colombia,COL,2008,5541.83629665898,6.6873848504052,38.408292023434
Colombia,COL,2009,5250.97292433518,6.68974069628809,38.3415953132041
Colombia,COL,2010,6398.2958447102,6.32485387641069,38.3082469580892
Colombia,COL,2011,7400.9940695669,6.09169610822215,37.603424966201
Colombia,COL,2012,8108.59838244229,5.58268705354932,38.411536728256
Colombia,COL,2013,8279.10255642981,5.39271495449472,40.392609283461
Colombia,COL,2014,8187.20824890084,5.44695721474421,40.3785488958991
Colombia,COL,2015,6248.51490534512,5.98042480849816,40.3644885083371
Colombia,COL,2016,5959.84250367574,6.60641226605787,40.3504281207751
Colombia,COL,2017,6479.53231292429,6.38966355268118,39.195132942767
Colombia,COL,2018,6816.96818309544,6.22570968960033,39.7007661108607
Colombia,COL,2019,6472.54544924705,6.41072082168314,39.9765660207301
Colombia,COL,2020,5339.68711357943,7.50848046663348,39.8467278954484
Colombia,COL,2021,6222.62164397614,7.77187301385002,38.7691151870212
Colombia,COL,2022,6680.44506854481,8.83154473689041,37.6412798557909
Colombia,COL,2023,7012.49169137756,8.79586693548387,36.4876070301938
Comoros,COM,1980,720.685109658453,29.3752927269889,53.7345513164965
Comoros,COM,1981,613.038043236083,29.3754919968512,53.7345513164965
Comoros,COM,1982,566.033006092361,29.3768398769556,53.7345513164965
Comoros,COM,1983,534.247684014857,29.3755135579293,53.7345513164965
Comoros,COM,1984,500.752665003745,29.3764869151467,59.1080064481462
Comoros,COM,1985,494.254932645725,29.3762233964314,59.1080064481462
Comoros,COM,1986,646.461974891796,29.37623465409,59.1080064481462
Comoros,COM,1987,763.310316408075,29.3765649953666,60.7200429876411
Comoros,COM,1988,797.801503027398,29.3759770959296,61.257388500806
Comoros,COM,1989,758.861242815325,29.3758548832769,61.257388500806
Comoros,COM,1990,903.20430581841,29.375908352569,61.257388500806
Comoros,COM,1991,879.348889291867,29.3765619552425,61.794734013971
Comoros,COM,1992,938.595399659213,29.3765384116105,61.794734013971
Comoros,COM,1993,903.033729112507,29.3758480705404,63.4067705534659
Comoros,COM,1994,652.898017688557,29.376269625719,64.4814615797958
Comoros,COM,1995,800.623567802959,29.3764706402427,65.5561526061257
Comoros,COM,1996,786.380773511866,29.3761105577028,66.6308436324557
Comoros,COM,1997,714.519968676115,29.3759989799902,67.7055346587856
Comoros,COM,1998,704.479817408486,29.3758435025617,67.7055346587856
Comoros,COM,1999,707.228776682623,29.3763589412148,68.2428801719506
Comoros,COM,2000,633.309032776244,29.3763199309883,68.7802256851155
Comoros,COM,2001,681.163857619963,29.3762865752702,69.8549167114455
Comoros,COM,2002,764.61349832543,29.376012439903,70.3922622246104
Comoros,COM,2003,959.691049354812,29.3761272595016,70.9296077377754
Comoros,COM,2004,1072.28409029621,29.376019929184,71.4669532509404
Comoros,COM,2005,1105.78796866788,29.3762739037829,71.4669532509404
Comoros,COM,2006,1138.47908404345,29.3763406198683,71.4669532509404
Comoros,COM,2007,1289.73631056361,28.956646255431,71.4669532509404
Comoros,COM,2008,1455.02768595586,29.138915008097,71.4669532509404
Comoros,COM,2009,1410.30516959473,30.0330064008618,71.4669532509404
Comoros,COM,2010,1386.57533553376,30.4159781880526,71.4669532509404
Comoros,COM,2011,1531.43969320468,30.5642731101881,71.4669532509404
Comoros,COM,2012,1490.31425650871,30.1730899304755,71.4669532509404
Comoros,COM,2013,1603.32653496691,30.7898620674783,71.4669532509404
Comoros,COM,2014,1615.71709756316,30.0114530891401,71.4669532509404
Comoros,COM,2015,1329.37048235986,30.5986282117727,71.4669532509404
Comoros,COM,2016,1365.48403444497,31.3684720287721,71.4669532509404
Comoros,COM,2017,1423.9248027797,31.8988868689753,71.4669532509404
Comoros,COM,2018,1540.71132257526,33.7201530586489,71.4669532509404
Comoros,COM,2019,1519.26386436068,35.6200979878781,71.4669532509404
Comoros,COM,2020,1527.16991011916,35.7974035819198,71.4669532509404
Comoros,COM,2021,1587.72988658008,35.2409488047407,71.4669532509404
Comoros,COM,2022,1533.87755393614,35.1643241181568,71.4669532509404
Comoros,COM,2023,1723.89474946474,34.1551138143977,71.4669532509404
"Congo, Dem. Rep.",COD,1994,136.542547670676,56.5440280393599,11.4686486844137
"Congo, Dem. Rep.",COD,1995,127.008078734668,56.5439892558885,11.3804283099182
"Congo, Dem. Rep.",COD,1996,127.416132828292,33.2619815378394,11.3804283099182
"Congo, Dem. Rep.",COD,1997,132.323520768553,47.50000059375,11.3363181226704
"Congo, Dem. Rep.",COD,1998,131.461338858019,46.4999674321061,11.3363181226704
"Congo, Dem. Rep.",COD,1999,96.3192243479286,52.3661649268665,11.2922079354227
"Congo, Dem. Rep.",COD,2000,377.925421481395,31.9723582652415,11.2922079354227
"Congo, Dem. Rep.",COD,2001,142.678142604412,32.8709040200447,11.2701528417988
"Congo, Dem. Rep.",COD,2002,162.38052907429,26.5837793204992,11.2701528417988
"Congo, Dem. Rep.",COD,2003,161.491553524396,26.0538388066067,11.2701528417988
"Congo, Dem. Rep.",COD,2004,180.664764963633,23.8793594908244,11.2701528417988
"Congo, Dem. Rep.",COD,2005,214.539740473519,19.8446510872333,11.2701528417988
"Congo, Dem. Rep.",COD,2006,255.445229568751,20.3859027537723,11.286032509208
"Congo, Dem. Rep.",COD,2007,294.101615124419,18.2652590798129,11.3142630290466
"Congo, Dem. Rep.",COD,2008,352.900363371995,18.2329625593996,11.3363181226704
"Congo, Dem. Rep.",COD,2009,280.178991035792,17.2150539616489,11.8599060453012
"Congo, Dem. Rep.",COD,2010,352.400398754692,28.8558506334207,12.5400851326614
"Congo, Dem. Rep.",COD,2011,372.514273875789,15.741544467002,13.0724950927417
"Congo, Dem. Rep.",COD,2012,409.931424783784,15.3232580698254,13.6238724333385
"Congo, Dem. Rep.",COD,2013,460.370334930107,13.6738761208634,13.8638318519662
"Congo, Dem. Rep.",COD,2014,489.175952097319,12.488689362081,14.2250942855252
"Congo, Dem. Rep.",COD,2015,495.826633014883,12.456053797914,14.3137557618932
"Congo, Dem. Rep.",COD,2016,459.765036590388,12.2895509013421,14.4116803775832
"Congo, Dem. Rep.",COD,2017,431.052559128788,12.2591059827241,14.6841490042125
"Congo, Dem. Rep.",COD,2018,518.169626875371,12.3021936655493,14.8275512229549
"Congo, Dem. Rep.",COD,2019,504.00419142286,13.1512157041087,14.9255199488322
"Congo, Dem. Rep.",COD,2020,486.425572682256,13.7461066368954,14.9434286848548
"Congo, Dem. Rep.",COD,2021,595.743074403567,11.3157062519,14.9450533953817
"Congo, Dem. Rep.",COD,2022,687.738587554685,10.3370074738162,15.3036258573918
"Congo, Dem. Rep.",COD,2023,660.21205238997,10.3773951595278,15.480763018019
"Congo, Rep.",COG,1961,139.872074436703,20.4918008725547,30.8866764275256
"Congo, Rep.",COG,1962,149.591249938458,19.8047222547018,30.8882869692533
"Congo, Rep.",COG,1963,150.65075197733,20.954081981224,30.8944363103953
"Congo, Rep.",COG,1964,158.061964516344,21.1097078757817,30.8800878477306
"Congo, Rep.",COG,1965,164.186892761636,19.1358005893414,30.8736456808199
"Congo, Rep.",COG,1966,177.551344246999,19.1881918819188,30.8726207906296
"Congo, Rep.",COG,1967,185.656603616519,19.8630170998317,30.8729136163982
"Congo, Rep.",COG,1968,190.84225732065,19.6141479099678,30.8732064421669
"Congo, Rep.",COG,1969,195.431023577377,17.7068317601345,30.8808199121523
"Congo, Rep.",COG,1970,196.7324156078,17.8947368421053,30.8856515373353
"Congo, Rep.",COG,1971,223.538723764898,17.1364090857692,30.893411420205
"Congo, Rep.",COG,1972,276.271849546575,16.4251207729469,30.8958828696925
"Congo, Rep.",COG,1973,353.380993825585,15.7284768211921,30.9071244509517
"Congo, Rep.",COG,1974,369.945183927696,15.1171043293116,30.9110541727672
"Congo, Rep.",COG,1975,471.473628201515,14.4768856447689,30.9169516837482
"Congo, Rep.",COG,1976,452.578147155598,13.477537437604,30.930972181552
"Congo, Rep.",COG,1977,448.136782421875,15.4255319148936,30.928093704246
"Congo, Rep.",COG,1978,502.704251443805,16.036308623298,30.7993674963397
"Congo, Rep.",COG,1979,670.245223116511,14.3137254901961,30.800439238653
"Congo, Rep.",COG,1980,932.646715470458,11.6814678135405,30.8109077598829
"Congo, Rep.",COG,1981,1066.18677734612,7.88259184050212,30.8226939970717
"Congo, Rep.",COG,1982,1130.97081000634,7.85915492957746,30.8963396778917
"Congo, Rep.",COG,1983,1075.34825792814,7.58258258258258,30.9090775988287
"Congo, Rep.",COG,1984,1097.04958637388,6.91704747000522,30.9156661786237
"Congo, Rep.",COG,1985,1049.31821372865,7.44743613514627,30.9336749633968
"Congo, Rep.",COG,1986,872.048697635314,12.0897031210353,30.9282254758419
"Congo, Rep.",COG,1987,1052.33893542503,11.9372858842385,30.8513382137628
"Congo, Rep.",COG,1988,984.376285838246,13.8670698027314,30.8582284040996
"Congo, Rep.",COG,1989,1032.8649749016,12.9345402954466,30.8634026354319
"Congo, Rep.",COG,1990,1175.66709098428,12.8608923884514,30.7974729136164
"Congo, Rep.",COG,1991,1112.53521242945,11.317809288409,30.8051390922401
"Congo, Rep.",COG,1992,1164.22442980292,11.527563111798,30.8039941434846
"Congo, Rep.",COG,1993,1034.37200809816,11.2485199315879,30.8193147877013
"Congo, Rep.",COG,1994,661.904273689712,10.3139378639195,30.787317715959
"Congo, Rep.",COG,1995,769.606794842829,10.4525658019315,30.7984978038067
"Congo, Rep.",COG,1996,898.794050151577,8.98668923597753,30.811121522694
"Congo, Rep.",COG,1997,804.304050086499,9.13919008630228,30.8492327964861
"Congo, Rep.",COG,1998,660.379775085784,10.9555690809495,30.8508843338214
"Congo, Rep.",COG,1999,776.416349733937,8.35575795211481,30.8745680819912
"Congo, Rep.",COG,2000,1024.30159109181,5.30425299890949,30.8636661786237
"Congo, Rep.",COG,2001,854.598314408095,5.79993165063711,30.8649897510981
"Congo, Rep.",COG,2002,905.538135544704,6.26158012257114,30.8633352855051
"Congo, Rep.",COG,2003,1016.82363412143,6.27522393936411,30.8643133235725
"Congo, Rep.",COG,2004,1306.10136324599,5.50940630344491,30.8734436310395
"Congo, Rep.",COG,2005,1799.05158366154,6.10423786651851,30.88039238653
"Congo, Rep.",COG,2006,2103.5821381211,4.81314641849445,30.8895197657394
"Congo, Rep.",COG,2007,2206.47101863414,4.91981108062473,30.8914231332357
"Congo, Rep.",COG,2008,2832.09177777643,4.24815097163364,30.8930483162518
"Congo, Rep.",COG,2009,2271.15219175966,5.27993327507586,30.9318155197657
"Congo, Rep.",COG,2010,2946.55798067708,4.03853452122591,30.9675080527086
"Congo, Rep.",COG,2011,3396.16505817952,3.98393619152519,31.0296193265007
"Congo, Rep.",COG,2012,3732.32737320389,3.79877492298434,31.045411420205
"Congo, Rep.",COG,2013,3697.41705884249,4.26008218811564,31.1297335285505
"Congo, Rep.",COG,2014,3601.2365808718,4.55765474287642,31.1315256222548
"Congo, Rep.",COG,2015,2439.35189403696,5.81058893116428,31.1081434846266
"Congo, Rep.",COG,2016,2093.10728558843,6.76365035154121,31.1140761346999
"Congo, Rep.",COG,2017,2211.63309874797,7.30993971951451,31.1174758418741
"Congo, Rep.",COG,2018,2694.43413191427,6.78839255400222,31.1317628111274
"Congo, Rep.",COG,2019,2488.42466724916,7.3469917082119,31.20878477306
"Congo, Rep.",COG,2020,1993.586671931,10.6904243097029,31.1645680819912
"Congo, Rep.",COG,2021,2516.16255145432,9.09674868938002,31.2521229868228
"Congo, Rep.",COG,2022,2620.83804267402,8.0419106943363,31.1897510980966
"Congo, Rep.",COG,2023,2477.97845544866,8.95211587630601,31.1900439238653
Costa Rica,CRI,1961,355.844447873806,25.8662417279319,27.3207990599295
Costa Rica,CRI,1962,335.221589042255,25.8268969024168,27.614571092832
Costa Rica,CRI,1963,345.505369052711,24.4638946637807,27.8104191147669
Costa Rica,CRI,1964,353.710896791701,24.5690344693715,29.0834312573443
Costa Rica,CRI,1965,373.835690063441,23.5204264467137,30.4543674108891
Costa Rica,CRI,1966,395.15249847305,23.1811409001558,32.021151586369
Costa Rica,CRI,1967,413.996506036274,23.2007591186526,32.0407363885625
Costa Rica,CRI,1968,444.805256869954,23.2781325858375,33.6075205640423
Costa Rica,CRI,1969,477.081346742249,23.1499651097207,35.0567959263611
Costa Rica,CRI,1970,535.539679724977,22.5197340032105,36.349392871132
Costa Rica,CRI,1971,570.360229534426,20.4245489880012,36.9565217391304
Costa Rica,CRI,1972,638.851011611456,20.0942087197838,36.9565217391304
Costa Rica,CRI,1973,768.944717412776,20.2275051146628,40.1096748922836
Costa Rica,CRI,1974,817.076691410389,19.4193271595097,40.1096748922836
Costa Rica,CRI,1975,936.993196686988,20.3384788708953,41.5589502546024
Costa Rica,CRI,1976,1123.28179124262,20.3761922265859,43.1844888366628
Costa Rica,CRI,1977,1393.37513762224,21.8854801027979,44.7904426165296
Costa Rica,CRI,1978,1555.83716115258,20.4137262893122,46.2201331766549
Costa Rica,CRI,1979,1734.59560248294,18.5014049368836,47.8456717587152
Costa Rica,CRI,1980,2020.99067534283,17.804639136257,49.2753623188406
Costa Rica,CRI,1981,1068.04672232202,23.0190514369806,50.9009009009009
Costa Rica,CRI,1982,1032.40548167496,24.4947189136394,52.4676850763807
Costa Rica,CRI,1983,1212.55765296791,21.997463538364,52.5264394829612
Costa Rica,CRI,1984,1372.20149843952,21.2079069559152,53.8190364277321
Costa Rica,CRI,1985,1429.37836415122,18.8666318377444,52.5068546807677
Costa Rica,CRI,1986,1568.5640969552,20.8977395912796,51.1555033294164
Costa Rica,CRI,1987,1567.0320510901,18.0706377528965,49.725812769291
Costa Rica,CRI,1988,1554.74048522018,17.9486468341879,48.2373678025852
Costa Rica,CRI,1989,1725.13936155907,17.2203938525142,46.5726596161379
Costa Rica,CRI,1990,1829.6687089559,15.78742116015,43.0591461026244
Costa Rica,CRI,1991,2253.3819611182,11.9445528075283,43.1574226400313
Costa Rica,CRI,1992,2612.38762395528,11.9001449669286,42.3031727379554
Costa Rica,CRI,1993,2840.38709085425,11.828232038992,41.382687034861
Costa Rica,CRI,1994,3039.56331706225,12.3199658167958,41.030160595378
Costa Rica,CRI,1995,3275.25258510331,12.7581293940096,40.1096748922836
Costa Rica,CRI,1996,3226.96401664833,12.1024941980247,39.0716803760282
Costa Rica,CRI,1997,3407.77611260904,12.5030924560432,38.2491186839013
Costa Rica,CRI,1998,3617.45758013205,12.6189694548626,37.5048962005484
Costa Rica,CRI,1999,3690.9615476017,11.1096934133681,36.9761065413239
Costa Rica,CRI,2000,3812.75386183689,9.24882276517189,36.036036036036
Costa Rica,CRI,2001,3985.12987980056,8.37953595911904,35.8989424206815
Costa Rica,CRI,2002,4067.71854177094,8.42775058192746,35.7618488053271
Costa Rica,CRI,2003,4173.14853766977,8.84007836690117,35.8206032119076
Costa Rica,CRI,2004,4431.01172024063,8.85240860590112,35.6835095965531
Costa Rica,CRI,2005,4703.00720463794,8.6222364609325,35.3505679592636
Costa Rica,CRI,2006,5256.59641275583,8.42982799061767,35.5464159811986
Costa Rica,CRI,2007,6137.71199435022,7.91531076967818,35.2526439482961
Costa Rica,CRI,2008,6937.24261660254,6.97696073274764,35.1155503329416
Costa Rica,CRI,2009,6832.69828187486,7.04962945476736,35.5660007833921
Costa Rica,CRI,2010,8265.78820580299,6.48518943828866,35.6247551899726
Costa Rica,CRI,2011,9276.39109377477,5.59987200236542,35.6247551899726
Costa Rica,CRI,2012,10126.9991155066,5.13084175441445,35.4876615746181
Costa Rica,CRI,2013,10803.2401795009,4.78335102557187,35.2722287504896
Costa Rica,CRI,2014,10911.4978703456,4.88788395875916,34.9588719153937
Costa Rica,CRI,2015,11714.7106121672,4.74911027286369,34.4533666274971
Costa Rica,CRI,2016,12091.0301560892,4.91435592970492,34.1310771641206
Costa Rica,CRI,2017,12317.0902779911,4.69977628322676,33.8087877007442
Costa Rica,CRI,2018,12620.0207321581,4.47325083104707,33.7196494320407
Costa Rica,CRI,2019,12951.8588421841,4.18025788974533,33.6305131218175
Costa Rica,CRI,2020,12475.6852076814,4.31579869146708,33.541374853114
Costa Rica,CRI,2021,12962.2716075659,4.34558711185467,33.342687034861
Costa Rica,CRI,2022,13971.7649991294,4.02952141180054,33.1439992166079
Costa Rica,CRI,2023,17140.771430122,3.73326442310783,33.1439992166079
Cote d'Ivoire,CIV,1961,162.262764436326,46.4068348778733,49.4778867924528
Cote d'Ivoire,CIV,1962,163.076679659123,45.9040526835101,49.8607610062893
Cote d'Ivoire,CIV,1963,185.076825958966,44.1671041468739,50.0469496855346
Cote d'Ivoire,CIV,1964,215.506240264261,39.8013597797274,50.3100974842767
Cote d'Ivoire,CIV,1965,207.044838566402,39.6184607037554,50.4925911949685
Cote d'Ivoire,CIV,1966,221.786392228948,37.4403808861126,50.6583396226415
Cote d'Ivoire,CIV,1967,225.620934131463,34.7597622296,50.832855345912
Cote d'Ivoire,CIV,1968,256.768714344803,35.5611587136181,50.9355188679245
Cote d'Ivoire,CIV,1969,262.192286003745,33.5688041515201,51.0204496855346
Cote d'Ivoire,CIV,1970,268.957733574566,31.8667651389485,51.1058836477987
Cote d'Ivoire,CIV,1971,280.333660150746,30.8803289634375,51.2895786163522
Cote d'Ivoire,CIV,1972,312.942348100524,29.8004716389671,51.2893081761006
Cote d'Ivoire,CIV,1973,405.568979472686,31.0499011421664,51.912606918239
Cote d'Ivoire,CIV,1974,474.223861362208,25.4668464493839,52.4069213836478
Cote d'Ivoire,CIV,1975,574.626405877437,28.2444581612681,52.8345094339623
Cote d'Ivoire,CIV,1976,660.538618229175,24.4793521015097,53.1435125786163
Cote d'Ivoire,CIV,1977,855.655691363342,24.265851604067,53.8837012578616
Cote d'Ivoire,CIV,1978,1039.11498268738,25.8806372127665,54.2558616352201
Cote d'Ivoire,CIV,1979,1157.00139805383,26.4023858645548,54.3718333333333
Cote d'Ivoire,CIV,1980,1237.80216768229,25.8802732626852,54.4679182389937
Cote d'Ivoire,CIV,1981,985.507547907408,26.5339983531472,54.8984150943396
Cote d'Ivoire,CIV,1982,849.479705391045,24.125313394537,55.3093993710692
Cote d'Ivoire,CIV,1983,737.449968695419,21.8819571311816,55.2955974842767
Cote d'Ivoire,CIV,1984,708.940252199945,24.1344709782802,56.2924528301887
Cote d'Ivoire,CIV,1985,694.951691466923,26.5375789197823,57.2657672955975
Cote d'Ivoire,CIV,1986,877.154956751363,28.4615445024844,57.6022075471698
Cote d'Ivoire,CIV,1987,929.611362954514,29.182352573433,57.9163836477987
Cote d'Ivoire,CIV,1988,909.534182158689,32.0393218910802,59.1586100628931
Cote d'Ivoire,CIV,1989,832.559837958259,32.7164401115348,58.2686132075472
Cote d'Ivoire,CIV,1990,885.647842214928,32.4984276683643,59.9286037735849
Cote d'Ivoire,CIV,1991,827.241889166985,33.2939429328014,58.5856635220126
Cote d'Ivoire,CIV,1992,844.902223806738,34.0096869237108,58.6314622641509
Cote d'Ivoire,CIV,1993,804.149657211252,28.2152062734036,61.3270440251572
Cote d'Ivoire,CIV,1994,581.888468577405,25.2636305085389,59.7674528301887
Cote d'Ivoire,CIV,1995,740.4730999133,24.727605801392,62.1001572327044
Cote d'Ivoire,CIV,1996,1170.23622049666,16.526725263958,62.0582044025157
Cote d'Ivoire,CIV,1997,1124.65674867927,15.1463001011509,61.3082012578616
Cote d'Ivoire,CIV,1998,1177.37133815342,15.5416187703162,61.6021855345912
Cote d'Ivoire,CIV,1999,1096.13520587572,15.2177670996904,61.8879308176101
Cote d'Ivoire,CIV,2000,936.636541348798,16.195154514693,62.124572327044
Cote d'Ivoire,CIV,2001,924.727294962066,17.2770975527184,60.5841698113208
Cote d'Ivoire,CIV,2002,967.815864415991,18.737314157226,60.9599433962264
Cote d'Ivoire,CIV,2003,1111.17135087887,20.7760202202729,61.0849088050314
Cote d'Ivoire,CIV,2004,1199.82524528546,16.640018984398,63.403606918239
Cote d'Ivoire,CIV,2005,1197.74616979415,16.0651853584803,64.1655880503145
Cote d'Ivoire,CIV,2006,1230.43056838584,15.9447949066292,65.0364025157233
Cote d'Ivoire,CIV,2007,1367.53817722326,15.5787463255399,66.0606006289308
Cote d'Ivoire,CIV,2008,1583.97066701372,16.1854841829726,65.7955125786164
Cote d'Ivoire,CIV,2009,1540.45393569596,15.2495816385759,65.6981257861635
Cote d'Ivoire,CIV,2010,1553.54887048143,17.4889170707842,65.7358081761006
Cote d'Ivoire,CIV,2011,1596.62826565998,18.4866714886447,66.200179245283
Cote d'Ivoire,CIV,2012,1546.9460184731,16.3751498758861,68.963858490566
Cote d'Ivoire,CIV,2013,1786.15862031324,15.3429019354945,70.8868805031447
Cote d'Ivoire,CIV,2014,1991.36539423404,15.2417555256185,72.5917201257862
Cote d'Ivoire,CIV,2015,1814.71855088017,18.3620416868752,76.9368119496855
Cote d'Ivoire,CIV,2016,1862.59597081287,17.4349684074971,75.4266364779874
Cote d'Ivoire,CIV,2017,1964.29930338343,16.9409871496938,77.7044808176101
Cote d'Ivoire,CIV,2018,2130.86619381144,17.8526014022659,81.3420738993711
Cote d'Ivoire,CIV,2019,2141.76836170115,15.6880480775561,81.5248
Cote d'Ivoire,CIV,2020,2179.72934832935,16.9334154768944,82.6258229559748
Cote d'Ivoire,CIV,2021,2455.98127641148,16.1805529630135,84.3928672955975
Cote d'Ivoire,CIV,2022,2333.37128301259,16.5843332097616,84.1568125786164
Cote d'Ivoire,CIV,2023,2591.9659048119,15.9442578438607,86.4758163522013
Croatia,HRV,1995,4929.02083885825,5.65029269534233,41.709890896083
Croatia,HRV,1996,5299.74887884048,5.59020559020559,34.5659163987138
Croatia,HRV,1997,5330.9148941072,5.24173027989822,34.6730975348339
Croatia,HRV,1998,5712.49829262763,5.31836584468163,36.6302986943302
Croatia,HRV,1999,5269.01488637462,5.40140750369806,36.3441244857807
Croatia,HRV,2000,4953.57515008131,4.96557479657834,20.9078552010302
Croatia,HRV,2001,5364.88188501029,4.96195061344929,21.0688224352554
Croatia,HRV,2002,6219.56093667781,4.84150263278793,21.1224781799971
Croatia,HRV,2003,8189.99059314699,3.93491029303206,21.3708812808234
Croatia,HRV,2004,9718.92771524605,4.41827966580442,21.0135086841541
Croatia,HRV,2005,10443.4484003498,3.86667035184213,21.6389107283254
Croatia,HRV,2006,11501.2327422844,3.9782223347683,21.9784146951612
Croatia,HRV,2007,13755.8149054063,3.6914613286487,21.4780930598242
Croatia,HRV,2008,15888.1184388903,3.88143056599721,23.0344507183189
Croatia,HRV,2009,14474.52513863,3.98639120800412,23.2220713315703
Croatia,HRV,2010,13729.7472872883,3.64384300678865,23.8331784718748
Croatia,HRV,2011,14691.591757962,3.62557825538414,23.6955900221571
Croatia,HRV,2012,13507.6349882758,3.2841419035074,23.7831463083411
Croatia,HRV,2013,14135.0903485872,3.43748613022059,28.0055035379887
Croatia,HRV,2014,14186.7712230471,2.93973433181778,26.954828103781
Croatia,HRV,2015,12283.8750299177,2.96305965278684,27.4676577800014
Croatia,HRV,2016,12820.1872746645,3.05890762309212,27.6249017225359
Croatia,HRV,2017,13901.6498657787,2.8894876538245,26.7493388606962
Croatia,HRV,2018,15460.4560798984,2.95114617844763,26.5170466728611
Croatia,HRV,2019,15563.7354996625,2.85761119003388,26.8744192695304
Croatia,HRV,2020,14807.5559227544,3.12943402175627,26.8942101501072
Croatia,HRV,2021,17788.7601163765,3.35944329225443,26.3759828448892
Croatia,HRV,2022,18465.531473659,3.39283865528818,25.8756254467477
Croatia,HRV,2023,22183.4982258492,2.68355517389438,26.554681915654
Cuba,CUB,1970,645.144917797076,12.1213572754158,46.7597765363128
Cuba,CUB,1971,770.084969682323,12.1190411951514,47.2346368715084
Cuba,CUB,1972,891.631749208781,12.1189137527985,51.9646182495345
Cuba,CUB,1973,1079.13081526456,12.1232424705138,54.4785847299814
Cuba,CUB,1974,1216.74148211883,12.1325954504947,52.4301675977654
Cuba,CUB,1975,1374.2396398274,12.1129919216796,54.096834264432
Cuba,CUB,1976,1440.73046137146,12.1074651055828,55.8379888268156
Cuba,CUB,1977,1472.37881716617,12.1182763453933,56.219739292365
Cuba,CUB,1978,1837.39107006762,12.1448829330445,55.3817504655494
Cuba,CUB,1979,2005.91326318373,12.1793628540898,54.5810055865922
Cuba,CUB,1980,2030.93362280165,12.0149722673701,55.2793296089385
Cuba,CUB,1981,2045.85231227999,12.0798309284975,55.2886405959032
Cuba,CUB,1982,2113.80858874548,12.1723302775881,56.6387337057728
Cuba,CUB,1983,2222.48851241339,12.2779186850881,57.5325884543762
Cuba,CUB,1984,2386.44595066854,12.3517614106826,57.1880819366853
Cuba,CUB,1985,2256.56948668495,11.1930215379002,57.9329608938547
Cuba,CUB,1986,2364.89559789307,12.4041228191342,60.0651769087523
Cuba,CUB,1987,2439.58400332393,12.6348277208091,62.6256983240224
Cuba,CUB,1988,2632.04176839158,12.8058601892687,63.2029795158287
Cuba,CUB,1989,2565.54117909344,12.72097416893,63.0540037243948
Cuba,CUB,1990,2694.31697957692,13.0405490537015,62.7653631284916
Cuba,CUB,1991,2268.83493247194,12.775946796913,62.8957169459963
Cuba,CUB,1992,2047.67900346421,12.4266193793043,63.0819366852886
Cuba,CUB,1993,2063.20366253587,9.57115301865687,62.6629422718808
Cuba,CUB,1994,2613.28971869122,7.89980770160529,62.2532588454376
Cuba,CUB,1995,2785.24442954103,6.88329772311116,62.2346368715084
Cuba,CUB,1996,2282.18809324202,7.13344405401036,61.5921787709497
Cuba,CUB,1997,2306.42483397336,7.18681149838274,62.2625698324022
Cuba,CUB,1998,2332.30656133119,6.11742205120518,62.1415270018622
Cuba,CUB,1999,2561.77980406838,6.12417967863001,62.0111731843575
Cuba,CUB,2000,2751.3817714814,6.60125501383918,61.024208566108
Cuba,CUB,2001,2842.96704310394,6.37956720450471,61.9739292364991
Cuba,CUB,2002,3005.21104247868,5.94572870305592,62.5434721308394
Cuba,CUB,2003,3202.78109865637,5.74521185921362,62.3872180451128
Cuba,CUB,2004,3399.21962893402,5.4744391801691,61.3476177051029
Cuba,CUB,2005,3786.33799225291,4.36365221842694,62.3543780533634
Cuba,CUB,2006,4329.98265964383,3.40501452330934,62.294465846096
Cuba,CUB,2007,4807.43888960684,3.90810167923978,62.1946636602781
Cuba,CUB,2008,4986.12436479175,3.81703869500364,61.6967305524239
Cuba,CUB,2009,5089.23519757167,3.93041237113402,61.1969184517099
Cuba,CUB,2010,5272.26755824835,3.61428926750404,60.7027433295753
Cuba,CUB,2011,6104.46105236166,3.60487027105378,59.9627560521415
Cuba,CUB,2012,6470.83673392653,3.85009775638835,60.062447842924
Cuba,CUB,2013,6828.36428245396,3.92492352361694,60.8549222797927
Cuba,CUB,2014,7146.70459051328,3.93770588957314,60.3622380311479
Cuba,CUB,2015,7727.91997207998,3.83575415916853,59.9452449567723
Cuba,CUB,2016,8110.55874283616,3.9383388809409,59.8490965013456
Cuba,CUB,2017,8610.60829605429,3.80018101210528,60.6936416184971
Cuba,CUB,2018,8911.46205998726,3.78237294808932,60.6936416184971
Cuba,CUB,2019,9232.26115935183,3.56732632295441,61.6666666666667
Cuba,CUB,2020,9605.27914559614,2.7619420225054,61.6666666666667
Cyprus,CYP,1975,976.329895019531,15.7198437022472,19.512987012987
Cyprus,CYP,1976,1157.41162109375,15.9029591482589,19.2532467532468
Cyprus,CYP,1977,1476.24755859375,13.2120032208743,19.0584415584416
Cyprus,CYP,1978,1929.39929199219,10.918070188048,18.8636363636364
Cyprus,CYP,1979,2559.22900390625,10.2413469962936,18.6688311688312
Cyprus,CYP,1980,4232.02294921875,9.5883167518533,18.5606060606061
Cyprus,CYP,1981,4033.24047851563,9.25799218017833,19.0367965367965
Cyprus,CYP,1982,4122.78466796875,9.26919497727659,19.6969696969697
Cyprus,CYP,1983,4091.04858398438,7.9000609267801,19.8051948051948
Cyprus,CYP,1984,4258.74365234375,8.94272275453192,19.6969696969697
Cyprus,CYP,1985,4488.287109375,7.48886905420959,17.6190476190476
Cyprus,CYP,1986,5642.63134765625,7.32712682338318,17.6623376623377
Cyprus,CYP,1987,6690.578125,7.43175041511978,17.5757575757576
Cyprus,CYP,1988,7645.6298828125,7.17470720245926,17.4675324675325
Cyprus,CYP,1989,8038.9140625,6.92986006638551,17.4675324675325
Cyprus,CYP,1990,9641.5751953125,6.8591767823588,17.3809523809524
Cyprus,CYP,1991,9696.099609375,6.19134855754697,17.2294372294372
Cyprus,CYP,1992,11310.072265625,5.72367756161448,17.2727272727273
Cyprus,CYP,1993,10526.1416015625,5.61272712074519,17.1753246753247
Cyprus,CYP,1994,11617.6923828125,5.06752181727584,15.5194805194805
Cyprus,CYP,1995,15261.4169921875,4.77612601202217,15.487012987013
Cyprus,CYP,1996,15139.220703125,4.57820894953766,15.4978354978355
Cyprus,CYP,1997,14234.2412109375,3.92033854684487,15.3896103896104
Cyprus,CYP,1998,15092.828125,4.33453178052136,15.6060606060606
Cyprus,CYP,1999,15287.91796875,3.89894323212311,15.6060606060606
Cyprus,CYP,2000,14388.3525390625,3.64726364853406,15.3138528138528
Cyprus,CYP,2001,14821.44921875,3.86079645311557,15.1515151515152
Cyprus,CYP,2002,16093.2158203125,3.78826774823824,15.1515151515152
Cyprus,CYP,2003,20252.24609375,3.3529015922721,16.6666666666667
Cyprus,CYP,2004,23792.619140625,3.08333142687938,16.8831168831169
Cyprus,CYP,2005,24959.26171875,2.73852781486715,18.0735930735931
Cyprus,CYP,2006,26729.28125,2.2759759957395,16.991341991342
Cyprus,CYP,2007,31244.87890625,2.02353280851406,15.9307359307359
Cyprus,CYP,2008,35541.88671875,2.09331209487447,12.5108225108225
Cyprus,CYP,2009,32236.462890625,1.98881944002316,13.8095238095238
Cyprus,CYP,2010,31105.02734375,2.05766089497283,12.3917748917749
Cyprus,CYP,2011,32485.8046875,2.14531860991971,12.5865800865801
Cyprus,CYP,2012,28991.9296875,2.00128009868188,12.6515151515152
Cyprus,CYP,2013,27764.7265625,2.03633566673278,11.7781385281385
Cyprus,CYP,2014,26993.095703125,1.84487621232733,11.7943722943723
Cyprus,CYP,2015,23088.4296875,1.86798451841109,13.7099567099567
Cyprus,CYP,2016,24280.044921875,2.14376219902412,11.8387445887446
Cyprus,CYP,2017,26247.46484375,1.85263298228741,13.1406926406926
Cyprus,CYP,2018,29120.38671875,1.71813809861456,14.3340800865801
Cyprus,CYP,2019,29227.16796875,1.74820535403514,13.5636796536797
Cyprus,CYP,2020,28130.330078125,1.82533569194245,13.8147186147186
Cyprus,CYP,2021,32937.8359375,1.50250271739903,13.160854978355
Cyprus,CYP,2022,33231.05078125,1.186076126012,13.3160497835498
Cyprus,CYP,2023,36623.70703125,1.15495918435607,13.9606385281385
Czechia,CZE,1993,3984.1463439879,4.22350146875076,55.4160735084768
Czechia,CZE,1994,4663.28665345469,4.24074163093722,55.441956774945
Czechia,CZE,1995,5865.29460556726,4.00524760340161,55.3901902420085
Czechia,CZE,1996,6573.19643136362,3.8690482658501,55.3901902420085
Czechia,CZE,1997,6069.38762357837,3.46666680118219,55.3901902420085
Czechia,CZE,1998,6526.59635780951,3.48547916808829,55.441956774945
Czechia,CZE,1999,6377.6211077224,3.19661267380446,55.4160735084768
Czechia,CZE,2000,6062.92152842793,3.23023711297245,55.3901902420085
Czechia,CZE,2001,6669.07494847497,3.18771526493166,55.3643069755403
Czechia,CZE,2002,8101.26018588111,2.64625253192312,47.2636210689789
Czechia,CZE,2003,9852.45677945801,2.43103462272479,47.475346188689
Czechia,CZE,2004,11782.5546676117,2.40804306787699,47.0022003624126
Czechia,CZE,2005,13442.4916284309,2.28125770679761,46.6669686771939
Czechia,CZE,2006,15259.0788162004,2.16293341098596,46.1611650485437
Czechia,CZE,2007,18452.6532812196,2.08871530033094,46.5592233009709
Czechia,CZE,2008,22774.7045076205,1.92036584435566,46.2404194717763
Czechia,CZE,2009,19817.4215836554,1.75886230026321,45.907172449508
Czechia,CZE,2010,20160.4355077059,1.52258196973334,45.6289006862618
Czechia,CZE,2011,22049.1080788682,1.96393230867654,45.3714877638224
Czechia,CZE,2012,20014.0354015165,2.23162666151254,45.6544089084553
Czechia,CZE,2013,20260.4954999375,2.34758315581321,45.5969955969956
Czechia,CZE,2014,20038.4163180257,2.39269564510297,45.5322455322455
Czechia,CZE,2015,17931.5987670768,2.25892571347988,45.2532055433234
Czechia,CZE,2016,18753.9686718096,2.14809736879598,45.17549540215
Czechia,CZE,2017,20913.197632212,2.10545968755889,45.6029011786038
Czechia,CZE,2018,23705.9329811299,1.96856224682798,45.628804558995
Czechia,CZE,2019,24062.7190013343,1.89151770908811,45.6399997409511
Czechia,CZE,2020,23472.8915454417,1.94399138825301,45.6468665918898
Czechia,CZE,2021,27696.4619527544,1.75886666492278,45.730560511424
Czechia,CZE,2022,28282.2236715857,2.07634975500264,45.7476202749375
Czechia,CZE,2023,31761.5944102491,2.14121915412639,45.8019594048309
Denmark,DNK,1966,2487.13627144432,6.68924060876016,75.675
Denmark,DNK,1967,2700.74637883336,5.75493896903453,75.575
Denmark,DNK,1968,2776.13544525805,5.4042485924281,75.425
Denmark,DNK,1969,3151.13324311543,5.62152711614051,74.775
Denmark,DNK,1970,3464.45518278408,4.60433455007898,74.375
Denmark,DNK,1971,3845.59906810072,4.55777369450511,73.775
Denmark,DNK,1972,4653.95587889115,4.78618460399117,73.9
Denmark,DNK,1973,6116.89199229142,5.27838191236212,74.65
Denmark,DNK,1974,6763.86592918646,5.16159777738465,73.3
Denmark,DNK,1975,7988.15613263518,4.42034536865508,73.425
Denmark,DNK,1976,8773.3396162771,4.30406721575534,73.325
Denmark,DNK,1977,9769.57864283968,4.67039341155922,73.175
Denmark,DNK,1978,11817.6250875179,4.71236806999629,73.025
Denmark,DNK,1979,13757.2343740839,3.97186855390761,73.0
Denmark,DNK,1980,13822.1578405912,4.09267654952705,72.625
Denmark,DNK,1981,12000.2103769191,4.35894875975102,72.425
Denmark,DNK,1982,11740.2199128271,4.67793580143557,72.175
Denmark,DNK,1983,11796.5691955784,4.05222646088553,71.15
Denmark,DNK,1984,11516.6821578436,4.67206470866529,71.375
Denmark,DNK,1985,12212.7873997293,4.23329294080071,70.85
Denmark,DNK,1986,17136.6297376226,3.89189336921901,70.475
Denmark,DNK,1987,21295.6768566078,3.45881482250819,69.95
Denmark,DNK,1988,22524.5792595476,3.16230679885588,69.675
Denmark,DNK,1989,21882.1517463842,3.50423498246977,69.35
Denmark,DNK,1990,26885.6994188191,3.2807399838791,69.7
Denmark,DNK,1991,27002.8057705804,3.01659707418614,69.25
Denmark,DNK,1992,29579.4913648682,2.770482903403,68.9
Denmark,DNK,1993,27581.7241097459,2.6666867919779,68.475
Denmark,DNK,1994,29967.8303903163,2.58125029411355,67.275
Denmark,DNK,1995,35321.0980773087,2.83084838376944,68.15
Denmark,DNK,1996,35621.9878051732,2.76583528047113,67.9
Denmark,DNK,1997,32779.879045297,2.613583999477,67.2
Denmark,DNK,1998,33346.4884298957,2.12314558817745,66.8
Denmark,DNK,1999,33426.2381077405,1.92043851886527,66.1
Denmark,DNK,2000,30722.0251837567,2.14953012591578,66.175
Denmark,DNK,2001,30768.4775471112,2.30981410923114,66.9
Denmark,DNK,2002,33257.1622586509,1.7548454579579,66.625
Denmark,DNK,2003,40519.0974905924,1.58700357166721,66.45
Denmark,DNK,2004,46625.050098011,1.5968233470381,66.15
Denmark,DNK,2005,48925.8076698784,1.13056388790591,67.675
Denmark,DNK,2006,52119.1787984282,1.14680871658905,67.75
Denmark,DNK,2007,58631.6566433635,1.17038366975969,66.575
Denmark,DNK,2008,64616.6657583663,0.841682850350501,66.7
Denmark,DNK,2009,58412.7472358513,0.806945931238911,65.85
Denmark,DNK,2010,58104.5445594981,1.1884393485634,65.65
Denmark,DNK,2011,61809.737898222,1.26832807403315,67.25
Denmark,DNK,2012,58443.7747103968,1.61758219917433,65.6
Denmark,DNK,2013,61377.5940590412,1.25664041508446,65.7
Denmark,DNK,2014,62520.4509747011,1.35342720224903,66.315775
Denmark,DNK,2015,53094.0133607574,0.908318060929302,65.847475
Denmark,DNK,2016,54500.9260410217,0.92879780499665,65.6275
Denmark,DNK,2017,57521.5514992225,1.25985806734514,65.7825
Denmark,DNK,2018,61324.7665045565,0.99704488734783,65.8125
Denmark,DNK,2019,59404.2663247723,1.24122741169144,65.649125
Denmark,DNK,2020,60985.4885601514,1.33752008668451,65.499675
Denmark,DNK,2021,69340.7334922138,1.08103120928969,65.45
Denmark,DNK,2022,67781.0940939514,1.00228533729664,65.6
Denmark,DNK,2023,68043.5466971243,1.03787056976317,65.525
Djibouti,DJI,2013,2075.94498424748,1.19392304728354,73.4598792062122
Djibouti,DJI,2014,2214.62084142432,1.22411023326762,73.4598792062122
Djibouti,DJI,2015,2376.12554719873,1.05900752644099,73.4598792062122
Djibouti,DJI,2016,2510.4300076241,0.99558771996226,73.4598792062122
Djibouti,DJI,2017,2618.95521147369,1.29424095183589,73.4598792062122
Djibouti,DJI,2018,2718.08338799203,1.41671102035767,73.4598792062122
Djibouti,DJI,2019,2837.16902340932,1.51935229833123,73.4598792062122
Djibouti,DJI,2020,2844.88810647853,1.99744473588682,73.5030198446937
Djibouti,DJI,2021,3025.91126413549,3.00716226184265,73.5030198446937
Djibouti,DJI,2022,3133.25779772463,2.63101792247644,73.5030198446937
Djibouti,DJI,2023,3381.29779710722,2.50202235262172,73.5073339085419
Dominica,DMA,1977,633.551741670682,24.6805674009853,25.3333333333333
Dominica,DMA,1978,785.575814800555,25.835201482731,25.3333333333333
Dominica,DMA,1979,754.091460805232,22.5661930882667,25.3333333333333
Dominica,DMA,1980,996.191362332325,21.4602898500118,25.3333333333333
Dominica,DMA,1981,1124.97453088416,20.8753647819751,25.3333333333333
Dominica,DMA,1982,1231.66928057818,19.6207796218154,25.3333333333333
Dominica,DMA,1983,1363.43800844996,18.7618341906366,25.3333333333333
Dominica,DMA,1984,1514.89217748336,18.2702716351749,25.3333333333333
Dominica,DMA,1985,1665.53207185218,18.3794077851572,25.3333333333333
Dominica,DMA,1986,1892.86556477773,20.1174745398996,25.3333333333333
Dominica,DMA,1987,2138.30385149099,19.7571835156485,25.3333333333333
Dominica,DMA,1988,2423.32574317463,18.8713535619403,24.0
Dominica,DMA,1989,2639.0495483153,15.4908393924286,24.0
Dominica,DMA,1990,2892.9815966454,16.3424410693929,24.0
Dominica,DMA,1991,3171.36577815405,15.6818794660914,24.0
Dominica,DMA,1992,3376.26050139573,14.8221406418128,24.0
Dominica,DMA,1993,3536.15609185727,14.1600796476196,24.0
Dominica,DMA,1994,3805.20278759984,14.4057942589765,24.0
Dominica,DMA,1995,3951.72267086358,12.1665924636743,22.6666666666667
Dominica,DMA,1996,4210.99532034556,12.9718565074699,22.6666666666667
Dominica,DMA,1997,4372.19712966838,12.5441588128155,22.6666666666667
Dominica,DMA,1998,4664.24268142919,12.0653410069959,22.6666666666667
Dominica,DMA,1999,4817.18105502046,12.137315099079,25.3333333333333
Dominica,DMA,2000,4867.39896323759,11.9039950242678,28.0
Dominica,DMA,2001,5527.51527300496,11.2162095864201,29.3333333333333
Dominica,DMA,2002,5488.02784969357,10.6284055910922,29.3333333333333
Dominica,DMA,2003,5447.44011496284,11.2514385491488,29.3333333333333
Dominica,DMA,2004,5778.83306546506,11.5393233251176,29.3333333333333
Dominica,DMA,2005,5695.22442394675,11.9146963375058,29.3333333333333
Dominica,DMA,2006,6055.78109574854,10.9500275550657,29.3333333333333
Dominica,DMA,2007,6459.03503689609,10.9932120101612,29.3333333333333
Dominica,DMA,2008,6971.32633839289,12.357929336965,29.3333333333333
Dominica,DMA,2009,7487.49010395154,13.2921985102394,30.6666666666667
Dominica,DMA,2010,7549.61964680375,12.1671107564725,33.3333333333333
Dominica,DMA,2011,7705.40717248319,13.1398699725745,33.3333333333333
Dominica,DMA,2012,7528.51001990155,12.5284705614395,33.3333333333333
Dominica,DMA,2013,7822.21797211398,14.0710957769054,33.3333333333333
Dominica,DMA,2014,8131.74876096735,13.5810858914367,33.3333333333333
Dominica,DMA,2015,8282.59874702141,13.5413888147951,33.3333333333333
Dominica,DMA,2016,8802.56172041363,13.5004110450215,33.3333333333333
Dominica,DMA,2017,8224.64896571414,11.743783940147,33.3333333333333
Dominica,DMA,2018,9215.3085405645,9.64769551837572,33.3333333333333
Dominica,DMA,2019,9491.14995962374,10.1167002012072,33.3333333333333
Dominica,DMA,2020,7827.74842680426,12.2529146098099,33.3333333333333
Dominica,DMA,2021,8376.40414141113,14.0151066545603,33.3333333333333
Dominica,DMA,2022,9323.66089490562,12.9438199575573,33.3333333333333
Dominica,DMA,2023,9912.96212766668,12.1097217072814,33.3333333333333
Dominican Republic,DOM,1965,233.160574151022,23.2406260556244,46.5742082384599
Dominican Republic,DOM,1966,250.876691518053,21.9127960158553,46.8847029600497
Dominican Republic,DOM,1967,256.20659739416,20.3324313877078,47.1951976816394
Dominican Republic,DOM,1968,259.574438400563,20.3224909646928,47.4021941626992
Dominican Republic,DOM,1969,287.699305710615,21.3002844372206,48.2301800869385
Dominican Republic,DOM,1970,337.668123719964,23.2379670144732,48.3336783274684
Dominican Republic,DOM,1971,368.349647697268,22.2382238223822,48.5199751604223
Dominican Republic,DOM,1972,427.224846368664,20.5796518063802,49.0581660111778
Dominican Republic,DOM,1973,490.3154952703,22.2279085636302,49.7826536948872
Dominican Republic,DOM,1974,595.356677805143,22.1519636326349,50.1966466570068
Dominican Republic,DOM,1975,713.168169144024,21.471438097355,50.8176361001863
Dominican Republic,DOM,1976,762.778347016951,19.0484626091358,51.9561167460153
Dominican Republic,DOM,1977,862.976049221109,20.0671448191668,52.5771061891948
Dominican Republic,DOM,1978,868.397371769969,18.7204291990537,53.0945973918443
Dominican Republic,DOM,1979,983.739706495351,18.6731650541936,53.6120885944939
Dominican Republic,DOM,1980,1180.18089253045,19.7595137029861,54.2330780376734
Dominican Republic,DOM,1981,1288.46563140235,17.8540727123643,54.3365762782033
Dominican Republic,DOM,1982,1376.26820466534,17.0670355855529,54.4400745187332
Dominican Republic,DOM,1983,1499.95575255789,16.1052415244127,54.4400745187332
Dominican Republic,DOM,1984,1843.52460788928,16.517164912886,54.4400745187332
Dominican Republic,DOM,1985,784.488809604008,13.1004082334509,54.4400745187332
Dominican Republic,DOM,1986,931.659530115685,17.3671452754953,54.5849720554751
Dominican Republic,DOM,1987,868.087557831807,11.8686287025299,54.5849720554751
Dominican Republic,DOM,1988,783.913142122635,15.747097304455,54.5849720554751
Dominican Republic,DOM,1989,954.914504449885,13.8277765197084,54.3796998551025
Dominican Republic,DOM,1990,989.163941207659,13.4228238663577,54.1744297246947
Dominican Republic,DOM,1991,1345.84673690623,12.5057311640825,53.9691575243221
Dominican Republic,DOM,1992,1558.29782071075,12.0128371082942,53.7638853239495
Dominican Republic,DOM,1993,1722.41995993981,10.7814961902425,53.5586151935417
Dominican Republic,DOM,1994,1891.67055679,9.99448520139276,53.3533429931691
Dominican Republic,DOM,1995,2109.16940728689,9.81477760955715,53.1480707927965
Dominican Republic,DOM,1996,2270.86558687203,9.19340246436474,52.9428006623887
Dominican Republic,DOM,1997,2448.89393535363,9.14429903486216,52.7375284620162
Dominican Republic,DOM,1998,2607.85457321405,8.99180996244975,52.5322562616436
Dominican Republic,DOM,1999,2620.8896817272,7.82103071357272,52.2648871869178
Dominican Republic,DOM,2000,2831.45883638033,6.71834204747894,52.0596149865452
Dominican Republic,DOM,2001,2935.89367312668,6.99751861270975,52.0596149865452
Dominican Republic,DOM,2002,3065.60329524196,6.80511921829037,52.0596149865452
Dominican Republic,DOM,2003,2383.26171780393,6.69384984394826,49.030830055889
Dominican Republic,DOM,2004,2451.69161616569,7.02047299255392,48.0828234320017
Dominican Republic,DOM,2005,3878.31206735244,7.21193528375622,48.2908052163113
Dominican Republic,DOM,2006,4055.14270347371,6.8587193196752,47.6230656178845
Dominican Republic,DOM,2007,4649.64558875814,6.51157391056705,47.8957917615401
Dominican Republic,DOM,2008,5023.58513403515,6.27099180121697,46.9829931691161
Dominican Republic,DOM,2009,4973.95186999952,6.01021373970952,48.1226019457669
Dominican Republic,DOM,2010,5478.62470398954,5.87493178504912,47.5629331401366
Dominican Republic,DOM,2011,5826.51014109195,5.4136207001604,48.0161270958394
Dominican Republic,DOM,2012,6013.81965002603,5.13892705786417,47.674021941627
Dominican Republic,DOM,2013,6136.59429329301,4.99410588425629,50.0752101014283
Dominican Republic,DOM,2014,6496.45166971142,4.83780303264764,50.2703291244049
Dominican Republic,DOM,2015,6800.95309395474,5.05883234424627,50.0964851997516
Dominican Republic,DOM,2016,7160.44200982307,5.02704510564373,51.825944938936
Dominican Republic,DOM,2017,7412.71571571512,4.83760934052653,52.3864086110536
Dominican Republic,DOM,2018,7882.98221584944,4.57147323875274,53.3660298074933
Dominican Republic,DOM,2019,8183.01623600375,4.32511956961036,53.7012184317945
Dominican Republic,DOM,2020,7135.22273255899,4.52252840237889,52.3243921638275
Dominican Republic,DOM,2021,8527.0754858205,4.21567590284055,52.4107297353709
Dominican Republic,DOM,2022,10104.2464008585,4.15371984188711,54.6941243644449
Dominican Republic,DOM,2023,10630.431743829,4.29425303998525,55.3530808941944
Ecuador,ECU,1961,371.395176462235,34.0353982997317,17.0134373645427
Ecuador,ECU,1962,312.43541024174,35.2529029760529,17.0134373645427
Ecuador,ECU,1963,364.743594141305,34.195749948199,17.0495593122381
Ecuador,ECU,1964,435.763463220837,31.8358566455411,17.0495593122381
Ecuador,ECU,1965,450.049782719552,31.3130788162474,17.0856812599335
Ecuador,ECU,1966,444.623111980641,28.0337459253875,17.0856812599335
Ecuador,ECU,1967,453.645285895565,28.4055380642007,17.121803207629
Ecuador,ECU,1968,445.227989157148,29.2818942533795,17.1037422337812
Ecuador,ECU,1969,520.843984636492,26.2521799930883,17.3204739199538
Ecuador,ECU,1970,465.040319805007,26.0292779221651,17.5372056061263
Ecuador,ECU,1971,434.415880347799,25.2587816484435,17.7539372922988
Ecuador,ECU,1972,487.972047217986,25.8356518844639,17.9706689784713
Ecuador,ECU,1973,578.954930783286,25.3754990501017,18.1874006646438
Ecuador,ECU,1974,953.846558260516,24.0938427821548,18.6678225689929
Ecuador,ECU,1975,1086.17615086517,22.3551822334737,19.4516688339835
Ecuador,ECU,1976,1241.91098461141,20.1177300940648,20.0657419448057
Ecuador,ECU,1977,1464.94058354719,18.7030722359671,21.0771564802774
Ecuador,ECU,1978,1541.13760425322,18.2001239092383,21.6912295910996
Ecuador,ECU,1979,1783.29280581578,16.0225688613038,22.3594856234648
Ecuador,ECU,1980,2189.78417657382,16.1108945516136,23.3997977170929
Ecuador,ECU,1981,2600.57152797996,15.7664394894899,24.4148244473342
Ecuador,ECU,1982,2314.38354547989,15.9260653705014,25.1408755960121
Ecuador,ECU,1983,1940.23393200801,16.900845128291,25.6285218899003
Ecuador,ECU,1984,1863.68213493779,18.6133403784386,26.206473053027
Ecuador,ECU,1985,1841.77905481426,18.8789498131776,26.8024851900014
Ecuador,ECU,1986,1604.24698102055,20.8114914655921,27.3804363531282
Ecuador,ECU,1987,1426.01629151663,21.3475716289276,27.8897558156336
Ecuador,ECU,1988,1303.77906073184,22.0108036177632,27.9078167894813
Ecuador,ECU,1989,1356.28045636224,22.4006908587262,28.0053460482589
Ecuador,ECU,1990,1455.00748510871,20.5210053878115,28.3412801618263
Ecuador,ECU,1991,1587.36049996672,20.8630768323822,28.5869094061552
Ecuador,ECU,1992,1655.44613192632,18.9221169961655,28.7277850021673
Ecuador,ECU,1993,1697.88884141445,23.4031589633143,28.8072532870972
Ecuador,ECU,1994,1996.85894789444,22.1459459595206,29.3635312816067
Ecuador,ECU,1995,2108.00698245316,21.9121688235555,29.2876751914463
Ecuador,ECU,1996,2135.8479374308,20.7500581031484,28.8505996243317
Ecuador,ECU,1997,2340.76600026857,20.1087737333262,28.9409044935703
Ecuador,ECU,1998,2284.01572847769,17.4759454640616,32.3200193267837
Ecuador,ECU,1999,1575.30234730971,17.5713518152118,32.5132871637945
Ecuador,ECU,2000,1382.23421759909,12.401175424691,32.477049444355
Ecuador,ECU,2001,1791.30359685037,10.4701484905882,31.3456273151876
Ecuador,ECU,2002,2059.1585535974,9.43400389965372,30.1578354002255
Ecuador,ECU,2003,2315.62215223014,9.05012813090098,29.1914962151715
Ecuador,ECU,2004,2586.20914663347,7.96891951563388,30.3068126912546
Ecuador,ECU,2005,2909.02606014388,7.72632554619423,30.1980995329361
Ecuador,ECU,2006,3243.67010359339,7.71967865189029,29.9726203897568
Ecuador,ECU,2007,3478.92488770671,7.64839421670263,29.8437751650829
Ecuador,ECU,2008,4194.75750661981,7.3493757008365,29.9766468030279
Ecuador,ECU,2009,4053.36331139298,8.61225542007853,30.3366081494605
Ecuador,ECU,2010,4520.30959039763,8.33021025899583,30.1888387824126
Ecuador,ECU,2011,5153.6916424375,7.90853917487421,29.5784345305202
Ecuador,ECU,2012,5634.08393191094,6.99944108995073,30.2258817845064
Ecuador,ECU,2013,6109.29031510341,6.96320880489033,30.2504429054598
Ecuador,ECU,2014,6405.79979300441,7.40439967003185,22.0446126590433
Ecuador,ECU,2015,5976.1596805651,8.02049629728797,23.3089064261556
Ecuador,ECU,2016,5917.63771271481,8.07212585894998,22.2096956031567
Ecuador,ECU,2017,6233.32244797718,7.90222040951574,22.507650185215
Ecuador,ECU,2018,6303.91886658338,7.64505994805811,21.9358995007248
Ecuador,ECU,2019,6205.05765246766,7.78676459859086,21.4607827347399
Ecuador,ECU,2020,5463.64515348598,8.38574905899645,21.8231599291351
Ecuador,ECU,2021,6061.32350181711,8.07999983280318,22.024480592688
Ecuador,ECU,2022,6515.58528418336,7.39303992355462,21.5332581736189
Ecuador,ECU,2023,6718.1447938811,8.05137468415854,21.5413110001611
"Egypt, Arab Rep.",EGY,1961,162.841644181754,27.1530794786609,2.57973780702195
"Egypt, Arab Rep.",EGY,1962,142.409576739705,24.6278257673222,2.51644984680295
"Egypt, Arab Rep.",EGY,1963,143.928402522656,24.4218621257896,2.50138128484605
"Egypt, Arab Rep.",EGY,1964,157.716536507206,23.1990231990232,2.51745441760008
"Egypt, Arab Rep.",EGY,1965,161.567123566919,25.6941072610903,2.68421316992315
"Egypt, Arab Rep.",EGY,1966,168.054342944501,24.8844722528933,2.79270681601286
"Egypt, Arab Rep.",EGY,1967,174.103044536176,24.1557519330914,2.81380280275252
"Egypt, Arab Rep.",EGY,1968,179.774096694265,25.3800708940528,2.81380280275252
"Egypt, Arab Rep.",EGY,1969,192.964908828257,25.5436799524976,2.84795820985484
"Egypt, Arab Rep.",EGY,1970,232.272492342671,24.109820089955,2.85599477623186
"Egypt, Arab Rep.",EGY,1971,242.971070265891,22.9315401250111,2.865035913406
"Egypt, Arab Rep.",EGY,1972,256.482815640115,23.7496872480609,2.86804962579738
"Egypt, Arab Rep.",EGY,1973,272.182710085295,26.5749311983988,2.86804962579738
"Egypt, Arab Rep.",EGY,1974,243.061473902314,28.8074922893356,2.85599477623186
"Egypt, Arab Rep.",EGY,1975,299.217518322538,27.6655485621679,2.83791250188357
"Egypt, Arab Rep.",EGY,1976,334.609918474469,26.0149747934254,2.74247827615651
"Egypt, Arab Rep.",EGY,1977,353.403833676533,24.8188163071414,2.64704405042945
"Egypt, Arab Rep.",EGY,1978,354.674246269687,23.394542365248,2.5516098247024
"Egypt, Arab Rep.",EGY,1979,420.85821686233,20.0564426369863,2.45818474056959
"Egypt, Arab Rep.",EGY,1980,493.053573271061,16.5818608532384,2.45617559897534
"Egypt, Arab Rep.",EGY,1981,490.308796861598,21.6205656656919,2.47928072730926
"Egypt, Arab Rep.",EGY,1982,595.918898169378,18.0486284289277,2.45641669596665
"Egypt, Arab Rep.",EGY,1983,648.013629771434,19.0451127819549,2.44586870259682
"Egypt, Arab Rep.",EGY,1984,689.807675510205,18.1075949367089,2.46949620774524
"Egypt, Arab Rep.",EGY,1985,769.755137148666,17.1045576407507,2.50841328042594
"Egypt, Arab Rep.",EGY,1986,790.201793698565,17.390022675737,2.57873323622482
"Egypt, Arab Rep.",EGY,1987,753.722263747615,19.6330089320388,2.55864182028228
"Egypt, Arab Rep.",EGY,1988,633.839369496566,18.0454550324675,2.5927972273846
"Egypt, Arab Rep.",EGY,1989,701.037717929191,18.6948049350649,2.58275151941333
"Egypt, Arab Rep.",EGY,1990,735.982935028025,18.5125262004175,2.6601034707921
"Egypt, Arab Rep.",EGY,1991,622.829605007867,16.9866672,2.65508061680647
"Egypt, Arab Rep.",EGY,1992,680.79923864551,15.5859094176851,3.00997538801547
"Egypt, Arab Rep.",EGY,1993,740.334217356418,15.7390463917526,3.02896177608117
"Egypt, Arab Rep.",EGY,1994,807.303537230487,15.7142857142857,3.02643025767241
"Egypt, Arab Rep.",EGY,1995,916.326617700876,15.7107843137255,3.2980059269677
"Egypt, Arab Rep.",EGY,1996,1008.97637629447,16.1150828247602,3.1909789542418
"Egypt, Arab Rep.",EGY,1997,1146.20172117634,15.7510342233923,3.25975187101311
"Egypt, Arab Rep.",EGY,1998,1212.82259820477,15.8844815588031,3.27451906173088
"Egypt, Arab Rep.",EGY,1999,1268.30949160496,15.9086475942783,3.49892008639309
"Egypt, Arab Rep.",EGY,2000,1366.09274372613,15.5380770361658,3.30604249334472
"Egypt, Arab Rep.",EGY,2001,1295.1374184163,15.3512684694731,3.35325732080968
"Egypt, Arab Rep.",EGY,2002,1116.82884626213,15.4048561625759,3.4396504093626
"Egypt, Arab Rep.",EGY,2003,1031.27556291284,15.2867065868263,3.4245818474057
"Egypt, Arab Rep.",EGY,2004,991.255689145253,14.2699361219864,3.49389723240745
"Egypt, Arab Rep.",EGY,2005,1105.53920713903,13.9816898792943,3.53910291827817
"Egypt, Arab Rep.",EGY,2006,1298.97900203124,13.2372025254978,3.54914862624943
"Egypt, Arab Rep.",EGY,2007,1547.74170735909,13.4201262083781,3.55417148023507
"Egypt, Arab Rep.",EGY,2008,1896.21594269779,12.6302400893356,3.55818976342358
"Egypt, Arab Rep.",EGY,2009,2161.63964573927,12.9979466513145,3.70586167060124
"Egypt, Arab Rep.",EGY,2010,2455.08194645282,13.3407591579645,3.68777939625295
"Egypt, Arab Rep.",EGY,2011,2590.64384891965,13.8691050980964,3.63654628559948
"Egypt, Arab Rep.",EGY,2012,2996.0677072015,11.2727652713919,3.71289366618112
"Egypt, Arab Rep.",EGY,2013,3025.52563552448,11.2743496022361,3.74802350695665
"Egypt, Arab Rep.",EGY,2014,3133.39102265541,11.3377089201878,3.73217137977799
"Egypt, Arab Rep.",EGY,2015,3306.98159414141,11.3940627685257,3.80719985936009
"Egypt, Arab Rep.",EGY,2016,3270.6287768197,11.769316084742,3.75083168416294
"Egypt, Arab Rep.",EGY,2017,2395.10333299491,10.9863806449848,3.85450680596715
"Egypt, Arab Rep.",EGY,2018,2484.70315630508,10.8302490249025,3.88065698930132
"Egypt, Arab Rep.",EGY,2019,2962.98892023003,10.6971354538956,3.93992666633181
"Egypt, Arab Rep.",EGY,2020,3511.11381026379,11.1668239443487,3.98915063539103
"Egypt, Arab Rep.",EGY,2021,3827.35415374308,11.4369326589725,4.04942488321865
"Egypt, Arab Rep.",EGY,2022,4233.30783744856,10.9457535224737,4.07654829474107
"Egypt, Arab Rep.",EGY,2023,3456.78965212363,10.6003111645036,4.07654829474107
El Salvador,SLV,1965,274.333279365994,41.3753816706922,59.2182254196643
El Salvador,SLV,1966,282.44637356687,38.6866339616146,58.6810551558753
El Salvador,SLV,1967,288.374280393621,38.5044048350748,58.1966426858513
El Salvador,SLV,1968,290.096510171735,37.3989920972318,57.6642685851319
El Salvador,SLV,1969,293.416580804896,36.2492853058891,57.3237410071942
El Salvador,SLV,1970,308.798853901934,40.4406312890584,56.9832134292566
El Salvador,SLV,1971,315.665399785976,39.1967085960948,58.8009592326139
El Salvador,SLV,1972,328.509448039035,38.0590637166461,58.6954436450839
El Salvador,SLV,1973,366.250658952563,39.8275001386655,58.7865707434053
El Salvador,SLV,1974,413.403476363207,37.2896006915264,59.0215827338129
El Salvador,SLV,1975,457.260871327372,35.333209385113,59.2565947242206
El Salvador,SLV,1976,552.994933864727,39.3337597138763,58.996138996139
El Salvador,SLV,1977,683.90258566335,43.0059442009918,59.1843629343629
El Salvador,SLV,1978,711.852264187957,37.0362792363074,60.9169884169884
El Salvador,SLV,1979,773.066953129952,38.9024245851885,63.0791505791506
El Salvador,SLV,1980,787.149605473724,37.957893707761,63.3156370656371
El Salvador,SLV,1981,752.024012607538,34.3896232753623,61.1389961389961
El Salvador,SLV,1982,735.360954743528,32.5935147297336,59.4932432432432
El Salvador,SLV,1983,744.863912246485,31.1805349144201,59.054054054054
El Salvador,SLV,1984,763.168218110743,28.9421253623402,59.2905405405405
El Salvador,SLV,1985,776.424283705702,26.911807975679,60.0048262548263
El Salvador,SLV,1986,755.425135831439,27.4289151799132,60.7239382239382
El Salvador,SLV,1987,777.239402479086,20.7535951200969,60.4777992277992
El Salvador,SLV,1988,806.392353256927,20.9751949936514,61.1969111969112
El Salvador,SLV,1989,825.105232536306,18.3100269559004,60.9507722007722
El Salvador,SLV,1990,892.18271519703,16.0136771684004,61.3320463320463
El Salvador,SLV,1991,955.826897421092,15.7923919811473,61.9546332046332
El Salvador,SLV,1992,1040.78164082019,12.9650323520698,62.8137065637066
El Salvador,SLV,1993,1180.26854267621,12.7288103898567,62.5675675675676
El Salvador,SLV,1994,1343.9290572544,12.4617820908552,62.4662162162162
El Salvador,SLV,1995,1548.3763038362,11.528879161366,62.2683397683398
El Salvador,SLV,1996,1651.31016800895,10.850327901368,60.1399613899614
El Salvador,SLV,1997,1748.92111971129,10.9145568353713,59.8938223938224
El Salvador,SLV,1998,1859.73085887742,9.46818464366379,61.2837837837838
El Salvador,SLV,1999,1908.0804545224,7.93373157168383,62.5337837837838
El Salvador,SLV,2000,1982.87093542615,7.17278477660919,62.0994208494209
El Salvador,SLV,2001,2058.04459070452,6.68649259791156,61.6650579150579
El Salvador,SLV,2002,2115.41187355626,5.82298419820808,60.9893822393822
El Salvador,SLV,2003,2207.83089518069,5.48839713449193,60.5550193050193
El Salvador,SLV,2004,2285.68907438892,5.72792591262587,61.8098455598456
El Salvador,SLV,2005,2447.39140845394,6.17165600762008,58.8127413127413
El Salvador,SLV,2006,2665.61807194853,6.04616656739515,58.730694980695
El Salvador,SLV,2007,2830.65693770733,6.99310770496862,59.9083011583012
El Salvador,SLV,2008,2983.24829577976,7.09010840673402,59.7249034749035
El Salvador,SLV,2009,2910.18651752011,6.66859073198944,59.5415057915058
El Salvador,SLV,2010,3040.07300952878,6.98170850697531,59.3581081081081
El Salvador,SLV,2011,3330.60049486653,7.33019190703113,59.1698841698842
El Salvador,SLV,2012,3497.91256915509,6.5143562539307,58.9864864864865
El Salvador,SLV,2013,3582.26694005169,5.61330655869503,58.8030888030888
El Salvador,SLV,2014,3666.01248913873,5.86687215376832,58.6003861003861
El Salvador,SLV,2015,3790.34089108162,5.52976674016479,59.0250965250965
El Salvador,SLV,2016,3901.34014965811,5.73215390739613,58.5955598455598
El Salvador,SLV,2017,4020.12671373919,5.39300914080881,58.1660231660232
El Salvador,SLV,2018,4183.54620971358,5.13276852985202,57.707528957529
El Salvador,SLV,2019,4320.11671534627,5.1464335217926,57.707528957529
El Salvador,SLV,2020,3997.19279583709,5.35480047301112,57.707528957529
El Salvador,SLV,2021,4642.60743101342,4.81225514872015,57.707528957529
El Salvador,SLV,2022,5074.60050994225,4.55875426849797,57.707528957529
El Salvador,SLV,2023,5319.7195268688,4.64483845432637,57.707528957529
Equatorial Guinea,GNQ,2006,10184.8841248541,1.51825527772648,3.67593582887701
Equatorial Guinea,GNQ,2007,12616.9532942011,1.37288404400353,3.68057040998217
Equatorial Guinea,GNQ,2008,18210.5552970599,0.892696119574311,3.68520499108734
Equatorial Guinea,GNQ,2009,13232.5019378102,1.05819979061204,3.68983957219251
Equatorial Guinea,GNQ,2010,13720.1658723222,1.06137128570531,3.69447415329768
Equatorial Guinea,GNQ,2011,17198.2136668275,1.05350238777482,3.69910873440285
Equatorial Guinea,GNQ,2012,17308.5723924575,1.05565709179581,3.70374331550802
Equatorial Guinea,GNQ,2013,16304.0713196418,1.19199068015273,3.70837789661319
Equatorial Guinea,GNQ,2014,15548.6624656619,1.29424877164029,3.71301247771836
Equatorial Guinea,GNQ,2015,9068.91003238645,1.88839087566802,3.71764705882353
Equatorial Guinea,GNQ,2016,7453.19797948517,2.33223920932761,3.7222816399287
Equatorial Guinea,GNQ,2017,7809.10465655488,2.31546339686272,3.72691622103387
Equatorial Guinea,GNQ,2018,8102.47084834031,2.25797968820385,3.73155080213904
Equatorial Guinea,GNQ,2019,6804.14923073888,2.43787857420381,3.73618538324421
Equatorial Guinea,GNQ,2020,5764.05502912947,3.15157383866339,3.74046345811052
Equatorial Guinea,GNQ,2021,6945.63069794539,2.8263690019315,3.74046345811052
Equatorial Guinea,GNQ,2022,7589.29964909381,2.48978303214525,3.74046345811052
Equatorial Guinea,GNQ,2023,6788.35271638376,2.76906225778674,3.73333333333333
Eritrea,ERI,1993,252.085777069472,19.4351344723289,73.2673267326733
Eritrea,ERI,1994,277.801423620334,21.9131656082071,73.3267326732673
Eritrea,ERI,1995,285.402184008331,18.8116670721488,73.3366336633663
Eritrea,ERI,1996,325.838705371605,16.2273737694506,72.6534653465346
Eritrea,ERI,1997,318.980960831984,15.1153427506646,72.8712871287129
Eritrea,ERI,1998,341.91736400208,23.3670870070068,73.9306930693069
Eritrea,ERI,1999,311.336209255125,22.7223359743613,73.9306930693069
Eritrea,ERI,2000,314.357396753501,12.5904217689804,74.5544554455445
Eritrea,ERI,2001,325.409161513593,15.163844400074,74.5742574257426
Eritrea,ERI,2002,304.775756465092,13.6018100565387,74.5742574257426
Eritrea,ERI,2003,348.950327077742,11.8299212236971,74.9207920792079
Eritrea,ERI,2004,426.840947887032,10.642274296598,61.9923728717243
Eritrea,ERI,2005,412.753079199423,22.6000002108942,62.1522804243469
Eritrea,ERI,2006,447.997404727201,24.59999989582,62.5764277224781
Eritrea,ERI,2007,480.44762365456,24.2659805873687,62.5616538406188
Eritrea,ERI,2008,490.066956003333,16.7763073752775,62.5487918988311
Eritrea,ERI,2009,642.92572288007,14.1242274354984,62.7077358945754
Estonia,EST,1995,3134.38975345407,4.13064126210233,23.378155225289
Estonia,EST,1996,3380.92630243199,4.12813147933271,23.7084217975938
Estonia,EST,1997,3682.95230146695,4.08873645802036,24.1330502476999
Estonia,EST,1998,4093.39247738765,5.05182797296934,24.6048596367068
Estonia,EST,1999,4140.93660232167,3.62814718696064,23.6140599197924
Estonia,EST,2000,4070.60902410208,3.88500958820541,23.2602028780373
Estonia,EST,2001,4502.66614992392,3.49644570652548,20.9955178108044
Estonia,EST,2002,5343.18310760735,3.5524871000821,16.4708657702288
Estonia,EST,2003,7205.40703313243,3.45928807770416,19.5494220334985
Estonia,EST,2004,8916.0728274602,3.61869925607531,18.1740976645435
Estonia,EST,2005,10414.6381183565,3.28668552534137,20.8044350082567
Estonia,EST,2006,12641.4800976473,3.14382046697103,21.1960368011323
Estonia,EST,2007,16745.4308011148,3.92534204177827,21.5758433592828
Estonia,EST,2008,18205.9064113446,3.40126152586792,21.3918376975702
Estonia,EST,2009,14712.4494217916,2.47104873277575,21.9815994338287
Estonia,EST,2010,14663.7041018705,3.17092945309266,22.3826374144845
Estonia,EST,2011,17555.5455239426,3.66566862923271,22.3165841000236
Estonia,EST,2012,17568.2137969714,3.2843229052027,22.550129747582
Estonia,EST,2013,19310.3874900757,3.04742973666601,22.1992178513918
Estonia,EST,2014,20581.7898991695,3.11496161660999,22.4062571888659
Estonia,EST,2015,17722.1557669523,2.80642152865051,22.8433402346446
Estonia,EST,2016,18666.3736521706,2.0715978609001,23.0733839429492
Estonia,EST,2017,20851.5223496861,2.33885596628311,22.9707602339181
Estonia,EST,2018,23618.1361254581,2.04938469969066,23.0409356725146
Estonia,EST,2019,24021.2501413306,2.265648962634,23.1204678362573
Estonia,EST,2020,23933.9939421065,1.93181527353408,23.0409356725146
Estonia,EST,2021,27951.1659277744,1.94353771254558,23.0877192982456
Estonia,EST,2022,28340.3826549406,2.44640859997873,23.075122864498
Estonia,EST,2023,30264.0064885057,1.71558125919165,23.1219283875497
Eswatini,SWZ,1961,121.795718753065,30.2607303573695,85.3488372093023
Eswatini,SWZ,1962,127.095766410182,34.7500586788272,85.9302325581395
Eswatini,SWZ,1963,146.391131380777,38.7958793603335,85.6976744186046
Eswatini,SWZ,1964,171.608409764479,36.8417764199704,85.8720930232558
Eswatini,SWZ,1965,180.977225619081,33.0677290836653,86.2790697674419
Eswatini,SWZ,1966,192.744540046073,35.7012750455373,86.8023255813954
Eswatini,SWZ,1967,182.773359711151,27.5280898876405,87.0348837209302
Eswatini,SWZ,1968,190.386590098492,23.1578947368421,87.0930232558139
Eswatini,SWZ,1969,245.233981580731,29.0836653386454,86.8604651162791
Eswatini,SWZ,1970,254.161125489597,30.0873907615481,86.8604651162791
Eswatini,SWZ,1971,301.119152172814,33.5040983606557,86.8604651162791
Eswatini,SWZ,1972,315.028466244508,35.9042553191489,87.9651162790698
Eswatini,SWZ,1973,463.251615844177,29.8701298701299,87.9651162790698
Eswatini,SWZ,1974,536.161003835798,27.728285077951,86.1627906976744
Eswatini,SWZ,1975,567.884816620216,24.859287054409,76.3372093023256
Eswatini,SWZ,1976,520.799625738095,25.7383966244726,79.7093023255814
Eswatini,SWZ,1977,562.711578492044,26.0968229954614,80.9883720930233
Eswatini,SWZ,1978,609.960650013647,31.3977042538825,80.9883720930233
Eswatini,SWZ,1979,713.953305118319,28.5384837128856,77.9069767441861
Eswatini,SWZ,1980,908.375601827987,19.5171637724764,75.0581395348837
Eswatini,SWZ,1981,925.368712517647,19.2852864843282,74.6511627906977
Eswatini,SWZ,1982,843.043006864844,16.41254068871,74.7674418604651
Eswatini,SWZ,1983,842.750203378801,13.9324389849685,74.8837209302326
Eswatini,SWZ,1984,726.345118603826,17.7793008910212,73.7790697674419
Eswatini,SWZ,1985,509.885951472336,16.9470404984424,74.6511627906977
Eswatini,SWZ,1986,611.298158219647,18.9710610932476,77.2674418604651
Eswatini,SWZ,1987,764.752134047322,14.1764062894139,75.9883720930233
Eswatini,SWZ,1988,865.25154443731,13.8117332994343,74.7093023255814
Eswatini,SWZ,1989,831.847150129225,13.0484728608998,73.4883720930233
Eswatini,SWZ,1990,1277.69173005665,8.87148663765698,71.9767441860465
Eswatini,SWZ,1991,1273.01224518903,9.83193215979339,71.3372093023256
Eswatini,SWZ,1992,1361.8169795148,7.7196551792743,71.1046511627907
Eswatini,SWZ,1993,1397.26593317978,8.87000793448343,71.046511627907
Eswatini,SWZ,1994,1461.36400128736,11.4210828927981,71.046511627907
Eswatini,SWZ,1995,1750.75400773784,10.0794803409696,71.046511627907
Eswatini,SWZ,1996,1619.19119707662,11.9841877799452,71.046511627907
Eswatini,SWZ,1997,1705.39874942229,10.8705418983846,71.1046511627907
Eswatini,SWZ,1998,1546.51519325373,11.0243645039919,71.1046511627907
Eswatini,SWZ,1999,1501.66426653189,11.1187716775231,71.1046511627907
Eswatini,SWZ,2000,1629.67038842815,10.1383058001151,71.1046511627907
Eswatini,SWZ,2001,1429.85630359447,9.98162263550156,71.1627906976744
Eswatini,SWZ,2002,1315.73634647994,10.3254630626656,71.1627906976744
Eswatini,SWZ,2003,2015.21743065251,10.1773781294435,71.1627906976744
Eswatini,SWZ,2004,2525.5640452625,7.93542577068212,71.1627906976744
Eswatini,SWZ,2005,2871.06877437449,9.04728048608606,71.1627906976744
Eswatini,SWZ,2006,2964.95865200682,9.20239622112456,71.1046511627907
Eswatini,SWZ,2007,3109.11097608864,8.84366174301086,71.1046511627907
Eswatini,SWZ,2008,2946.8606613746,8.1820020018654,71.1046511627907
Eswatini,SWZ,2009,3189.79679956637,7.55189409574541,71.1627906976744
Eswatini,SWZ,2010,3922.74039390733,8.30965206310733,70.9908895348837
Eswatini,SWZ,2011,4225.06049411911,7.97421442671441,70.9883720930233
Eswatini,SWZ,2012,4224.54789174487,8.44107107954548,70.9302325581395
Eswatini,SWZ,2013,3949.94310039907,8.37545690425617,70.8573546511628
Eswatini,SWZ,2014,3771.07228381938,8.20388205629893,70.6976744186046
Eswatini,SWZ,2015,3419.82276559528,7.37857520050359,70.4651162790698
Eswatini,SWZ,2016,3238.17611961364,5.37686940648276,70.2325581395349
Eswatini,SWZ,2017,3853.09956569679,8.11477800092546,70.0
Eswatini,SWZ,2018,3972.65450620357,7.38537092360196,69.8255813953488
Eswatini,SWZ,2019,3913.14577547336,7.42401138221192,69.593023255814
Eswatini,SWZ,2020,3466.56936278145,7.62881465189563,69.4767441860465
Eswatini,SWZ,2021,3984.00229174306,7.17040128400091,69.4767441860465
Eswatini,SWZ,2022,3894.1620089869,7.57116956723157,69.4767441860465
Eswatini,SWZ,2023,3755.52111232464,6.63100879033993,69.4767441860465
Ethiopia,ETH,1993,168.520401400989,58.4860392352869,30.54
Ethiopia,ETH,1994,127.685923459033,51.4165791514483,30.472
Ethiopia,ETH,1995,136.523619088963,50.6606917388224,30.5
Ethiopia,ETH,1996,147.327458851964,49.91984083124,30.5
Ethiopia,ETH,1997,143.369531498844,52.713752061384,30.492
Ethiopia,ETH,1998,126.465095781244,47.8675852235723,30.449
Ethiopia,ETH,1999,120.734631499865,44.378202481993,30.557
Ethiopia,ETH,2000,122.269202606069,44.6660179485759,30.534
Ethiopia,ETH,2001,118.457204255261,42.3405711240311,30.559
Ethiopia,ETH,2002,109.593813612988,38.6923716914638,30.498
Ethiopia,ETH,2003,116.800491132777,37.2850554139561,31.607
Ethiopia,ETH,2004,133.169812538096,38.6797549469264,29.3293276530079
Ethiopia,ETH,2005,158.243458082465,41.1744985607337,29.7634289851903
Ethiopia,ETH,2006,189.345737521418,42.5241701226393,30.319510705705
Ethiopia,ETH,2007,237.146255996319,42.2650121920913,31.0792400564507
Ethiopia,ETH,2008,316.410475118075,45.1845583729593,30.5812240163046
Ethiopia,ETH,2009,368.574712267445,45.8826942649105,30.9988954345277
Ethiopia,ETH,2010,330.619412798644,41.4468200699758,31.6178601080481
Ethiopia,ETH,2011,343.024942351887,41.2499638574537,32.186781367053
Ethiopia,ETH,2012,452.101031885754,44.3309427521463,32.3308335299665
Ethiopia,ETH,2013,484.039833104062,41.2395055340925,32.5914011165082
Ethiopia,ETH,2014,549.986577082588,38.5204496889284,32.7461141549206
Ethiopia,ETH,2015,597.912113218663,36.0569753905786,32.9671104083739
Ethiopia,ETH,2016,641.651523286233,34.6969564523634,33.1082473792896
Ethiopia,ETH,2017,696.348429076216,33.7792813400479,33.263928812192
Ethiopia,ETH,2018,739.702022272086,31.218806650139,33.5852351498111
Ethiopia,ETH,2019,793.473247218996,33.6333246910556,33.8392563550947
Ethiopia,ETH,2020,829.790982552951,35.5582700358115,34.0927476985506
Ethiopia,ETH,2021,893.009835441784,37.5791137563489,34.3554706330212
Ethiopia,ETH,2022,982.103161502198,37.6422268391462,34.0779564851996
Ethiopia,ETH,2023,1055.81091593061,35.7864807851174,34.0779564851996
Faroe Islands,FRO,1998,24729.019906458,17.9434530644224,69.1210601719198
Faroe Islands,FRO,1999,24978.6210817538,16.1128765730266,69.1210601719198
Faroe Islands,FRO,2000,23322.7593357515,17.984835837507,69.1210601719198
Faroe Islands,FRO,2001,24879.7729617864,17.9802624084832,69.1210601719198
Faroe Islands,FRO,2002,26937.6505602847,15.4433020414245,69.154011461318
Faroe Islands,FRO,2003,31269.6031997217,12.0059023882437,69.154011461318
Faroe Islands,FRO,2004,35647.5440400531,11.8782177834553,69.154011461318
Faroe Islands,FRO,2005,36389.081644098,11.5436368805079,69.154011461318
Faroe Islands,FRO,2006,41743.6812847661,13.7781593005909,69.154011461318
Faroe Islands,FRO,2007,48348.7393711011,12.385238241092,69.154011461318
Faroe Islands,FRO,2008,51287.8911081663,9.51731961524221,69.154011461318
Faroe Islands,FRO,2009,47060.1592550833,10.0025185028719,69.0616045845272
Faroe Islands,FRO,2010,47924.1364756678,14.8137133793903,69.0508595988539
Faroe Islands,FRO,2011,51620.0541648551,14.4254642225295,69.0565902578797
Faroe Islands,FRO,2012,50263.0024625867,12.2216295031829,69.0565902578797
Faroe Islands,FRO,2013,55759.364098362,14.8016017473608,69.0565902578797
Faroe Islands,FRO,2014,60173.3057854661,14.9925404162692,69.067335243553
Faroe Islands,FRO,2015,52638.2668218454,15.6643760466594,69.067335243553
Faroe Islands,FRO,2016,56876.4302363804,19.4105036381493,69.0186246418338
Faroe Islands,FRO,2017,59388.5365965776,17.9788585658383,69.0186246418338
Faroe Islands,FRO,2018,62525.2647698273,16.3200031785764,69.0078796561605
Faroe Islands,FRO,2019,63070.7228080361,17.0514062234626,69.0078796561605
Faroe Islands,FRO,2020,62247.9273907098,13.7184823893818,70.3294289897511
Faroe Islands,FRO,2021,69421.6981686515,14.2148369483437,70.1240875912409
Faroe Islands,FRO,2022,67069.3987440509,18.7358298803846,70.0729927007299
Faroe Islands,FRO,2023,72486.6910957957,17.7553649648471,70.1240875912409
Fiji,FJI,1963,291.38357377756,37.84046692607,12.4794745484401
Fiji,FJI,1964,305.532203132127,33.0035971223022,12.4794745484401
Fiji,FJI,1965,311.241072912198,30.3082191780822,12.2058018609743
Fiji,FJI,1966,309.5744090096,29.0726817042606,12.2058018609743
Fiji,FJI,1967,325.9865454003,26.5290519877676,12.096332785988
Fiji,FJI,1968,327.357416510141,26.4060356652949,11.9868637110016
Fiji,FJI,1969,349.813973013608,24.3565599497803,12.096332785988
Fiji,FJI,1970,413.93721652892,25.1303441084463,12.096332785988
Fiji,FJI,1971,457.844599860784,21.5667767815007,12.096332785988
Fiji,FJI,1972,575.217482137037,22.0436280137773,12.5889436234264
Fiji,FJI,1973,761.684067364828,22.3765822120656,12.8626163108922
Fiji,FJI,1974,984.313523932329,23.3333333333333,13.136288998358
Fiji,FJI,1975,1188.18424249981,23.4708350869781,13.4099616858238
Fiji,FJI,1976,1186.16648457757,23.5765951451139,14.2309797482211
Fiji,FJI,1977,1203.57267969162,21.4058573273098,14.7783251231527
Fiji,FJI,1978,1354.81144050374,20.0939903161492,15.3256704980843
Fiji,FJI,1979,1626.66019023926,19.7136822342173,15.5993431855501
Fiji,FJI,1980,1873.31097972432,20.28057128387,15.8730158730159
Fiji,FJI,1981,1879.36315139259,17.9640151515151,16.4203612479475
Fiji,FJI,1982,1773.14392517051,18.5780492186097,16.967706622879
Fiji,FJI,1983,1628.04901181455,16.6265963380672,17.5150519978106
Fiji,FJI,1984,1666.86572541062,13.9006508272563,18.0623973727422
Fiji,FJI,1985,1576.72069091401,16.3853691886964,18.8834154351396
Fiji,FJI,1986,1745.24126633634,18.9584730108777,19.1570881226054
Fiji,FJI,1987,1569.46727039388,20.8957821457821,19.9781061850027
Fiji,FJI,1988,1463.04720165947,17.6316452506929,20.7991242474001
Fiji,FJI,1989,1543.2961719258,19.6429416301512,21.6201423097975
Fiji,FJI,1990,1728.94076871199,17.9579343434343,22.4411603721949
Fiji,FJI,1991,1774.99211138118,18.2567042115573,23.2074438970991
Fiji,FJI,1992,1951.25592930351,17.5759855852727,22.8899835796388
Fiji,FJI,1993,2070.04734110195,17.0122576808721,22.5725232621784
Fiji,FJI,1994,2297.18005884304,17.9182896262766,22.2550629447181
Fiji,FJI,1995,2466.74347815903,17.174961203941,21.9376026272578
Fiji,FJI,1996,2648.32766264,17.3071772897697,21.6201423097975
Fiji,FJI,1997,2573.72338605678,14.8164103923648,21.3026819923372
Fiji,FJI,1998,2010.49636073149,14.3705282386969,20.9852216748768
Fiji,FJI,1999,2327.95720514091,16.4049185915419,20.6677613574165
Fiji,FJI,2000,1995.72071163264,14.9875430394984,20.3503010399562
Fiji,FJI,2001,1944.997414609,13.012812333865,20.0328407224959
Fiji,FJI,2002,2136.56794118683,13.3109099072134,19.7153804050356
Fiji,FJI,2003,2655.58079586044,12.5143538475649,19.3979200875753
Fiji,FJI,2004,3097.19096651759,12.349896656794,19.0804597701149
Fiji,FJI,2005,3377.69126953493,12.0743313492063,18.7629994526546
Fiji,FJI,2006,3455.10599907349,12.3726571154966,18.4455391351943
Fiji,FJI,2007,3762.74692789299,11.8829102406206,18.128078817734
Fiji,FJI,2008,3899.92231512129,10.6974950619792,17.8106185002737
Fiji,FJI,2009,3164.13275408169,10.0884444017423,17.504105090312
Fiji,FJI,2010,3449.14452883369,9.38189737562413,17.4657909140668
Fiji,FJI,2011,4139.60288609702,9.21771557173261,17.4274767378216
Fiji,FJI,2012,4341.40338748749,9.67577870713452,17.3891625615764
Fiji,FJI,2013,4572.44377544245,10.1131069949223,17.3508483853311
Fiji,FJI,2014,5293.35676680464,8.0985227018506,17.3125342090859
Fiji,FJI,2015,5097.53106864695,7.8716240846939,17.2742200328407
Fiji,FJI,2016,5363.79026679243,10.6643336396929,17.2359058565955
Fiji,FJI,2017,5826.84814459328,10.5318273601847,17.1975916803503
Fiji,FJI,2018,6085.41979485376,10.9065639753696,17.1592775041051
Fiji,FJI,2019,5842.07344577597,12.4005161469113,17.1209633278599
Fiji,FJI,2020,4620.6457238014,15.6918345311972,17.0552818828681
Fiji,FJI,2021,4536.73312110335,17.2536724147942,17.0552818828681
Fiji,FJI,2022,5414.12092119088,14.1928948833304,17.0552818828681
Fiji,FJI,2023,5926.20586394763,12.8245910153207,17.0552818828681
Finland,FIN,1975,6256.10245136117,9.79828845023601,8.58137167996323
Finland,FIN,1976,6740.29145314637,9.30399746020017,8.57513378640139
Finland,FIN,1977,7069.73565139858,8.66044975350407,8.52818542959388
Finland,FIN,1978,7629.49572475149,8.25269461368784,8.48714665616074
Finland,FIN,1979,9333.07695567452,8.13092640907517,8.42936406316688
Finland,FIN,1980,11224.9380036353,8.57991681521093,8.32594635411537
Finland,FIN,1981,10925.0957161181,7.66401303171225,8.2625824879346
Finland,FIN,1982,10935.3110588486,7.77248083753973,8.16737253356972
Finland,FIN,1983,10493.9626636806,7.56871124518183,8.04491283364523
Finland,FIN,1984,10830.2185222663,7.2452378279256,7.96382021734134
Finland,FIN,1985,11394.1921044246,6.88020609703736,7.90702255490988
Finland,FIN,1986,14946.9926198261,6.55912949135235,7.85777602679011
Finland,FIN,1987,18565.0264426011,5.28259520784708,7.90570931416002
Finland,FIN,1988,22043.7701596288,5.19626119490542,7.79145736892216
Finland,FIN,1989,23969.052798644,5.22148213703479,7.83282445254276
Finland,FIN,1990,28366.204276071,5.39664042918078,7.85646278604025
Finland,FIN,1991,25488.8450525604,4.82436459447954,7.96086542565416
Finland,FIN,1992,22320.1124695857,4.27782888684453,7.90078466134804
Finland,FIN,1993,17588.6781715509,4.37799322509053,7.825929938606
Finland,FIN,1994,20278.29109854,4.1910288374556,7.91851341147116
Finland,FIN,1995,26246.2743214462,3.80075974566803,7.36728060671723
Finland,FIN,1996,25756.6777073618,3.45273934318523,7.2819199579763
Finland,FIN,1997,24682.29083271,3.42439781878589,7.05866903050002
Finland,FIN,1998,25999.9861694953,2.90041600584567,7.19655930923537
Finland,FIN,1999,26180.4128562349,2.8867978059391,7.22742046685709
Finland,FIN,2000,24335.9225082659,2.95484873814028,7.2819199579763
Finland,FIN,2001,24965.202996776,2.76462005490516,7.2950523654749
Finland,FIN,2002,26989.389260959,2.67313392616545,7.34101579172002
Finland,FIN,2003,32920.0857192568,2.53635129256364,7.37384681046653
Finland,FIN,2004,37768.1334202029,2.37997744754033,7.39682852358909
Finland,FIN,2005,39049.8703780223,2.27855173502727,7.46511704258183
Finland,FIN,2006,41214.0187765069,2.00160822857672,7.56568346979711
Finland,FIN,2007,48473.0240091455,2.38053234540974,7.54677891413726
Finland,FIN,2008,53769.4726240385,2.20537134561628,7.55643303718328
Finland,FIN,2009,47478.3495310999,2.25383112774094,7.55676209279368
Finland,FIN,2010,46506.2919016566,2.36676641136983,7.54162553471537
Finland,FIN,2011,51060.3242589767,2.25898661809719,7.52443318305966
Finland,FIN,2012,47551.6740841369,2.18836399205502,7.51949718648195
Finland,FIN,2013,49691.0145200739,2.21182621856833,7.43196551383724
Finland,FIN,2014,50073.7760815871,2.21758033567317,7.46026522754944
Finland,FIN,2015,42560.3456767103,2.06049706934612,7.48050409660755
Finland,FIN,2016,43451.2562442158,2.08977502932082,7.48576881313547
Finland,FIN,2017,46085.0174739036,2.06803556647353,7.4690708081074
Finland,FIN,2018,49654.2497035329,2.11422780880102,7.47565148723348
Finland,FIN,2019,48358.1807773701,2.18977184111891,7.48198598361465
Finland,FIN,2020,48828.6846862799,2.24039393029227,7.46857932486675
Finland,FIN,2021,53099.1351400148,2.15907446415076,7.46181004166177
Finland,FIN,2022,50440.560224974,2.24134367895993,7.45522996225995
Finland,FIN,2023,52864.6931581216,2.33109283712753,7.44176865377023
France,FRA,1961,1401.87190432812,8.71811104626433,64.0857222376844
France,FRA,1962,1553.99323202639,9.42435111401664,63.9020317283607
France,FRA,1963,1723.23648290171,8.46106644330133,63.7424621950088
France,FRA,1964,1891.12061521027,7.65134955635797,63.2878745709249
France,FRA,1965,2023.50184544884,7.45518882827474,63.08748492439
France,FRA,1966,2172.59339649824,7.2562559484233,62.7998886724186
France,FRA,1967,2328.11785496887,7.22912170874241,62.3972539196586
France,FRA,1968,2518.15825593491,6.99929805727027,61.5604415994063
France,FRA,1969,2729.37124785377,6.36707415175108,61.5511643009556
France,FRA,1970,2832.54913756906,6.32350889683139,60.2931626310418
France,FRA,1971,3137.05929958055,5.79288542322588,60.5306614713795
France,FRA,1972,3809.09946046394,6.4680166974781,60.3302718248446
France,FRA,1973,4906.53555379458,6.45671939248342,60.228221541887
France,FRA,1974,5260.60025882755,5.13052303762004,60.1948232674645
France,FRA,1975,6616.76722499173,4.55482828580346,60.0371091938028
France,FRA,1976,6792.3099035538,4.30557383613474,59.4136747379163
France,FRA,1977,7458.76424117602,4.08042323446105,59.207718712311
France,FRA,1978,9166.59011961391,3.9496921083797,59.302347156508
France,FRA,1979,11062.5731730373,3.91512497382701,59.0667037758605
France,FRA,1980,12565.1639377144,3.41563785088454,58.858892290565
France,FRA,1981,10955.9002996167,3.33926677836126,58.7939512014101
France,FRA,1982,10359.8920663549,3.84065071640816,58.7178773541145
France,FRA,1983,9862.28449386586,3.3955486373867,58.5675851192133
France,FRA,1984,9311.89426452129,3.16593850567096,58.4618239168754
France,FRA,1985,9657.01938533723,3.15221803900914,58.3393635773263
France,FRA,1986,13430.4824599685,3.05818780099865,58.2521569718898
France,FRA,1987,16175.7090467566,2.92256792569356,58.174227664904
France,FRA,1988,17549.6440487161,2.69305175565178,57.2038222469617
France,FRA,1989,17547.2645422514,2.95985320818883,57.0385007885704
France,FRA,1990,21586.4674617483,2.97794544466016,56.7637072084609
France,FRA,1991,21500.7778366233,2.47177542612757,56.563503107895
France,FRA,1992,23615.0168565483,2.45934288583764,56.3768438630671
France,FRA,1993,22238.8250618434,2.17161277383409,56.2042861118842
France,FRA,1994,23359.8985104774,2.27070751919673,56.0439743946563
France,FRA,1995,26791.8151982369,2.313383133861,55.9424807496057
France,FRA,1996,26757.6351494145,2.27526049667286,55.8424714723073
France,FRA,1997,24169.4008102822,2.21545959227374,55.7372669078764
France,FRA,1998,24869.4030795939,2.2355571969051,55.6266815103442
France,FRA,1999,24576.3152254528,2.11672166680524,55.5322386121161
France,FRA,2000,22340.5939516217,1.98449655121117,55.3064291678263
France,FRA,2001,22331.7948343036,2.00226015670254,55.1318304109843
France,FRA,2002,24144.5727019529,1.90378389721189,54.9414602467761
France,FRA,2003,29479.5222101175,1.74560664256609,54.8002597643566
France,FRA,2004,33644.9282220364,1.72018557547967,54.6588737359681
France,FRA,2005,34696.3718316971,1.58270403235962,54.5327024770387
France,FRA,2006,36431.5658906555,1.42706409375236,54.3885332591149
France,FRA,2007,41486.1907828787,1.516727357675,54.1907412561462
France,FRA,2008,45464.8181385158,1.42030674677991,54.0126171258929
France,FRA,2009,41728.0884164132,1.23241577481447,53.8452546618425
France,FRA,2010,40694.8211697025,1.50088040274637,53.6715836348455
France,FRA,2011,43929.7840873812,1.55137276231397,53.5830782076259
France,FRA,2012,40863.5814412333,1.52594468949115,53.5203636700993
France,FRA,2013,42669.1795111893,1.36140137870511,53.3884404861304
France,FRA,2014,43148.0459288416,1.46154600121993,53.3750811763614
France,FRA,2015,36702.4323733379,1.50360116027898,53.301604972632
France,FRA,2016,37024.2157133669,1.33798472564444,53.2851303460432
France,FRA,2017,38687.1626407164,1.43496006533197,53.2470526022822
France,FRA,2018,41418.1766484844,1.53110170543578,53.1776602653307
France,FRA,2019,40408.2848574751,1.40828485472535,52.915574914185
France,FRA,2020,39169.8606000707,1.4604342657704,52.729670655905
France,FRA,2021,43725.0999521245,1.46334541457898,52.7417272474256
France,FRA,2022,40988.6396406579,1.72017137018833,52.6738892290565
France,FRA,2023,44700.1384177544,1.48475796304424,52.5043974394656
French Polynesia,PYF,1990,16293.1823294474,1.14324983176495,9.81890710382514
French Polynesia,PYF,1991,16414.8132696888,1.26465406101387,9.74469945355191
French Polynesia,PYF,1992,17554.3737937032,1.18140427593833,9.67046448087432
French Polynesia,PYF,1993,16469.7751983669,2.1294304152948,9.59625683060109
French Polynesia,PYF,1994,16806.0592491122,3.20891958013527,9.5220218579235
French Polynesia,PYF,1995,18850.3149185956,2.52403341313134,9.44781420765027
French Polynesia,PYF,1996,18475.7253329475,3.72996086681403,9.37357923497268
French Polynesia,PYF,1997,16423.0214308681,3.67073581365877,9.29937158469945
French Polynesia,PYF,1998,16759.7141702526,3.92408650936134,9.22513661202186
French Polynesia,PYF,1999,16532.9022343754,4.36102931096342,9.15092896174863
French Polynesia,PYF,2000,14978.324104668,4.51512129821948,9.57095937770095
French Polynesia,PYF,2005,21984.1936230719,3.05963576025818,9.75583405358686
French Polynesia,PYF,2006,22330.8676659055,2.94803658150196,9.67758571016998
French Polynesia,PYF,2007,24888.1781337361,2.55076680608596,9.59930855661193
French Polynesia,PYF,2008,26592.0262835732,2.26578407008733,9.52106021319504
French Polynesia,PYF,2009,24434.2197555208,2.30302105096859,9.29873235378853
French Polynesia,PYF,2010,22494.806706186,2.26967001717539,9.22048401037165
French Polynesia,PYF,2011,22831.5185348524,2.4923805279951,9.43030826851052
French Polynesia,PYF,2012,20846.5457478364,2.63770555361179,9.35205992509363
French Polynesia,PYF,2013,21955.6329264095,3.02217318220315,9.21074618265629
French Polynesia,PYF,2014,22258.6321384251,3.17771114316168,9.06940363007779
French Polynesia,PYF,2015,19166.9594761931,3.22845890100068,8.92808988764045
French Polynesia,PYF,2016,19690.0775734589,3.21708081765994,8.78674733506194
French Polynesia,PYF,2017,20826.9312492172,3.0564999715999,8.93353500432152
French Polynesia,PYF,2018,21925.616043938,2.85240041681856,9.08029386343993
French Polynesia,PYF,2019,21582.5892046801,2.25047826168236,8.93898012100259
French Polynesia,PYF,2020,19966.4838503859,2.21570108763617,9.085738980121
Gabon,GAB,1961,323.4592026542,35.2118440048759,6.50979935576513
Gabon,GAB,1962,348.416820133128,35.8854658597624,6.56801335040944
Gabon,GAB,1963,290.675816546409,44.0835734129569,6.62622734505375
Gabon,GAB,1964,400.402956504958,30.1804288767312,6.68444133969806
Gabon,GAB,1965,414.554218095035,26.3063063063063,6.74265533434238
Gabon,GAB,1966,443.401599878142,25.1655670803919,6.80086932898669
Gabon,GAB,1967,482.22309050643,24.1018113772455,6.859083323631
Gabon,GAB,1968,514.573983796217,18.3813392643788,6.91729731827531
Gabon,GAB,1969,545.410237141201,18.6215505995897,6.97551131291963
Gabon,GAB,1970,543.433161441757,18.5474930620127,7.03372530756394
Gabon,GAB,1971,627.415677576616,13.7963843958135,7.11134396708969
Gabon,GAB,1972,693.294831412979,13.0875576036866,7.169557961734
Gabon,GAB,1973,1140.0416427509,11.6076970825574,7.24717662125975
Gabon,GAB,1974,2384.18628892572,8.20554210384719,7.30539061590406
Gabon,GAB,1975,3258.23424153589,6.40138624567474,7.37912834245353
Gabon,GAB,1976,4441.09448586623,5.00625782227785,7.51496099662359
Gabon,GAB,1977,4048.1467428949,5.46218487394958,7.6042224550782
Gabon,GAB,1978,3359.57268123664,6.50964391691395,7.68960298055653
Gabon,GAB,1979,4154.58594015093,7.44647843623953,7.6973648465091
Gabon,GAB,1980,5718.46719052717,6.75735567352356,7.70512671246168
Gabon,GAB,1981,5026.47646757156,6.11719866603144,7.71288857841425
Gabon,GAB,1982,4583.89967785445,6.1233080999243,7.72065044436683
Gabon,GAB,1983,4181.57191575578,6.50003714307823,7.7284123103194
Gabon,GAB,1984,4272.88216871705,6.1046138028531,7.73617417627198
Gabon,GAB,1985,3898.46316935487,6.75108297234255,7.74393604222455
Gabon,GAB,1986,3864.67453823981,9.24493085602783,7.75169790817713
Gabon,GAB,1987,3624.37675865476,10.9925985952587,7.7594597741297
Gabon,GAB,1988,4118.60473032795,10.0761754547771,7.76722164008228
Gabon,GAB,1989,4373.88491926948,8.68588543616623,7.77498350603485
Gabon,GAB,1990,6050.71468999523,7.32444773540664,7.78274537198743
Gabon,GAB,1991,5345.0965303052,7.62366643244559,7.80665968098731
Gabon,GAB,1992,5385.68811745078,8.25138826962831,7.83057398998719
Gabon,GAB,1993,4105.98701339331,8.48423087977842,7.85448829898708
Gabon,GAB,1994,3828.21118114454,9.0860151275082,7.87840260798696
Gabon,GAB,1995,4414.8755828572,8.0316742081448,7.90231691698684
Gabon,GAB,1996,4942.67870027615,7.09283163965943,7.92623122598673
Gabon,GAB,1997,4508.75340541142,7.21752275578142,7.95014553498661
Gabon,GAB,1998,3699.99513906504,7.02079395085066,7.97405984398649
Gabon,GAB,1999,3751.35318950625,7.29362591431557,7.99797415298638
Gabon,GAB,2000,3982.906200928,6.21362452192229,8.02188846198626
Gabon,GAB,2001,3835.75718279727,6.14393258219291,8.0415221019133
Gabon,GAB,2002,3966.48001864663,5.74386163895503,8.06115574184034
Gabon,GAB,2003,4710.74862768151,6.00402093513223,8.08078938176738
Gabon,GAB,2004,5465.79193590708,5.46729104251047,8.10042302169442
Gabon,GAB,2005,6547.87613955186,4.98463861102881,8.12005666162145
Gabon,GAB,2006,6847.00985685394,4.91120031463828,8.13969030154849
Gabon,GAB,2007,8003.54289696049,4.95783080287957,8.15932394147553
Gabon,GAB,2008,9688.64519690633,4.22984203194841,8.17895758140257
Gabon,GAB,2009,7290.57526093114,5.04416979273101,8.19859122132961
Gabon,GAB,2010,8356.74662013345,3.91445441728357,8.21822486125665
Gabon,GAB,2011,10219.1139339454,3.43228977977158,8.26433810688089
Gabon,GAB,2012,9296.96587941088,3.35369777676334,8.31045135250514
Gabon,GAB,2013,9197.70106323947,3.32908065074657,8.35656459812939
Gabon,GAB,2014,9201.36276648105,3.62120476996243,8.35656459812939
Gabon,GAB,2015,7047.12654634355,4.31162904410146,8.35656459812939
Gabon,GAB,2016,6677.07003901644,4.97313690987068,8.35656459812939
Gabon,GAB,2017,6921.73373135624,5.2657648440765,8.35656459812939
Gabon,GAB,2018,7624.2775233771,5.43595280305822,8.35656459812939
Gabon,GAB,2019,7441.1786472281,5.5544308701413,8.35656459812939
Gabon,GAB,2020,6605.80346077904,6.61619761297697,8.35656459812939
Gabon,GAB,2021,8181.40914134398,6.76982280995704,8.35656459812939
Gabon,GAB,2022,8409.20741452279,6.50616941615975,8.35656459812939
Gabon,GAB,2023,7802.82433276138,6.66942563518248,8.35656459812939
"Gambia, The",GMB,1966,94.3662144947658,32.2355921469284,52.2727272727273
"Gambia, The",GMB,1967,96.9604868849254,32.2637106184364,52.4703557312253
"Gambia, The",GMB,1968,83.1064852758912,32.2448979591837,52.4703557312253
"Gambia, The",GMB,1969,88.662202161031,32.1997874601488,52.6679841897233
"Gambia, The",GMB,1970,99.7816919772448,30.2432308398348,52.7667984189723
"Gambia, The",GMB,1971,103.318322288749,30.3493449781659,53.0632411067194
"Gambia, The",GMB,1972,106.524604282625,32.2635135135135,53.5573122529644
"Gambia, The",GMB,1973,131.449182060787,32.2265625,54.0513833992095
"Gambia, The",GMB,1974,162.618334686551,32.2147651006711,56.7193675889328
"Gambia, The",GMB,1975,189.808393377344,32.0528211284514,56.1264822134387
"Gambia, The",GMB,1976,179.313963291107,32.6391539290533,56.0276679841897
"Gambia, The",GMB,1977,213.842543162023,30.9963584410679,56.7193675889328
"Gambia, The",GMB,1978,257.581042237291,27.9436383928571,57.4110671936759
"Gambia, The",GMB,1979,300.258528034397,26.6929300553188,56.3241106719368
"Gambia, The",GMB,1980,337.692534389517,27.0185652009075,55.6324110671937
"Gambia, The",GMB,1981,295.982064548083,30.6280648161972,57.8063241106719
"Gambia, The",GMB,1982,282.141307055388,35.4493147577711,59.8814229249012
"Gambia, The",GMB,1983,268.649299816803,32.2887016532845,58.00395256917
"Gambia, The",GMB,1984,214.794357389928,28.0050346129641,56.6205533596838
"Gambia, The",GMB,1985,262.816616745779,26.3780647363331,56.6205533596838
"Gambia, The",GMB,1986,207.654408714945,28.8114499066584,57.3122529644269
"Gambia, The",GMB,1987,236.954802725846,30.5612442337263,57.8063241106719
"Gambia, The",GMB,1988,274.874465999589,27.4043433298862,59.0909090909091
"Gambia, The",GMB,1989,280.929809553919,25.9160408457967,57.1146245059289
"Gambia, The",GMB,1990,300.639895740381,24.3425539103612,57.5098814229249
"Gambia, The",GMB,1991,627.578919318827,18.158871137899,57.5098814229249
"Gambia, The",GMB,1992,623.485927783598,17.3256885880758,54.1501976284585
"Gambia, The",GMB,1993,635.3611677282,17.2064317037046,54.0513833992095
"Gambia, The",GMB,1994,608.2774907808,19.2307274500809,55.0395256916996
"Gambia, The",GMB,1995,621.681391269646,21.3587381999845,55.0395256916996
"Gambia, The",GMB,1996,651.784945724837,17.9458861689629,55.0395256916996
"Gambia, The",GMB,1997,600.224023405754,20.5803417396121,55.0395256916996
"Gambia, The",GMB,1998,610.234711461724,19.2035389947766,56.0276679841897
"Gambia, The",GMB,1999,575.459893151216,24.01224521455,56.0276679841897
"Gambia, The",GMB,2000,538.054072348854,24.5322844709577,50.0
"Gambia, The",GMB,2001,459.803068381399,25.4256323774963,47.8260869565217
"Gambia, The",GMB,2002,376.531026962584,24.1249321438198,48.5177865612648
"Gambia, The",GMB,2003,308.719123437587,26.7482904903386,46.5415019762846
"Gambia, The",GMB,2004,593.285346326581,31.502618345017,47.2332015810277
"Gambia, The",GMB,2005,616.483657865348,32.0906328098921,47.9249011857708
"Gambia, The",GMB,2006,614.544307904464,25.6002258377034,49.0118577075099
"Gambia, The",GMB,2007,724.726407242432,23.5661970390261,49.0118577075099
"Gambia, The",GMB,2008,859.127671411226,29.7757115194915,55.9288537549407
"Gambia, The",GMB,2009,774.888030908091,31.7342257887518,61.4624505928854
"Gambia, The",GMB,2010,801.033372714536,35.1932434877047,63.6363636363636
"Gambia, The",GMB,2011,710.608411468152,27.202420609824,63.6363636363636
"Gambia, The",GMB,2012,692.579361628102,27.393571461515,63.6363636363636
"Gambia, The",GMB,2013,653.862713272743,26.2221225134284,63.6363636363636
"Gambia, The",GMB,2014,568.00453558864,22.4588391707898,63.6363636363636
"Gambia, The",GMB,2015,619.536364296461,22.2088860199147,63.6363636363636
"Gambia, The",GMB,2016,650.056501323611,21.8613793599274,63.6363636363636
"Gambia, The",GMB,2017,642.522641296331,21.0018946913892,62.6482213438735
"Gambia, The",GMB,2018,696.219806960615,19.8715961801257,62.6482213438735
"Gambia, The",GMB,2019,738.186751987483,20.0040458725555,62.6482213438735
"Gambia, The",GMB,2020,720.335143352133,21.2440052017636,62.6482213438735
"Gambia, The",GMB,2021,781.890925169531,23.579267737043,62.6482213438735
"Gambia, The",GMB,2022,836.244875868476,22.8604385781593,62.6482213438735
"Gambia, The",GMB,2023,883.024111978927,22.0375866230172,62.6482213438735
Georgia,GEO,1992,757.223548505358,52.3458445040214,46.4671175708735
Georgia,GEO,1996,689.034634153312,33.1523846452113,43.675348971075
Georgia,GEO,1997,807.032285752352,27.5066411995873,43.7041300906605
Georgia,GEO,1998,851.515542450841,26.2440015133112,43.8192545690027
Georgia,GEO,1999,673.537782887275,24.7217175013672,43.157288818535
Georgia,GEO,2000,749.908534993961,20.6020089027155,43.1716793783278
Georgia,GEO,2001,801.98383707929,20.9619418639497,43.2148510577061
Georgia,GEO,2002,853.526171868939,19.2408798283262,43.2292416174989
Georgia,GEO,2003,1010.03151630868,19.3015027848811,43.2580227370845
Georgia,GEO,2004,1305.04748557208,16.3950612257362,35.8612750035976
Georgia,GEO,2005,1642.78359414797,14.7699403660646,36.2642106777954
Georgia,GEO,2006,1996.02013272284,11.1987759157064,36.2354295582098
Georgia,GEO,2007,2635.36650276116,9.19570666949123,36.221038998417
Georgia,GEO,2008,3324.7537205015,8.13162847511651,36.1778673190387
Georgia,GEO,2009,2822.68939668797,8.10130101189814,35.9476183623543
Georgia,GEO,2010,3281.72930937343,8.86598672626304,35.4007770902288
Georgia,GEO,2011,4119.66818307193,9.73887160427603,35.147503237876
Georgia,GEO,2012,4530.69533409431,8.56565938989856,35.0410130954094
Georgia,GEO,2013,4712.00229382665,9.21478687624408,35.7763707008203
Georgia,GEO,2014,4830.33486170249,9.2042368072631,34.7675924593467
Georgia,GEO,2015,4086.6223465965,8.54206032187102,34.7978126349115
Georgia,GEO,2016,4143.40125686315,8.00327332913851,34.4510001439056
Georgia,GEO,2017,4418.75206546679,6.91860933720368,34.3186069938121
Georgia,GEO,2018,4804.0546040444,7.56159033807908,34.1660670600086
Georgia,GEO,2019,4741.2832715876,7.33548626473072,34.1430421643402
Georgia,GEO,2020,4300.85701291207,8.31654843439314,34.2193121312419
Georgia,GEO,2021,5083.60695484577,7.22731737039721,34.2480932508275
Georgia,GEO,2022,6729.84659930283,6.63235520175679,34.3056554899986
Georgia,GEO,2023,8283.66960652261,6.01579508133932,34.1329687724852
Germany,DEU,1991,23443.3350818536,1.06998573771213,49.0820038381119
Germany,DEU,1992,26559.8543879632,0.988835539128248,48.5521152579269
Germany,DEU,1993,25616.6508772405,0.977841510464679,49.1578826764436
Germany,DEU,1994,27201.9593555204,0.993351541332521,49.5774970639627
Germany,DEU,1995,31747.2449398447,1.03224855652577,49.6791750214838
Germany,DEU,1996,30599.7891048363,1.06716928692911,49.6634105817984
Germany,DEU,1997,27046.9565464237,1.03610244105776,49.6404526572124
Germany,DEU,1998,27395.9440608051,0.97744658336259,49.776517105037
Germany,DEU,1999,26965.4922773722,0.96089041227783,49.1489483638031
Germany,DEU,2000,23925.8559901991,0.996168402468,48.9124516406362
Germany,DEU,2001,23878.3641471651,1.08333750848315,48.8220120378332
Germany,DEU,2002,25486.5942008748,0.901338514680484,48.6355558103537
Germany,DEU,2003,30711.1022511331,0.829342960804352,48.7400017201342
Germany,DEU,2004,34566.7359143735,0.948871367267906,48.7799982796686
Germany,DEU,2005,35084.4363546269,0.72605784900095,48.8330083725198
Germany,DEU,2006,36980.3349948954,0.716599757643703,48.5948612066988
Germany,DEU,2007,42350.9217211489,0.822076767549622,48.6133019760805
Germany,DEU,2008,46379.1647953479,0.837028054130878,48.5356968706078
Germany,DEU,2009,42471.8868625226,0.670417045914746,48.4380826711798
Germany,DEU,2010,42396.9665976293,0.775984032180357,47.9100324181656
Germany,DEU,2011,47630.9761883572,0.924638957956395,47.9659169153087
Germany,DEU,2012,44718.0159214069,0.911412934754651,47.8108681930338
Germany,DEU,2013,47206.8353514242,0.927130138706706,47.8588626461821
Germany,DEU,2014,48959.5991203133,0.915606456087681,47.9363714531384
Germany,DEU,2015,41929.7549110722,0.708512712866412,47.9590666743106
Germany,DEU,2016,42948.9381932694,0.730531013610999,47.6843370735058
Germany,DEU,2017,45553.9341495339,0.860007620510574,47.7631164667831
Germany,DEU,2018,48916.1686612154,0.742451289010288,47.6415364359723
Germany,DEU,2019,47656.199739747,0.833126017731138,47.7002776267209
Germany,DEU,2020,47394.8734504469,0.728659526127881,47.4970663155786
Germany,DEU,2021,52349.2459994422,0.753895620719434,47.4856177910072
Germany,DEU,2022,50506.5179638543,0.994638278032481,47.5011449507671
Germany,DEU,2023,54776.7668235491,0.929156663056282,47.4658729931603
Ghana,GHA,1961,181.870010833085,35.3763440860215,51.4195306319768
Ghana,GHA,1962,188.421016299893,37.8926038500507,51.4195306319768
Ghana,GHA,1963,205.037422391885,35.9090909090909,51.4195306319768
Ghana,GHA,1964,224.968154393354,35.3559870550162,51.4195306319768
Ghana,GHA,1965,260.50559523622,43.5197817189632,51.4195306319768
Ghana,GHA,1966,263.334589411514,43.2806324110672,51.4195306319768
Ghana,GHA,1967,211.219296540365,40.2260638297872,51.4195306319768
Ghana,GHA,1968,196.668571830464,41.7647058823529,51.4195306319768
Ghana,GHA,1969,225.772621963554,45.9270364817591,51.4195306319768
Ghana,GHA,1970,248.159869409818,46.5250110668437,51.4195306319768
Ghana,GHA,1971,263.408787882235,44.16,51.4195306319768
Ghana,GHA,1972,223.80286383233,46.6429840142096,51.4195306319768
Ghana,GHA,1973,309.509552300391,48.9860039988575,51.4195306319768
Ghana,GHA,1974,289.425856816508,51.137339055794,51.4195306319768
Ghana,GHA,1975,272.976715188503,47.6623130796896,51.8590137997715
Ghana,GHA,1976,260.998295813107,50.5669629175605,51.8590137997715
Ghana,GHA,1977,292.28979809499,56.2035295171549,51.8590137997715
Ghana,GHA,1978,325.598476678233,60.7119031735443,52.2984969675661
Ghana,GHA,1979,346.653403777697,59.9674013181206,52.2984969675661
Ghana,GHA,1980,372.252026367961,57.9202837673854,52.2984969675661
Ghana,GHA,1981,343.799126739425,53.0842948806213,52.2984969675661
Ghana,GHA,1982,319.206910329791,57.3411527917549,53.1423046497319
Ghana,GHA,1983,311.383438154949,59.7305991154001,53.1071459963083
Ghana,GHA,1984,329.998888863111,49.2428694453377,53.9509536784741
Ghana,GHA,1985,329.714604937014,44.8925514796763,54.3552781928452
Ghana,GHA,1986,410.711658388611,47.775389964274,54.3201195394216
Ghana,GHA,1987,355.153724919203,50.6005361930295,54.7244440537927
Ghana,GHA,1988,355.121844932881,49.6130122260739,55.1287685681638
Ghana,GHA,1989,349.964941914982,48.9674812695895,55.0936099147403
Ghana,GHA,1990,382.54246368354,44.8476174659294,55.4979344291114
Ghana,GHA,1991,418.254121349986,45.5104758789699,55.9022589434825
Ghana,GHA,1992,396.426407640517,44.779057218035,55.9022589434825
Ghana,GHA,1993,359.800844097528,36.9308643888329,56.2538454777182
Ghana,GHA,1994,320.50390343252,37.790585975024,56.6933286455129
Ghana,GHA,1995,371.537243033836,38.7785905027284,57.5722949811022
Ghana,GHA,1996,389.271267898831,38.9550830342103,58.4512613166916
Ghana,GHA,1997,377.841935501461,35.7815976306205,59.6936582578887
Ghana,GHA,1998,400.366799508524,36.0141073080481,57.0678153291729
Ghana,GHA,1999,403.037326127273,35.7763437934285,57.394525797662
Ghana,GHA,2000,253.746936203344,35.2715219593039,56.1023121209458
Ghana,GHA,2001,263.542156494853,35.2418001245052,56.6846743429727
Ghana,GHA,2002,297.46164468774,35.1483770619295,57.3546607189945
Ghana,GHA,2003,358.39927142073,36.5454059013539,55.3358934692801
Ghana,GHA,2004,406.132105329565,37.9524260930096,52.1647793794498
Ghana,GHA,2005,478.611909191028,37.4530129301836,53.263512349477
Ghana,GHA,2006,906.441027564887,28.3330959873622,52.930439922651
Ghana,GHA,2007,1050.12461524926,27.294114484663,54.8134481849345
Ghana,GHA,2008,1182.65761256016,29.4080967578414,52.75890261053
Ghana,GHA,2009,1047.70430093586,30.9933842095403,54.1024233101872
Ghana,GHA,2010,1263.89251760539,28.0387379636491,54.4978377428144
Ghana,GHA,2011,1507.43573198753,23.663704967184,54.0909101696405
Ghana,GHA,2012,1543.77524235764,22.1311546901572,54.277658433682
Ghana,GHA,2013,2294.79584693743,20.3698425406713,54.7731216489409
Ghana,GHA,2014,1949.90832923846,19.5837731324669,54.3845249186956
Ghana,GHA,2015,1722.77282833606,19.9826505985758,54.564096422607
Ghana,GHA,2016,1912.47991339951,20.8442929192419,54.3110758547948
Ghana,GHA,2017,2012.28662641265,19.5617099184239,53.1069873428848
Ghana,GHA,2018,2195.32166016377,18.1365503192521,53.694038850312
Ghana,GHA,2019,2186.65822682613,17.323230201462,54.8490737607292
Ghana,GHA,2020,2195.45481659987,18.8537826616486,55.393750274689
Ghana,GHA,2021,2445.18662529344,19.6574735227332,55.393019913595
Ghana,GHA,2022,2229.89122654479,19.5136382081198,55.393019913595
Ghana,GHA,2023,2383.90410476221,20.9430687855615,55.393019913595
Greece,GRC,1995,12779.081491606,6.86998388566801,71.0938712179985
Greece,GRC,1996,13432.5262183244,6.16422886298262,71.155934833204
Greece,GRC,1997,13015.9175046854,6.09221602930034,69.7051978277735
Greece,GRC,1998,13022.9648774809,6.10158340762752,68.1303335919317
Greece,GRC,1999,12742.5404388143,5.77247210059032,67.2614429790535
Greece,GRC,2000,11638.2010697215,5.50251363510967,66.1675717610551
Greece,GRC,2001,12156.9572824221,5.36221949397772,65.4615981380915
Greece,GRC,2002,13782.195640943,5.22103153499556,64.7245927075252
Greece,GRC,2003,18020.612039764,5.3240542693888,64.0186190845617
Greece,GRC,2004,21449.2552764245,4.54970535485524,62.6842513576416
Greece,GRC,2005,22054.1315756886,4.47718109899217,62.1024049650892
Greece,GRC,2006,24416.0232970275,3.28557674416163,61.0007757951901
Greece,GRC,2007,28440.7625328955,3.15474298162147,60.1474010861133
Greece,GRC,2008,31695.8331092209,2.89505867715816,59.4026377036462
Greece,GRC,2009,29425.4573200263,2.92582395634654,58.6501163692785
Greece,GRC,2010,26653.0488008626,2.9142102078812,58.0993017843289
Greece,GRC,2011,25504.7866510124,3.0618456010827,57.377812257564
Greece,GRC,2012,21624.346052551,3.41908207828197,56.5011636927851
Greece,GRC,2013,21573.3449762805,3.35146223879432,55.4926299456943
Greece,GRC,2014,21474.7257123892,3.53346105430384,48.1070597362296
Greece,GRC,2015,17980.7298238137,3.82153798821664,48.0915438324282
Greece,GRC,2016,17919.2426377048,3.45812941533327,47.6027928626843
Greece,GRC,2017,18631.9930129293,3.7522702094539,46.9630783553142
Greece,GRC,2018,19873.4015238771,3.52573090341626,46.1108642358417
Greece,GRC,2019,19335.3602002969,3.66151933931312,45.4892645461598
Greece,GRC,2020,17886.733165236,3.9238294812332,43.6358456167572
Greece,GRC,2021,20652.89659591,3.53173488105093,44.3128673390225
Greece,GRC,2022,20884.6773436263,3.78490731948212,41.6760170674942
Greece,GRC,2023,23343.7103964562,3.74222017907683,41.6760178432894
Greenland,GRL,2003,27466.6494525504,17.8778022320472,0.586429528566208
Greenland,GRL,2004,32030.9987915109,16.4497605026239,0.587160433670362
Greenland,GRL,2005,32489.7277309899,16.9456689293345,0.587891338774516
Greenland,GRL,2006,35457.6297578214,16.2452491333584,0.58862224387867
Greenland,GRL,2007,39780.9441368721,14.3313220056666,0.589353148982824
Greenland,GRL,2008,44366.7858688175,14.7291750060829,0.590084054086978
Greenland,GRL,2009,44918.8413832155,11.5861031645383,0.590814959191132
Greenland,GRL,2010,44277.1993400972,13.3982099730075,0.591545864295286
Greenland,GRL,2011,47186.8759969388,14.5808036302829,0.59227676939944
Greenland,GRL,2012,45936.9562817724,16.1929017960507,0.593007674503594
Greenland,GRL,2013,47535.4883792376,15.0270234424218,0.592203678889024
Greenland,GRL,2014,50485.2244135291,17.3355902451257,0.592228042392496
Greenland,GRL,2015,44536.3549705377,17.0377903864683,0.59227676939944
Greenland,GRL,2016,48181.7453541266,18.4117385602265,0.592301132902911
Greenland,GRL,2017,50765.7494665372,19.0568753352559,0.592301132902911
Greenland,GRL,2018,54545.135857765,18.430149097486,0.592301132902911
Greenland,GRL,2019,53309.2035905065,18.4763686569553,0.592301132902911
Greenland,GRL,2020,54812.6661771023,15.7316156099106,0.592301132902911
Greenland,GRL,2021,58135.9939910203,15.2368028357423,0.592301132902911
Greenland,GRL,2022,55635.0006491223,16.0258939138543,0.592301132902911
Greenland,GRL,2023,58498.9707973609,16.5579499888738,0.592301132902911
Grenada,GRD,1977,736.927499151542,17.7168465448858,58.8235294117647
Grenada,GRD,1978,917.111118802723,16.0428661593085,55.8823529411765
Grenada,GRD,1979,1070.73371266334,17.339263020055,55.8823529411765
Grenada,GRD,1980,1173.07809597238,16.4786817129438,47.0588235294118
Grenada,GRD,1981,1229.65932557403,17.1331483344013,47.0588235294118
Grenada,GRD,1982,1329.00617695983,14.2733691568835,47.0588235294118
Grenada,GRD,1983,1388.16565090599,13.4349762410579,47.0588235294118
Grenada,GRD,1984,1523.94092798531,12.9970756166886,47.0588235294118
Grenada,GRD,1985,1745.15357435866,11.0659740989773,41.1764705882353
Grenada,GRD,1986,1938.10850906698,11.0874900379169,41.1764705882353
Grenada,GRD,1987,2204.6384515886,12.2994780466602,38.2352941176471
Grenada,GRD,1988,2404.25523562379,11.6884768513132,38.2352941176471
Grenada,GRD,1989,2696.98290193019,10.2697363601675,38.2352941176471
Grenada,GRD,1990,2782.18396873619,8.88479480497909,38.2352941176471
Grenada,GRD,1991,2983.91643158641,8.9187032808351,35.2941176470588
Grenada,GRD,1992,3052.70018744163,7.78476420567037,35.2941176470588
Grenada,GRD,1993,3026.04154231393,7.43277079817414,35.2941176470588
Grenada,GRD,1994,3152.2020478855,7.11657151801563,35.2941176470588
Grenada,GRD,1995,3294.26988339657,7.17646437393829,32.3529411764706
Grenada,GRD,1996,3508.294236637,6.0008525621633,32.3529411764706
Grenada,GRD,1997,3724.75466168304,5.58635228941031,32.3529411764706
Grenada,GRD,1998,4206.28052894181,5.22580159122587,32.3529411764706
Grenada,GRD,1999,4516.28332446682,5.37224072714738,35.2941176470588
Grenada,GRD,2000,4839.82811114248,5.16416049399774,35.2941176470588
Grenada,GRD,2001,4819.50776653843,5.36590076582019,38.2352941176471
Grenada,GRD,2002,4984.47405931447,6.29051955717342,38.2352941176471
Grenada,GRD,2003,5427.96377252312,5.86974887101655,35.2941176470588
Grenada,GRD,2004,5480.26117644588,5.0143352561992,35.2941176470588
Grenada,GRD,2005,6338.56011405358,2.96407880724175,26.4705882352941
Grenada,GRD,2006,6344.0383771432,3.89055494436817,26.4705882352941
Grenada,GRD,2007,6864.54816771858,3.55708232832337,26.4705882352941
Grenada,GRD,2008,7448.2040563865,3.76733196411895,26.4705882352941
Grenada,GRD,2009,6932.56472176781,4.62642452810256,29.4117647058824
Grenada,GRD,2010,6909.60169568597,4.5130515818498,29.4117647058824
Grenada,GRD,2011,6947.38136096464,4.4473617869357,29.4117647058824
Grenada,GRD,2012,7092.71985352677,4.83219736257223,23.5294117647059
Grenada,GRD,2013,7424.80212287327,4.83545561235478,23.5294117647059
Grenada,GRD,2014,7986.33421210788,6.10189188310633,23.5294117647059
Grenada,GRD,2015,8694.12438005692,7.42852685072365,23.5294117647059
Grenada,GRD,2016,9221.23461079424,6.20632633624404,23.5294117647059
Grenada,GRD,2017,9751.42661155932,5.37154325760442,23.5294117647059
Grenada,GRD,2018,10083.021279225,5.20543943814909,23.5294117647059
Grenada,GRD,2019,10462.7929159533,4.67951202688308,23.5294117647059
Grenada,GRD,2020,8968.55890108484,4.90307786781958,23.5294117647059
Grenada,GRD,2021,9617.28902905373,5.34059405940594,23.5294117647059
Grenada,GRD,2022,10469.3867012856,4.12004284650904,23.5294117647059
Grenada,GRD,2023,11414.4781691181,3.10780887557402,23.5294117647059
Guatemala,GTM,1965,282.97764170403,28.7337636122701,25.1399776035834
Guatemala,GTM,1966,287.277848723331,28.5124829222694,25.2519596864502
Guatemala,GTM,1967,291.934180943356,27.4131819745442,25.4572601717059
Guatemala,GTM,1968,314.666876118943,27.927370381869,25.5692422545726
Guatemala,GTM,1969,326.30273339901,27.2952388536341,25.5879059350504
Guatemala,GTM,1970,352.790808761812,27.3163392857143,25.709219858156
Guatemala,GTM,1971,358.373560380293,27.6997027408303,25.8212019410228
Guatemala,GTM,1972,369.762757413424,28.2880502546043,26.1291526689063
Guatemala,GTM,1973,440.562871690613,27.8925063096487,26.5304217991788
Guatemala,GTM,1974,528.57311003132,27.8979069396776,26.8290406868234
Guatemala,GTM,1975,594.88660866336,28.0486272251022,26.9503546099291
Guatemala,GTM,1976,697.064609693019,27.2946749458376,27.3422918999627
Guatemala,GTM,1977,856.125495292911,26.3051609778246,27.9301978350131
Guatemala,GTM,1978,925.180026499901,25.8435632114268,28.0421799178798
Guatemala,GTM,1979,1025.98223460072,25.38150623297,28.1448301605076
Guatemala,GTM,1980,1141.80549814991,24.8447193064846,28.4621127286301
Guatemala,GTM,1981,1216.49639722044,24.9856116763656,28.6207540126913
Guatemala,GTM,1982,1203.96540667638,25.1242959203039,28.9660321015304
Guatemala,GTM,1983,1219.73545354345,25.3419060622362,29.1060097051138
Guatemala,GTM,1984,1241.04242582773,25.626271112711,35.321015304218
Guatemala,GTM,1985,1238.47545209176,25.8514989029553,35.321015304218
Guatemala,GTM,1986,896.063263473632,25.6105030584007,35.321015304218
Guatemala,GTM,1987,853.903772501246,25.9787697132577,35.321015304218
Guatemala,GTM,1988,919.070773138882,25.8486266979399,39.9869354236655
Guatemala,GTM,1989,958.427471156263,25.6348000442043,39.9869354236655
Guatemala,GTM,1990,847.688561830359,25.8791598201071,39.9869354236655
Guatemala,GTM,1991,1014.40279682682,25.739981757218,39.9869354236655
Guatemala,GTM,1992,1096.45976992698,25.2850480357025,39.9869354236655
Guatemala,GTM,1993,1165.67442716224,24.8661004165455,41.8253079507279
Guatemala,GTM,1994,1292.67202750483,24.4872663963369,42.1052631578947
Guatemala,GTM,1995,1421.06177809796,24.1507235373736,42.1052631578947
Guatemala,GTM,1996,1481.05986750672,24.0560999377549,42.1052631578947
Guatemala,GTM,1997,1638.46281851789,23.7267418759523,42.687849944009
Guatemala,GTM,1998,1741.20114182856,23.4398988332233,43.2704367301232
Guatemala,GTM,1999,1603.64776144934,23.0463598231227,43.8530235162374
Guatemala,GTM,2000,1648.96578971559,22.8211479342179,44.4356103023516
Guatemala,GTM,2001,1537.68663578252,14.1721468397886,45.0181970884658
Guatemala,GTM,2002,1669.33517469705,14.1702868527657,45.6007838745801
Guatemala,GTM,2003,1722.54701910774,13.4691278963937,46.1832773422919
Guatemala,GTM,2004,1840.91184884,13.0735432996184,44.0742814483016
Guatemala,GTM,2005,2046.46611650758,12.5899676936002,42.5718551698395
Guatemala,GTM,2006,2225.1234753878,11.4490682853821,40.2711011571482
Guatemala,GTM,2007,2458.81573919384,11.6376079270391,41.5080253826055
Guatemala,GTM,2008,2763.05988172926,11.3336648903463,41.3773796192609
Guatemala,GTM,2009,2611.64632773352,11.8486078978063,40.7764091078761
Guatemala,GTM,2010,2805.25960237322,11.2341516901897,40.287420679358
Guatemala,GTM,2011,3168.98370607705,11.2587427520036,40.0783874580067
Guatemala,GTM,2012,3286.61959336267,10.7227497533367,39.7760358342665
Guatemala,GTM,2013,3444.15802275864,10.3562262011186,39.408361328854
Guatemala,GTM,2014,3689.14510410202,10.0744824629421,39.9860022396417
Guatemala,GTM,2015,3893.50533299068,9.96700294850351,41.6573348264278
Guatemala,GTM,2016,4060.13784737643,9.66139477990376,41.9354236655468
Guatemala,GTM,2017,4324.99768915601,9.69628321231672,42.2135125046659
Guatemala,GTM,2018,4352.94593289707,9.43550881537545,42.491601343785
Guatemala,GTM,2019,4511.99839552697,9.40872375710839,42.7696901829041
Guatemala,GTM,2020,4477.61785000665,9.9263191804303,43.0384471817842
Guatemala,GTM,2021,4912.62240414681,9.17348943872533,43.0384471817842
Guatemala,GTM,2022,5356.92435887895,9.07942583528994,43.0384471817842
Guatemala,GTM,2023,5754.42833909847,9.62190880667852,43.0384471817842
Guinea,GIN,1986,505.876944250303,16.3140255567812,56.5025231971349
Guinea,GIN,1987,504.510868799406,17.9690193749745,56.5045580335341
Guinea,GIN,1988,574.001127225182,15.9612999610389,56.7183989907211
Guinea,GIN,1989,570.493417986787,16.1652070145089,56.6828788865375
Guinea,GIN,1990,604.304422702532,16.9325720436087,57.1793464105486
Guinea,GIN,1991,656.42373119518,12.5239928147863,56.8966018232134
Guinea,GIN,1992,692.647802662806,11.3546588484465,57.0572114601986
Guinea,GIN,1993,670.741778229959,11.9298005854044,57.0959018394921
Guinea,GIN,1994,671.576385058752,13.8322440595613,57.1904810353248
Guinea,GIN,1995,713.031460558683,12.7008257861854,57.14911281133
Guinea,GIN,1996,726.025442583799,11.9331422778597,57.1935902653427
Guinea,GIN,1997,695.58174225826,13.7972153135207,57.2002808074231
Guinea,GIN,1998,647.379920832778,14.515103584545,57.2425158717239
Guinea,GIN,1999,610.614842942762,14.7423669356158,57.223083184112
Guinea,GIN,2000,518.157066924026,14.3900980537913,57.2361102067394
Guinea,GIN,2001,483.085120214741,14.9105463439258,57.2297574475012
Guinea,GIN,2002,495.916073559269,14.8357430403433,57.3726965651962
Guinea,GIN,2003,566.48540588068,14.2516528815736,57.441909490477
Guinea,GIN,2004,584.897740538081,15.9897180256217,57.4635398014
Guinea,GIN,2005,463.17768685098,15.2811594891059,57.5021040208367
Guinea,GIN,2006,446.980554135013,15.5845641334162,57.7930225459873
Guinea,GIN,2007,650.148575304743,16.81970768631,58.318871479733
Guinea,GIN,2008,703.532825784369,15.980005361399,58.9289268272831
Guinea,GIN,2009,662.185914665575,16.3606168762438,58.4625895328016
Guinea,GIN,2010,659.235326211315,17.4849504866218,61.2889772912258
Guinea,GIN,2011,636.694958747648,16.0697496615218,61.4914850236041
Guinea,GIN,2012,699.353377212197,16.8316746641336,63.3314846166368
Guinea,GIN,2013,748.455020824734,17.5452728357444,63.6899243040859
Guinea,GIN,2014,765.146999389279,17.5238169176245,65.2257594009442
Guinea,GIN,2015,747.356966759448,18.478241904135,66.0886985186391
Guinea,GIN,2016,711.996509782316,17.5899474364211,66.5092104834771
Guinea,GIN,2017,833.598621691121,20.5284733113745,67.2847460524174
Guinea,GIN,2018,933.273615633705,22.9400092652548,67.9785214878724
Guinea,GIN,2019,1031.34146480732,26.4272768142306,67.9118492593196
Guinea,GIN,2020,1053.66097696415,26.3032774879888,69.0970645450106
Guinea,GIN,2021,1244.96550477914,27.0715374807562,70.5533212599707
Guinea,GIN,2022,1416.59612011764,28.3819737139685,71.948919501872
Guinea,GIN,2023,1555.49375806861,29.4714397653024,73.2292487384014
Guinea-Bissau,GNB,1970,350.221594962107,47.455518109948,17.7692034139403
Guinea-Bissau,GNB,1971,348.277009620267,44.8506536024019,17.7692034139403
Guinea-Bissau,GNB,1972,388.643761374553,45.7812243011181,17.7692034139403
Guinea-Bissau,GNB,1973,391.9165756129,42.882528145666,17.947012802276
Guinea-Bissau,GNB,1974,418.643114014064,41.3797923692586,18.1248221906117
Guinea-Bissau,GNB,1975,435.217809874848,47.7720024322246,18.1248221906117
Guinea-Bissau,GNB,1976,420.852937438178,48.0897039663556,18.1248221906117
Guinea-Bissau,GNB,1977,402.906587803326,46.1544003087991,18.1603840682788
Guinea-Bissau,GNB,1978,402.777525700936,51.612929842679,18.1603840682788
Guinea-Bissau,GNB,1979,375.845330171625,51.58866271762,18.1959459459459
Guinea-Bissau,GNB,1980,346.855441567554,42.1953345740435,18.3026315789474
Guinea-Bissau,GNB,1981,477.46389637563,49.2708308993858,18.5515647226174
Guinea-Bissau,GNB,1982,502.732266005568,46.759676764712,19.0138691322902
Guinea-Bissau,GNB,1983,488.993892322107,42.4411619251285,19.3694879089616
Guinea-Bissau,GNB,1984,407.439444684912,41.3173435787015,20.3296586059744
Guinea-Bissau,GNB,1985,416.576139998898,46.4873822362727,20.6141536273115
Guinea-Bissau,GNB,1986,371.137575913103,45.2492156997977,19.4406116642959
Guinea-Bissau,GNB,1987,487.551949436993,53.5091085977045,19.2628022759602
Guinea-Bissau,GNB,1988,453.807472688208,53.9862196671929,18.9071834992888
Guinea-Bissau,GNB,1989,578.490985831256,48.6589904906264,20.222972972973
Guinea-Bissau,GNB,1990,651.337640650994,56.9360486026431,20.5785917496444
Guinea-Bissau,GNB,1991,672.07387884966,51.2763001679294,20.7130156472262
Guinea-Bissau,GNB,1992,574.32110641811,47.8346190833939,20.7130156472262
Guinea-Bissau,GNB,1993,581.612681813953,52.8446108905997,21.424253200569
Guinea-Bissau,GNB,1994,560.883422537973,52.2601979679123,21.7798719772404
Guinea-Bissau,GNB,1995,589.487023081945,51.797586601693,22.0801920341394
Guinea-Bissau,GNB,1996,614.729892454585,54.2451842383867,22.3805120910384
Guinea-Bissau,GNB,1997,598.953470198484,31.6539868332319,22.6808321479374
Guinea-Bissau,GNB,1998,497.724279563733,37.0560215785608,22.9811522048364
Guinea-Bissau,GNB,1999,478.733190989909,36.2976754124591,23.2814722617354
Guinea-Bissau,GNB,2000,316.945495037639,36.9574160737758,23.5817923186344
Guinea-Bissau,GNB,2001,327.138431972397,36.7663875434622,23.8821123755334
Guinea-Bissau,GNB,2002,362.034574570354,35.2759589835735,24.1824324324324
Guinea-Bissau,GNB,2003,419.78486611807,36.8098623857343,24.4827524893314
Guinea-Bissau,GNB,2004,431.376557669634,36.9704988860037,24.7830725462304
Guinea-Bissau,GNB,2005,463.073962650452,40.3978248032999,25.0833926031294
Guinea-Bissau,GNB,2006,448.513075469701,39.4804221992245,25.3837126600285
Guinea-Bissau,GNB,2007,519.069789794741,38.169319139059,25.6840327169275
Guinea-Bissau,GNB,2008,640.210331101753,38.2595218073501,25.9843527738265
Guinea-Bissau,GNB,2009,583.190020139094,39.1543740432148,26.2846728307255
Guinea-Bissau,GNB,2010,600.194298540768,37.9530889182683,26.5849928876245
Guinea-Bissau,GNB,2011,719.539573498937,37.5633896672074,26.8852773826458
Guinea-Bissau,GNB,2012,635.461653303881,38.08528951059,27.1855618776671
Guinea-Bissau,GNB,2013,654.304534409417,38.6615813465664,27.4858463726885
Guinea-Bissau,GNB,2014,652.022501029449,34.8258068713683,27.7861308677098
Guinea-Bissau,GNB,2015,645.066837207039,35.1577785508063,28.0864153627312
Guinea-Bissau,GNB,2016,679.665386626818,36.3487649050334,28.2661948790896
Guinea-Bissau,GNB,2017,783.123186602022,36.3584920912937,28.2675711237553
Guinea-Bissau,GNB,2018,808.531613218504,32.5475708900674,28.8265931721195
Guinea-Bissau,GNB,2019,811.210004050041,31.3857385123606,29.0523897581792
Guinea-Bissau,GNB,2020,846.918134967613,36.6407419590115,29.3353982930299
Guinea-Bissau,GNB,2021,926.54619187706,40.05238080001,29.8490327169275
Guinea-Bissau,GNB,2022,881.602654162231,39.6677212772359,29.6239118065434
Guinea-Bissau,GNB,2023,964.431832665395,36.8048503128592,29.8908428165007
Guyana,GUY,1961,319.017754796284,23.8543628374137,6.90864724721671
Guyana,GUY,1962,327.392579238974,23.4590065828845,6.90864724721671
Guyana,GUY,1963,288.820390442321,24.4606704281447,6.90864724721671
Guyana,GUY,1964,313.261161893769,21.9526804432465,6.90864724721671
Guyana,GUY,1965,335.73593687831,21.5724137931034,6.90864724721671
Guyana,GUY,1966,352.589675035291,19.0843621399177,6.93406537542575
Guyana,GUY,1967,377.732621967981,18.8337644015989,6.93406537542575
Guyana,GUY,1968,339.786441079035,17.3667029379761,6.94423262670937
Guyana,GUY,1969,361.187616176221,17.9302045728039,6.94423262670937
Guyana,GUY,1970,381.098754100227,16.8222554144884,6.96965075491841
Guyana,GUY,1971,395.769663599294,18.028718312356,6.96965075491841
Guyana,GUY,1972,395.474264576572,17.3869514433506,6.98490163184383
Guyana,GUY,1973,420.533678630093,16.4857320099256,6.99506888312745
Guyana,GUY,1974,587.968877003464,27.6631402534828,6.99506888312745
Guyana,GUY,1975,663.799722651899,28.7494736842105,7.000254000508
Guyana,GUY,1976,604.105267775602,20.7728192940762,5.37795580391161
Guyana,GUY,1977,592.99759837818,18.7427758513381,5.12078028956058
Guyana,GUY,1978,663.208586084495,20.2413820304488,4.86360477520955
Guyana,GUY,1979,688.827652838343,19.8702963577407,4.60642926085852
Guyana,GUY,1980,778.958814102357,20.6896551724138,4.34925374650749
Guyana,GUY,1981,734.567458871119,18.7852234680791,4.09207823215646
Guyana,GUY,1982,620.564636570569,20.1936376210235,3.83490271780544
Guyana,GUY,1983,630.672779209107,19.8228882833787,3.57772720345441
Guyana,GUY,1984,565.33443558244,20.8659037362656,3.59296723393447
Guyana,GUY,1985,587.818395225034,22.5128205128205,3.59296723393447
Guyana,GUY,1986,657.014000212061,22.5806462018731,3.60312725425451
Guyana,GUY,1987,464.052566270711,25.8705028526474,3.60312725425451
Guyana,GUY,1988,544.715209244099,22.619623552915,3.60312725425451
Guyana,GUY,1989,503.109019103922,35.0629265283404,3.61328727457455
Guyana,GUY,1990,528.851095342994,38.1295897145071,3.61328727457455
Guyana,GUY,1991,466.039938988882,40.5225068008007,3.61328727457455
Guyana,GUY,1992,498.156636569954,43.7946676937562,3.61328727457455
Guyana,GUY,1993,603.084316652805,36.6788444624856,3.61328727457455
Guyana,GUY,1994,721.437561135572,37.6438763061582,3.61328727457455
Guyana,GUY,1995,819.668541584905,40.8582643553404,3.62344729489459
Guyana,GUY,1996,927.523847211669,37.7689587112219,3.62852730505461
Guyana,GUY,1997,982.804753805587,36.3533243799035,3.62852730505461
Guyana,GUY,1998,939.685488169724,33.9058533127603,3.62852730505461
Guyana,GUY,1999,908.790631391797,35.0139494280703,3.62852730505461
Guyana,GUY,2000,931.796651718955,29.9832313022935,3.63360731521463
Guyana,GUY,2001,931.574723847673,29.7373837926656,3.64376733553467
Guyana,GUY,2002,950.866932470993,30.8816641067377,3.64595732791466
Guyana,GUY,2003,973.742598054188,32.1128109729009,3.64814732029464
Guyana,GUY,2004,1033.31030902188,31.4937319776355,3.65033731267463
Guyana,GUY,2005,1084.06541388904,28.8858697300346,3.65252730505461
Guyana,GUY,2006,3135.60553528326,34.0002671058965,3.65252730505461
Guyana,GUY,2007,3608.28685240188,30.3847427538396,3.65252730505461
Guyana,GUY,2008,4008.9628671603,31.7275647737363,3.65252730505461
Guyana,GUY,2009,4209.13230624565,29.4241191257626,3.65252730505461
Guyana,GUY,2010,4581.76179693492,28.5284323037662,3.65252730505461
Guyana,GUY,2011,4947.22170589917,25.6836014005978,3.65252730505461
Guyana,GUY,2012,5444.39751913913,25.4400079005114,3.65252730505461
Guyana,GUY,2013,5556.91231156932,25.6475733667273,3.65252730505461
Guyana,GUY,2014,5472.68820452237,24.5940865009998,3.65252730505461
Guyana,GUY,2015,5640.41560569466,25.4431214761023,3.65252730505461
Guyana,GUY,2016,5870.87823759835,20.3872409058451,3.65252730505461
Guyana,GUY,2017,6178.6650437298,22.7580270434004,3.65252730505461
Guyana,GUY,2018,6048.38697180418,19.5356933126322,3.65252730505461
Guyana,GUY,2019,6405.82443444562,17.5953367342493,3.65252730505461
Guyana,GUY,2020,6775.70939096303,16.8510033249851,3.40532348204982
Guyana,GUY,2021,9860.87014834386,13.4551932931892,3.41005967604433
Guyana,GUY,2022,17913.4928066879,10.0298359219808,3.41005967604433
Guyana,GUY,2023,20473.7002190617,9.74362070901044,3.41005967604433
Haiti,HTI,1988,397.365336276412,31.1106493112202,58.0188679245283
Haiti,HTI,1989,407.498708064211,30.5929975976556,57.9825834542816
Haiti,HTI,1990,451.720249689216,29.7367513854808,57.9462989840348
Haiti,HTI,1991,496.545987433864,29.8987995795763,57.9100145137881
Haiti,HTI,1992,316.276513134354,34.1206078469269,57.1480406386067
Haiti,HTI,1993,258.066372258817,30.8470425697263,57.1480406386067
Haiti,HTI,1994,292.134224374091,33.9282580806658,57.8737300435414
Haiti,HTI,1995,372.006104665125,23.5553973604835,57.6923076923077
Haiti,HTI,1996,377.229465025972,19.4953609020945,57.6923076923077
Haiti,HTI,1997,425.111085879256,20.8146613339259,61.3207547169811
Haiti,HTI,1998,465.363306259051,21.1624728161658,61.3207547169811
Haiti,HTI,1999,509.578585275375,22.5610708406735,61.3207547169811
Haiti,HTI,2000,820.600046761464,17.185516717203,61.3207547169811
Haiti,HTI,2001,748.821159844528,16.4505786071297,60.5950653120465
Haiti,HTI,2002,720.969568042522,15.8465044649721,60.5950653120465
Haiti,HTI,2003,578.995291079709,16.720141598204,60.5950653120465
Haiti,HTI,2004,683.185298155273,15.8505214181337,60.5950653120465
Haiti,HTI,2005,775.845704056916,18.053012942039,64.2235123367199
Haiti,HTI,2006,828.805700289589,17.716303487923,64.2235123367199
Haiti,HTI,2007,984.566983448521,19.0751062719029,64.2235123367199
Haiti,HTI,2008,1094.66058421644,18.4326161641106,64.2235123367199
Haiti,HTI,2009,1196.8528706018,18.7934646435559,65.9045718432511
Haiti,HTI,2010,1209.72733503094,20.2326950876929,71.988388969521
Haiti,HTI,2011,1312.03953552013,20.0431188990154,72.8955007256894
Haiti,HTI,2012,1361.39396587374,19.4699035948555,73.4397677793904
Haiti,HTI,2013,1457.83221179626,19.3274999569264,75.0362844702467
Haiti,HTI,2014,1460.18898613914,17.8297636475726,75.0362844702467
Haiti,HTI,2015,1411.12684746796,17.2198989989619,75.0362844702467
Haiti,HTI,2016,1318.40268167953,17.9835139851461,75.0362844702467
Haiti,HTI,2017,1395.23945184461,18.8264709950195,72.9317851959361
Haiti,HTI,2018,1496.38048970156,18.7060141160075,72.3875181422351
Haiti,HTI,2019,1352.17204191532,19.1874037315046,64.9492017416546
Haiti,HTI,2020,1290.32538667383,20.362493732044,64.9492017416546
Haiti,HTI,2021,1824.6798742577,20.8736635722952,65.1306240928882
Haiti,HTI,2022,1748.40890116803,20.41702851414,65.1306240928882
Haiti,HTI,2023,1681.84407667059,17.7053514644328,65.1306240928882
Honduras,HND,1961,237.266657929647,33.4691039141665,26.633300563053
Honduras,HND,1962,244.01209130438,33.0265752652831,26.7226740548753
Honduras,HND,1963,246.561283063044,33.2520325203252,26.7673608007865
Honduras,HND,1964,255.903509094727,29.3097614616816,26.8120475466976
Honduras,HND,1965,273.877577290856,30.6658474771523,26.8567342926088
Honduras,HND,1966,282.88534468771,29.856245033591,26.9461077844311
Honduras,HND,1967,298.155994803561,29.4759970703775,27.0354812762535
Honduras,HND,1968,314.474382938748,30.3329449996934,27.0801680221646
Honduras,HND,1969,316.220454040742,27.8244907626717,27.0801680221646
Honduras,HND,1970,328.787242589654,26.8409995577178,27.1695415139869
Honduras,HND,1971,338.123400136033,26.8923783191611,27.2142282598981
Honduras,HND,1972,352.711426613473,27.2012807451608,27.5270354812763
Honduras,HND,1973,374.668702396507,26.7747939377825,27.6164089730986
Honduras,HND,1974,400.988955544745,25.2896218825422,27.670033068192
Honduras,HND,1975,416.521307238993,22.9803390849968,28.018589686299
Honduras,HND,1976,482.416373927479,23.8155162650223,28.3313969076772
Honduras,HND,1977,559.250644740346,24.8066501815121,29.0016980963446
Honduras,HND,1978,682.834193371888,23.8109163829298,29.1089462865314
Honduras,HND,1979,768.717733232899,22.5322969520314,29.1089462865314
Honduras,HND,1980,854.374079228412,20.8516518025374,29.1089462865314
Honduras,HND,1981,911.505037511277,19.6941572905363,29.171507730807
Honduras,HND,1982,914.30883859664,19.1048487360133,29.2161944767182
Honduras,HND,1983,941.732746077043,18.6249365325279,29.2251318259004
Honduras,HND,1984,959.534269081039,18.9930271222611,29.2876932701761
Honduras,HND,1985,1001.1467980095,18.7417692858628,29.2966306193583
Honduras,HND,1986,1057.81228119586,19.4056649879943,29.3591920636339
Honduras,HND,1987,1097.85859892373,18.454465849387,29.3591920636339
Honduras,HND,1988,1039.29410284648,18.6685848121475,29.3591920636339
Honduras,HND,1989,903.767650161806,18.7831459168958,30.1278040933059
Honduras,HND,1990,749.818113552631,19.9139104329875,29.6719992850121
Honduras,HND,1991,722.000657931123,19.7401937107558,29.8686209670212
Honduras,HND,1992,782.111518709432,17.7112101292628,29.9848065063902
Honduras,HND,1993,772.74224772986,17.9584363270164,31.7097148985611
Honduras,HND,1994,735.886147157389,21.3388406292452,31.4594691214586
Honduras,HND,1995,814.049075569071,19.1569324983597,31.1019751541693
Honduras,HND,1996,812.817047602244,19.7561696780257,31.1019751541693
Honduras,HND,1997,917.272651200904,20.7510920369715,30.3423004736795
Honduras,HND,1998,988.655986927253,16.8245531210234,30.3423004736795
Honduras,HND,1999,999.004383328908,13.9820958376201,29.82393422111
Honduras,HND,2000,1092.56400746252,14.3725235386886,26.2311198498525
Honduras,HND,2001,1132.1648753329,13.1659906583333,26.2400571990348
Honduras,HND,2002,1132.49965345317,12.1834127398259,27.0622933238002
Honduras,HND,2003,1156.08162681357,11.6140985227332,28.1794619715792
Honduras,HND,2004,1215.13995412761,12.1707041468662,28.0632764322102
Honduras,HND,2005,1304.70039153826,12.4709247586633,28.1526499240325
Honduras,HND,2006,1425.84780051892,11.8565791514775,28.2420234158549
Honduras,HND,2007,1577.73789197407,11.9110474415928,28.2420234158549
Honduras,HND,2008,1732.49062702803,12.1501702062634,28.4565197962284
Honduras,HND,2009,1781.15703614674,10.8250414864446,28.5816426847797
Honduras,HND,2010,1893.32722662035,11.5912204379757,29.207257127536
Honduras,HND,2011,2073.66121088074,14.2196558016976,29.591563142372
Honduras,HND,2012,2126.03474686503,13.5662940347061,30.0116185539369
Honduras,HND,2013,2081.12843527945,12.1911279403961,30.1188667441237
Honduras,HND,2014,2179.88171977271,12.5383501333105,30.1635534900349
Honduras,HND,2015,2271.20265980349,12.2159784468116,30.1635534900349
Honduras,HND,2016,2307.34468351082,12.0499014058464,30.6014835999643
Honduras,HND,2017,2413.0076562942,12.6697681094878,31.1734739476271
Honduras,HND,2018,2464.64241531918,11.6101604613644,31.361158280454
Honduras,HND,2019,2502.32744328073,10.6380334094751,31.361158280454
Honduras,HND,2020,2307.61494319511,12.1880671407553,31.6203414067388
Honduras,HND,2021,2735.14751503977,10.8930519266193,31.9599606756636
Honduras,HND,2022,3003.28996826399,12.4732730244455,31.9599606756636
Honduras,HND,2023,3227.45762509776,11.9787948406632,31.9599606756636
"Hong Kong SAR, China",HKG,2000,25756.7728723704,0.0873270375124953,6.66666666666667
"Hong Kong SAR, China",HKG,2001,25230.3780910304,0.0894680511254657,6.66666666666667
"Hong Kong SAR, China",HKG,2002,24665.8362318216,0.0881032820206869,6.66666666666667
"Hong Kong SAR, China",HKG,2003,23977.1734120477,0.0751987993656245,6.66666666666667
"Hong Kong SAR, China",HKG,2004,24928.1003722551,0.0731235605934626,6.66666666666667
"Hong Kong SAR, China",HKG,2005,26649.637724155,0.0674869434363105,6.66666666666667
"Hong Kong SAR, China",HKG,2006,28224.0951563146,0.0629926078474022,5.71428571428571
"Hong Kong SAR, China",HKG,2007,30593.9511738646,0.0614869792991817,5.71428571428571
"Hong Kong SAR, China",HKG,2008,31515.5292103443,0.0541731796493912,5.71428571428571
"Hong Kong SAR, China",HKG,2009,30697.5383861641,0.0656925288308839,5.71428571428571
"Hong Kong SAR, China",HKG,2010,32550.136489179,0.0533684018528068,5.23809523809524
"Hong Kong SAR, China",HKG,2011,35142.4879344543,0.0487999048815413,5.23809523809524
"Hong Kong SAR, China",HKG,2012,36730.796195815,0.0546866831053985,4.85714285714286
"Hong Kong SAR, China",HKG,2013,38403.7777145477,0.0572883662527095,4.85714285714286
"Hong Kong SAR, China",HKG,2014,40315.3739510191,0.0661945438173809,4.85714285714286
"Hong Kong SAR, China",HKG,2015,42432.1619740441,0.0679653751855497,4.85714285714286
"Hong Kong SAR, China",HKG,2016,43734.1980702999,0.0762065977729043,4.76190476190476
"Hong Kong SAR, China",HKG,2017,46160.429791493,0.0652727034141459,4.85714285714286
"Hong Kong SAR, China",HKG,2018,48537.5668888343,0.0621422719454446,4.76190476190476
"Hong Kong SAR, China",HKG,2019,48359.0011950597,0.0723017256105577,4.76190476190476
"Hong Kong SAR, China",HKG,2020,46109.2299946609,0.098961317261836,3.80952380952381
"Hong Kong SAR, China",HKG,2021,49770.5642374739,0.0755934592131795,3.80952380952381
"Hong Kong SAR, China",HKG,2022,48825.0272275805,0.0529028573951146,3.80952380952381
"Hong Kong SAR, China",HKG,2023,50525.1119312663,0.0379376159344696,3.80952380952381
Hungary,HUN,1995,4509.41740910077,7.2801790564357,68.7625194747385
Hungary,HUN,1996,4542.0120380978,7.39216004431377,68.8181615846873
Hungary,HUN,1997,4606.0569733295,6.4978302464325,68.9866369710468
Hungary,HUN,1998,4751.7732430202,6.17370244986811,68.9643652561247
Hungary,HUN,1999,4801.95949584162,5.44561326098786,68.8864142538976
Hungary,HUN,2000,4629.91760812548,5.06575156419002,65.32024101763
Hungary,HUN,2001,5280.94887987063,5.02945329369332,65.4429814773488
Hungary,HUN,2002,6658.04494326809,4.3698045801714,65.264449899576
Hungary,HUN,2003,8410.09248198479,3.90627498031927,65.4429814773488
Hungary,HUN,2004,10291.2694721409,4.35683545455054,65.431823253738
Hungary,HUN,2005,11212.2046968994,3.72514185336456,65.4279656288361
Hungary,HUN,2006,11478.4891640501,3.53874601085628,64.8253543131347
Hungary,HUN,2007,13934.605460375,3.48786630899698,64.8030353755161
Hungary,HUN,2008,15762.6322515113,3.47814940071837,64.6133244057583
Hungary,HUN,2009,13051.1831777184,2.99527728031797,63.8793770020987
Hungary,HUN,2010,13189.8433874768,3.00710894106453,59.0191096873964
Hungary,HUN,2011,14211.460557822,3.97302154410133,58.9528333149232
Hungary,HUN,2012,12950.1594488143,3.88850753892061,58.9638793770021
Hungary,HUN,2013,13739.4620151401,3.92253734459854,58.0691483486137
Hungary,HUN,2014,14352.501883174,3.94529830379291,57.6813499890423
Hungary,HUN,2015,12782.9412577973,3.76135548183773,57.6813499890423
Hungary,HUN,2016,13215.8605277789,3.8677257212942,57.8785886478194
Hungary,HUN,2017,14736.1668157258,3.74894666908719,58.1087004163927
Hungary,HUN,2018,16605.0570511887,3.47162730279737,58.031996493535
Hungary,HUN,2019,17012.8598553199,3.32505112170721,57.8347578347578
Hungary,HUN,2020,16386.9308821258,3.36254685371176,53.8754394039009
Hungary,HUN,2021,19030.628130329,3.45755919325803,55.2672430418584
Hungary,HUN,2022,18428.028825614,3.14401314538933,55.6214332675871
Hungary,HUN,2023,22208.6509820466,2.92753080419927,55.6985097523559
Iceland,ISL,1995,27564.569102386,9.12838943790143,18.9426433915212
Iceland,ISL,1996,28583.5208959793,8.90792897956373,18.9226932668329
Iceland,ISL,1997,28461.7664095122,7.93061959786854,18.9027431421446
Iceland,ISL,1998,31519.1647473126,7.97752681820503,18.8628428927681
Iceland,ISL,1999,32834.4215745364,7.49142130179857,18.8428927680798
Iceland,ISL,2000,32503.578963236,6.88831030553847,18.8428927680798
Iceland,ISL,2001,29208.1981853568,7.38475678158897,18.8428927680798
Iceland,ISL,2002,32749.379004627,7.40410685574256,18.8229426433915
Iceland,ISL,2003,39944.2104095591,6.34802769431979,18.8029925187032
Iceland,ISL,2004,47809.6073050042,5.22712887100887,18.7930174563591
Iceland,ISL,2005,57783.7745608117,4.65914418730598,18.7730673316708
Iceland,ISL,2006,58172.1426656622,4.71216540055294,18.7630922693267
Iceland,ISL,2007,70483.0117228535,4.14422017475605,18.713216957606
Iceland,ISL,2008,57489.3399795216,4.84499076014344,18.713216957606
Iceland,ISL,2009,41483.7843682814,5.59973924229062,18.7032418952618
Iceland,ISL,2010,43776.4677400475,6.30607576724851,18.6932668329177
Iceland,ISL,2011,48254.953927254,6.80354686881859,18.6852867830424
Iceland,ISL,2012,46594.9869146614,6.78778087975117,18.6753117206983
Iceland,ISL,2013,50173.3360061057,6.04859910943695,18.6753117206983
Iceland,ISL,2014,55140.364935793,5.2481645293506,18.6753117206983
Iceland,ISL,2015,53505.6964079339,5.38208899929138,18.6733167082294
Iceland,ISL,2016,62854.0906407932,4.47135515188719,18.6733167082294
Iceland,ISL,2017,72976.3729990975,3.75031988716598,18.6733167082294
Iceland,ISL,2018,75633.8651351915,4.16468316974913,18.565903005058
Iceland,ISL,2019,69296.3144361601,4.42492787831943,18.565903005058
Iceland,ISL,2020,60127.9393575616,4.79261696705132,18.565903005058
Iceland,ISL,2021,70425.4064277273,4.41052130328966,18.565903005058
Iceland,ISL,2022,76376.9599334915,4.20588929303782,18.565903005058
Iceland,ISL,2023,82201.2908518078,4.3005455805291,16.2451651294258
India,IND,1961,87.8538613470205,41.0924821982676,58.8431953558299
India,IND,1962,92.1999583629516,39.0659687962891,59.357794153754
India,IND,1963,103.435021262932,39.825351677532,59.2474749343298
India,IND,1964,117.856430772855,41.3437167110651,59.4351521429845
India,IND,1965,121.50831902883,39.3846972550148,59.5915498168634
India,IND,1966,91.0276950517841,40.3516512369392,59.7102775133779
India,IND,1967,97.9951481214155,42.7515580248472,59.803443439538
India,IND,1968,101.556802521195,42.0860273767475,59.9907843091091
India,IND,1969,109.477664384288,41.5849235838776,59.7983983532838
India,IND,1970,114.35532002008,40.2896134622547,59.8858465150226
India,IND,1971,120.680595539912,38.6333911913009,59.8068068303741
India,IND,1972,125.270705961882,38.6268263019613,59.8501945721599
India,IND,1973,146.568492582405,41.6038246201552,60.1209475344664
India,IND,1974,166.699661755332,38.8780587034235,60.2995435878635
India,IND,1975,161.086694022079,35.9969148408834,60.4381152903111
India,IND,1976,164.119999587322,34.3120367117561,60.4229800315486
India,IND,1977,189.585568552477,35.777144264307,60.4034723646992
India,IND,1978,209.389063573463,34.2739627109778,60.7401477873933
India,IND,1979,227.958179873426,32.8255300200485,60.73611171839
India,IND,1980,271.080945953678,34.4088678062413,60.632519280638
India,IND,1981,274.964330768528,33.2976974188253,60.6759070224237
India,IND,1982,278.65038258267,32.3267496865056,60.8003524833596
India,IND,1983,295.999773299382,32.6065348775622,60.696423706524
India,IND,1984,281.049867840717,31.3805304117853,61.0293993992984
India,IND,1985,300.928258576378,29.7181383564993,60.991729421934
India,IND,1986,314.897116402542,28.6411462697276,60.9419512375597
India,IND,1987,344.941028293075,27.9723784011745,61.0600062559069
India,IND,1988,358.484539641693,28.7698223693608,60.907980990115
India,IND,1989,349.915155021864,27.8396057996888,61.0458800143953
India,IND,1990,371.085936203765,27.5848881365411,61.0162821750376
India,IND,1991,305.574055928592,27.6627054102247,61.0744688365022
India,IND,1992,319.182472626315,26.8969194477949,60.9799575540076
India,IND,1993,302.884806246174,27.0545587671255,61.0058556634457
India,IND,1994,347.73421473994,26.519937575032,60.9752488068371
India,IND,1995,375.17600537305,24.4575477898552,60.8588754839079
India,IND,1996,401.046754673579,25.199306058679,60.7391387701425
India,IND,1997,416.228116203753,24.248674505748,60.8709836909178
India,IND,1998,413.630864056851,24.180451549085,60.8349954089715
India,IND,1999,441.927991436397,22.9725618865025,60.8844372542623
India,IND,2000,442.750218937263,21.6110620465121,60.8689656564162
India,IND,2001,450.357900514128,21.6188848861438,60.7048321836142
India,IND,2002,469.149928973927,19.5345432709546,60.7293849367178
India,IND,2003,544.143133545002,19.5919979784251,60.6247834817149
India,IND,2004,624.258826510066,17.8146906487994,60.6671622062499
India,IND,2005,710.488080408949,17.6202069548839,60.5834137744308
India,IND,2006,801.668353659022,16.8094420944381,60.5094191760365
India,IND,2007,1021.88707706826,16.7501197597569,60.4132261981239
India,IND,2008,992.519584923828,16.7909423598037,60.4593046525785
India,IND,2009,1094.94974598436,16.7442701563161,60.5639061075814
India,IND,2010,1347.51939071367,17.0265090136912,60.3974182611942
India,IND,2011,1445.46127486037,17.191973558015,60.4300431523044
India,IND,2012,1429.32199520032,16.8453770661356,60.4206256579633
India,IND,2013,1432.84397512195,17.1484235433697,60.4394606466455
India,IND,2014,1553.88396075118,16.7919345145039,60.4495508191538
India,IND,2015,1583.99815907985,16.1745081068401,60.4317248477225
India,IND,2016,1707.50892912243,16.3638005616331,60.3990999566123
India,IND,2017,1950.10468280866,16.5583314049368,60.2840719900175
India,IND,2018,1966.25455171679,16.031630686449,60.2437112999842
India,IND,2019,2041.42863698585,16.7555683032837,60.2198312250478
India,IND,2020,1907.04251637669,18.6685376603727,60.0459439188212
India,IND,2021,2239.61384367482,17.3725615260314,60.0507647678083
India,IND,2022,2279.98145719369,18.2106659929942,60.0555856504293
India,IND,2023,2434.44826340989,17.6565389328245,60.0604064994165
Indonesia,IDN,1983,507.682945653414,24.1049192918087,20.5471147126526
Indonesia,IDN,1984,519.774063103241,23.456098917004,20.4529772517761
Indonesia,IDN,1985,511.400883618027,23.767641320597,21.6820216718095
Indonesia,IDN,1986,469.834241253429,24.2534416295532,22.7934885210066
Indonesia,IDN,1987,437.60655039936,23.3269453094893,24.0040406939837
Indonesia,IDN,1988,476.662483405818,24.1215919518553,24.3639495023654
Indonesia,IDN,1989,524.143027322576,23.4255287714725,24.5284477000613
Indonesia,IDN,1990,578.420121135382,21.5487236013603,24.8861484789437
Indonesia,IDN,1991,624.387495384411,19.661807287925,22.9215542319645
Indonesia,IDN,1992,673.67103954742,19.5214104727292,22.828816992995
Indonesia,IDN,1993,817.395116417856,17.8798444276384,23.1931418603753
Indonesia,IDN,1994,899.793982949817,17.286262325045,23.1683015285084
Indonesia,IDN,1995,1011.22614205568,17.1383462031211,23.7241729549507
Indonesia,IDN,1996,1118.92133024129,16.6723873758844,23.7186528812025
Indonesia,IDN,1997,1044.60674832472,16.0921102228181,23.7186528812025
Indonesia,IDN,1998,454.877800792123,18.0828529531935,23.8014539874253
Indonesia,IDN,1999,657.268934667018,19.612676402133,24.3534613622438
Indonesia,IDN,2000,763.711124950924,15.6787044387708,23.7643400679301
Indonesia,IDN,2001,732.307093405708,15.9949177621389,24.2026845001302
Indonesia,IDN,2002,881.002913569131,16.3196689664379,24.5222551675908
Indonesia,IDN,2003,1043.2105838671,15.1853482186248,24.7885640571414
Indonesia,IDN,2004,1126.84004447173,14.3357802955642,24.8373681438111
Indonesia,IDN,2005,1238.21447629488,13.1266186400506,24.9394340083909
Indonesia,IDN,2006,1558.31562847163,12.9738027192484,25.5208558741616
Indonesia,IDN,2007,1823.21976255073,13.7166831034562,26.0490159620222
Indonesia,IDN,2008,2124.55483920618,14.4817402607761,26.2043436045121
Indonesia,IDN,2009,2218.48541852977,15.290148146172,26.5727183586424
Indonesia,IDN,2010,3065.68348377765,13.929212707137,26.568260667402
Indonesia,IDN,2011,3579.46442466152,13.5122870743946,27.0964207552627
Indonesia,IDN,2012,3632.27254030331,13.3739742350727,27.0919630640223
Indonesia,IDN,2013,3566.60284506078,13.3566991621949,27.3538142623324
Indonesia,IDN,2014,3441.06808464008,13.3367549992146,27.5091419048223
Indonesia,IDN,2015,3288.22269725538,13.4926435578886,27.6112077694021
Indonesia,IDN,2016,3521.46943457574,13.4787485470271,27.8730589677122
Indonesia,IDN,2017,3798.88326174526,13.1566308462661,27.7598939877572
Indonesia,IDN,2018,3860.95353090726,12.8084975586902,28.411834447481
Indonesia,IDN,2019,4106.94856160358,12.7126026577522,28.7503293442037
Indonesia,IDN,2020,3853.70288774146,13.6984142796138,28.9649906072855
Indonesia,IDN,2021,4287.17313995098,13.2801691376596,28.9558492042508
Indonesia,IDN,2022,4730.83484836107,12.3996501634108,29.0073830174182
Indonesia,IDN,2023,4876.2992959843,12.5294431866213,29.1258057551148
"Iran, Islamic Rep.",IRN,1961,200.081529294917,24.9025684268259,36.3902600751492
"Iran, Islamic Rep.",IRN,1962,205.786809656996,23.827496408575,36.4019253910951
"Iran, Islamic Rep.",IRN,1963,209.559376274106,22.2572181405255,36.4387632309241
"Iran, Islamic Rep.",IRN,1964,221.731727810865,20.7660664995727,36.4756010707532
"Iran, Islamic Rep.",IRN,1965,247.526675505342,18.5956166107177,36.5124389105823
"Iran, Islamic Rep.",IRN,1966,262.877683796365,17.4418187758515,36.5185785505538
"Iran, Islamic Rep.",IRN,1967,283.733705768331,16.5158861435938,36.5615560303544
"Iran, Islamic Rep.",IRN,1968,314.285456656503,15.853614366579,36.5922542302119
"Iran, Islamic Rep.",IRN,1969,344.60168745738,14.4973996185315,36.6352317100125
"Iran, Islamic Rep.",IRN,1970,376.606879152564,12.9909105502266,36.6536506299271
"Iran, Islamic Rep.",IRN,1971,457.283638013187,12.712702516979,36.9323902846337
"Iran, Islamic Rep.",IRN,1972,554.748034126016,11.9544005362624,37.3290110267934
"Iran, Islamic Rep.",IRN,1973,850.560177143749,9.86877569511489,37.7471205088534
"Iran, Islamic Rep.",IRN,1974,1408.96571902093,6.9328248557647,37.4272452663376
"Iran, Islamic Rep.",IRN,1975,1531.70617122603,6.67228101586501,37.107983987819
"Iran, Islamic Rep.",IRN,1976,1953.51969678549,6.48704874448283,36.8071416292149
"Iran, Islamic Rep.",IRN,1977,2243.05559538309,5.66536824448606,36.649352881947
"Iran, Islamic Rep.",IRN,1978,2100.77015324703,7.46228323211957,36.1422186203001
"Iran, Islamic Rep.",IRN,1979,2352.42655152643,8.57191827498058,36.7813551413345
"Iran, Islamic Rep.",IRN,1980,2368.39285730478,11.0604635849105,35.4337041675876
"Iran, Islamic Rep.",IRN,1981,2393.44985576145,13.6941482462101,35.7818217539723
"Iran, Islamic Rep.",IRN,1982,2844.87611384065,12.7741774073033,36.1422186203001
"Iran, Islamic Rep.",IRN,1983,3397.06140021273,11.0571291764366,36.352808271323
"Iran, Islamic Rep.",IRN,1984,3395.33697556582,12.3078856376355,36.5554163903829
"Iran, Islamic Rep.",IRN,1985,3634.03209560745,12.7705211481195,37.0650065080184
"Iran, Islamic Rep.",IRN,1986,4064.34667297515,15.2280294509587,37.2676146270783
"Iran, Islamic Rep.",IRN,1987,2513.15111564745,16.3027843168373,37.4702227461382
"Iran, Islamic Rep.",IRN,1988,2234.46235141335,15.3850143787075,37.9865664677423
"Iran, Islamic Rep.",IRN,1989,2124.97214820344,15.5768192258942,37.8815786242295
"Iran, Islamic Rep.",IRN,1990,2137.94222739877,12.4908605575991,37.7587858247992
"Iran, Islamic Rep.",IRN,1991,2194.43906803657,12.0142415524232,38.6778899285346
"Iran, Islamic Rep.",IRN,1992,1957.48507794252,12.0543300718568,39.162921486284
"Iran, Islamic Rep.",IRN,1993,1038.10985682067,10.3983707071378,39.3870183452442
"Iran, Islamic Rep.",IRN,1994,1167.76272513795,10.5515623445808,39.39008816523
"Iran, Islamic Rep.",IRN,1995,1550.0095955025,12.6102361431141,39.4214003290847
"Iran, Islamic Rep.",IRN,1996,1914.78121294313,10.3464772313477,39.5558584444608
"Iran, Islamic Rep.",IRN,1997,1790.06617575598,9.81269950030608,39.1905498661558
"Iran, Islamic Rep.",IRN,1998,1709.19334096046,11.5550578925548,39.7768854834353
"Iran, Islamic Rep.",IRN,1999,1739.59462001458,9.91498621545228,39.1015250865689
"Iran, Islamic Rep.",IRN,2000,1650.01385833785,9.06841932703815,38.6085119968565
"Iran, Islamic Rep.",IRN,2001,1881.02266635283,8.31084200246599,39.1850241901815
"Iran, Islamic Rep.",IRN,2002,1891.25756091033,7.82554689747938,39.3207102335519
"Iran, Islamic Rep.",IRN,2003,2208.99636552406,7.45109456120201,39.4563962769223
"Iran, Islamic Rep.",IRN,2004,2672.4226651404,6.88957846945821,39.5920823202927
"Iran, Islamic Rep.",IRN,2005,3132.0508192007,6.50138220908685,29.2437191483091
"Iran, Islamic Rep.",IRN,2006,3618.91601364428,7.11821124095933,29.3794051916796
"Iran, Islamic Rep.",IRN,2007,4687.99166260718,7.18556823147499,29.51509123505
"Iran, Islamic Rep.",IRN,2008,5377.4115072957,6.12277259111112,28.6629092070041
"Iran, Islamic Rep.",IRN,2009,5415.52280553446,6.9244896148629,28.6636459638007
"Iran, Islamic Rep.",IRN,2010,6291.19443655454,6.49939072557201,28.5735160490189
"Iran, Islamic Rep.",IRN,2011,8025.68743364356,4.64211620456629,28.4833861342371
"Iran, Islamic Rep.",IRN,2012,8114.08099831877,6.79693716710654,28.3932562194553
"Iran, Islamic Rep.",IRN,2013,6222.74194840326,8.77490977276026,28.2141015250866
"Iran, Islamic Rep.",IRN,2014,5672.06372896319,9.37842415684426,28.2141015250866
"Iran, Islamic Rep.",IRN,2015,4952.73355532178,10.0916014141126,28.2141015250866
"Iran, Islamic Rep.",IRN,2016,5710.59947089104,8.44788029281743,28.2141015250866
"Iran, Islamic Rep.",IRN,2017,6000.93346404409,8.49044927227644,28.6194144838213
"Iran, Islamic Rep.",IRN,2018,4783.01067340237,9.63092024660805,28.9152542372881
"Iran, Islamic Rep.",IRN,2019,3997.4935449585,11.8081014676882,28.9602465331279
"Iran, Islamic Rep.",IRN,2020,3202.50003502169,11.6933506979702,28.9848998459168
"Iran, Islamic Rep.",IRN,2021,4605.14881318992,10.6344854027271,29.008936825886
"Iran, Islamic Rep.",IRN,2022,4721.20437099984,10.6950417706195,29.008936825886
"Iran, Islamic Rep.",IRN,2023,5049.29931642754,10.750872506583,29.008936825886
Iraq,IRQ,1968,318.832552563525,16.2300628322861,20.5432471362919
Iraq,IRQ,1969,319.860143218706,15.0251349841743,20.5546791046482
Iraq,IRQ,1970,337.042912609442,16.6055124157351,20.561538285662
Iraq,IRQ,1971,383.550287036941,15.7933255269321,20.5752566476896
Iraq,IRQ,1972,394.41834302923,18.9923329682366,20.9433660287628
Iraq,IRQ,1973,475.586335675674,13.5416666666667,20.9662299654755
Iraq,IRQ,1974,1031.25081332691,8.1860683936605,21.2177332693143
Iraq,IRQ,1975,1165.88163945653,7.8403744055557,21.2291652376706
Iraq,IRQ,1976,1488.54335200482,8.18233835590311,21.2291652376706
Iraq,IRQ,1977,1608.79545129648,8.50773275067427,21.2291652376706
Iraq,IRQ,1978,1863.21761229727,7.84523300555793,21.4669501794819
Iraq,IRQ,1979,2871.32952195974,5.47854430833154,21.581269863045
Iraq,IRQ,1980,3867.64500744262,4.70429340485838,21.581269863045
Iraq,IRQ,1981,2700.41204790874,8.42080215741744,21.581269863045
Iraq,IRQ,1982,2941.9748125381,10.299889104737,21.6064201934289
Iraq,IRQ,1983,2743.35449218755,11.2003803185168,21.6064201934289
Iraq,IRQ,1984,3065.7178266236,13.3455662536338,21.6064201934289
Iraq,IRQ,1985,3087.66394151806,14.3906793322586,21.6407160984978
Iraq,IRQ,1986,2940.40623181091,14.8355173355173,21.6811852664792
Iraq,IRQ,1987,3436.4763126353,14.3107954545455,21.6434597709034
Iraq,IRQ,1988,3707.20841763297,14.5855847510833,21.7447470105403
Iraq,IRQ,1989,3791.17027583399,16.3961015097095,21.106614536891
Iraq,IRQ,1990,10261.4157706888,8.24886234611499,21.121247456387
Iraq,IRQ,1991,22.9521327615352,15.6156658406279,22.0136269062807
Iraq,IRQ,1992,30.2539012636825,19.8705741718241,21.816768411185
Iraq,IRQ,1993,53.7437842348819,15.5027143118743,22.5728787982715
Iraq,IRQ,1994,198.182101881974,20.1121034238266,21.3171913940142
Iraq,IRQ,1995,619.135530927038,20.5851365851446,20.7268445480943
Iraq,IRQ,1996,485.258492784825,18.5970823288736,20.7382765164506
Iraq,IRQ,1997,936.341170908421,8.4566018849353,19.7715892722409
Iraq,IRQ,1998,900.937142559106,10.9097070962474,19.751926286668
Iraq,IRQ,1999,1560.36466710272,7.20350392397431,19.3888469716716
Iraq,IRQ,2000,1980.18916038782,4.63474550697269,19.4233715161076
Iraq,IRQ,2001,1435.695683789,6.9309570545315,19.4025653336992
Iraq,IRQ,2002,1266.15961275094,8.5626717122094,19.8552712806091
Iraq,IRQ,2003,817.887862499622,8.40560829262466,19.8571003955461
Iraq,IRQ,2004,1328.37157628292,6.93856130624701,19.7304341861582
Iraq,IRQ,2005,1762.39360423421,6.88686273542446,20.0640190227953
Iraq,IRQ,2006,2276.55435744086,5.82603290514173,20.5281569380616
Iraq,IRQ,2007,3128.99010329066,4.92949827595085,20.8832338752086
Iraq,IRQ,2008,4542.96609046032,3.84778019548826,18.7511717767565
Iraq,IRQ,2009,3714.71205987194,5.22993319137947,18.0645606925769
Iraq,IRQ,2010,4461.75196161555,5.16228354680036,18.9231442254559
Iraq,IRQ,2011,5775.54229080293,4.56377343749618,19.6313777859643
Iraq,IRQ,2012,6477.59618450955,4.12427143758484,19.7276201878799
Iraq,IRQ,2013,6650.35282247395,4.76843971585529,20.4671202963181
Iraq,IRQ,2014,6249.39226978969,4.92940777204755,21.5010319537095
Iraq,IRQ,2015,4440.14189252367,4.19186817517212,21.364205948476
Iraq,IRQ,2016,4334.42096404188,3.97718981146129,21.4745420705414
Iraq,IRQ,2017,4759.2846435467,2.97672780101335,21.5116279069767
Iraq,IRQ,2018,5646.68932074742,2.81581764320492,21.60422732466
Iraq,IRQ,2019,5671.8568632942,3.77000825306199,21.7695160435814
Iraq,IRQ,2020,4295.18945121228,6.08867414692412,21.7755050330546
Iraq,IRQ,2021,4868.49431080783,3.27919752953038,21.8439177204985
Iraq,IRQ,2022,6520.73154560584,2.05870621388374,21.7784995277912
Iraq,IRQ,2023,5965.31835077761,3.10603121448412,21.8307880128072
Ireland,IRL,1995,19158.4564773907,5.58019048648672,63.7059079692263
Ireland,IRL,1996,20835.8977130847,4.69011481893998,63.0251124981855
Ireland,IRL,1997,22551.1139134126,3.90674426489094,63.2260124836696
Ireland,IRL,1998,24294.8547674007,3.47535460725289,63.4269124691537
Ireland,IRL,1999,26338.1077543817,2.57229167369639,63.6278124546378
Ireland,IRL,2000,26334.5672050501,2.50492903890048,63.814196545217
Ireland,IRL,2001,28282.409882073,1.99385983232223,64.0150965307011
Ireland,IRL,2002,32705.4345565698,1.7353084894094,63.478008419219
Ireland,IRL,2003,41203.5295847568,1.48000381983801,63.4344607345043
Ireland,IRL,2004,47754.2023194244,1.57408727204836,62.4909275656844
Ireland,IRL,2005,50933.0216095589,1.03354966551094,62.4473798809697
Ireland,IRL,2006,54329.1618599624,0.921152718855531,61.837712294963
Ireland,IRL,2007,61396.417461176,1.04322286551282,62.0699666134417
Ireland,IRL,2008,61353.1065629523,0.850028643552735,67.1940775148788
Ireland,IRL,2009,52133.0906162544,0.557956348121,66.6848599216142
Ireland,IRL,2010,48623.9666422487,0.955429971049666,66.3086079256786
Ireland,IRL,2011,52613.8540355689,1.20481169133057,66.1199012919147
Ireland,IRL,2012,49335.8408099555,0.98628534243733,65.8005516040064
Ireland,IRL,2013,52537.6108648692,1.07000530417849,64.9876614893308
Ireland,IRL,2014,57214.5379785709,1.21732475012945,64.8279866453767
Ireland,IRL,2015,64250.1385181257,0.86869465225802,64.3054144287995
Ireland,IRL,2016,64129.5571542383,0.925941331563359,64.7554071708521
Ireland,IRL,2017,72161.4047531385,1.11981590911886,65.1618522281899
Ireland,IRL,2018,80804.1123164826,0.928168981879793,65.5537813906227
Ireland,IRL,2019,81827.6688873996,0.953896616119834,65.6699085498621
Ireland,IRL,2020,86514.0706108754,1.00897235932956,65.495717811003
Ireland,IRL,2021,103783.446284479,1.03312440304987,62.9554362026419
Ireland,IRL,2022,105190.685952731,1.17281530326124,63.115111046596
Ireland,IRL,2023,106818.917130804,0.846910710164401,60.8070837567136
Isle of Man,IMN,2012,79329.2034347434,0.642657103075182,67.3684210526316
Isle of Man,IMN,2013,83207.6588430451,0.596599796488864,68.0701754385965
Isle of Man,IMN,2014,91885.4528718026,0.446094368875088,68.2456140350877
Isle of Man,IMN,2015,84753.5187422732,0.472320117585132,72.1052631578947
Isle of Man,IMN,2016,82025.9454509241,0.590100696950693,70.5263157894737
Isle of Man,IMN,2017,83481.3038489014,0.400506349187324,70.8771929824561
Isle of Man,IMN,2018,89393.8244248812,0.410935899164255,72.280701754386
Isle of Man,IMN,2019,87127.5517977404,0.316670665474295,70.5263157894737
Isle of Man,IMN,2020,79513.5330346598,0.372633924187371,70.5263157894737
Isle of Man,IMN,2021,94299.969348965,0.337744275420086,68.7719298245614
Isle of Man,IMN,2022,88328.548125887,0.372466783015541,71.4035087719298
Isle of Man,IMN,2023,90015.2074234398,0.372599048577164,69.0898245614035
Israel,ISR,1995,19013.94330229,2.05380335048029,26.4787430683919
Israel,ISR,1996,20212.9229756617,1.9086393501913,26.0628465804067
Israel,ISR,1997,20457.3857209047,1.81548236065463,26.0166358595194
Israel,ISR,1998,20175.625397054,2.00759206970054,25.9704251386322
Israel,ISR,1999,19808.8555169876,1.74308903703751,25.8317929759704
Israel,ISR,2000,21690.237340061,1.53950194936894,26.1552680221811
Israel,ISR,2001,20948.7745727671,1.76536948210236,25.9242144177449
Israel,ISR,2002,19058.7462869465,1.8235929215393,26.0166358595194
Israel,ISR,2003,19624.0321412582,1.71700755496317,25.4621072088725
Israel,ISR,2004,20550.0694706176,1.62732842646118,23.7292051756007
Israel,ISR,2005,21261.7474251846,1.8909166326078,23.775415896488
Israel,ISR,2006,22499.7541717986,1.83070715651626,23.5120147874307
Israel,ISR,2007,25688.901610248,1.75759805162562,23.9417744916821
Israel,ISR,2008,30231.0191013609,1.81893085102566,23.826247689464
Israel,ISR,2009,28469.6817348489,2.15055287894338,24.1497227356747
Israel,ISR,2010,31398.9266927022,1.83828057709311,23.3133086876155
Israel,ISR,2011,34476.7252065949,1.85284294203979,23.8909426987061
Israel,ISR,2012,33268.7066672115,1.49484781325948,24.3160813308688
Israel,ISR,2013,36980.622214228,1.5233149487473,24.043438077634
Israel,ISR,2014,38265.3651949373,1.39092717696261,24.8475046210721
Israel,ISR,2015,36138.13561386,1.42574237362895,24.6719038817006
Israel,ISR,2016,37571.2561196275,1.45872080858947,25.5083179297597
Israel,ISR,2017,41013.2575323519,1.44031962010396,29.7597042513863
Israel,ISR,2018,42269.3770257585,1.39351241557999,29.6349353049908
Israel,ISR,2019,44091.8678022544,1.35332886174885,29.5009242144177
Israel,ISR,2020,44590.8237253282,1.37217783069975,25.0369685767098
Israel,ISR,2021,52258.4693499398,1.33051800415199,24.9075785582255
Israel,ISR,2022,54947.2091250715,1.18596323576565,24.7042513863216
Israel,ISR,2023,52126.4489280033,1.39228590650126,24.8012939001848
Italy,ITA,1990,20873.7834092719,3.17863301808926,57.2574886947061
Italy,ITA,1991,22007.1350964074,3.23538616255156,54.5850192104995
Italy,ITA,1992,23297.0460325456,3.11425048353394,54.3266124919248
Italy,ITA,1993,18781.9529427137,2.99504807113879,54.0954064805685
Italy,ITA,1994,19382.2002150155,2.98808942565623,53.3881880928904
Italy,ITA,1995,20712.1798690324,2.97421286113196,52.1335554724423
Italy,ITA,1996,23122.9337219116,2.97232514692978,52.1879568868791
Italy,ITA,1997,21883.9872666651,2.85874715868517,52.1743565332699
Italy,ITA,1998,22365.1837644545,2.76539863771239,52.6469688211894
Italy,ITA,1999,22049.9990620261,2.71812731131433,53.7179966679134
Italy,ITA,2000,20190.0035636084,2.55763392992713,52.8780797922345
Italy,ITA,2001,20570.4385917862,2.4818910807856,52.4215637871215
Italy,ITA,2002,22451.3964379368,2.36532442144257,51.6471773784484
Italy,ITA,2003,27577.5700319855,2.35238168739719,50.4095117645865
Italy,ITA,2004,31348.1901841445,2.34229627595505,50.3283533636776
Italy,ITA,2005,32062.723833669,2.03006110909468,49.8312581581101
Italy,ITA,2006,33537.1286994269,1.94158568418969,48.0288653379233
Italy,ITA,2007,37826.1754554823,1.89414967924379,47.8902197363705
Italy,ITA,2008,40828.5795580937,1.87300893559166,48.8884680675508
Italy,ITA,2009,37099.6133958219,1.80208177882956,47.2828843695683
Italy,ITA,2010,35856.8625485539,1.76928173132246,48.45088902265
Italy,ITA,2011,38432.3742820019,1.84910093882918,46.8439526846523
Italy,ITA,2012,34854.3949441965,1.90886941227517,46.4259869199711
Italy,ITA,2013,35701.6746002376,2.05779366637333,46.0912085162215
Italy,ITA,2014,36028.3494022349,1.90848213125891,44.5086196984965
Italy,ITA,2015,30639.8829751432,1.99152552817849,43.7748124902779
Italy,ITA,2016,31391.5692898108,1.84915248302101,43.3250596852407
Italy,ITA,2017,32844.115660604,1.89343264776643,43.3743295977925
Italy,ITA,2018,35062.3364176949,1.85755612561626,41.948748469826
Italy,ITA,2019,33812.788724868,1.81866879873849,44.3699956377212
Italy,ITA,2020,32091.4866621366,1.9280162015612,42.332263616904
Italy,ITA,2021,36852.5425414951,1.83339290794707,41.9422315930434
Italy,ITA,2022,35653.9042103495,1.89037175125669,43.9631475720276
Italy,ITA,2023,39279.699782164,1.8596431753596,44.2565839307453
Jamaica,JAM,1993,2220.51518327186,7.64724952476385,46.4450600184672
Jamaica,JAM,1994,2202.85831038471,8.5065104238843,46.1680517082179
Jamaica,JAM,1995,2630.84935382822,8.59708931074463,45.8910433979686
Jamaica,JAM,1996,2928.89692611996,8.00341035786896,45.6140350877193
Jamaica,JAM,1997,3296.91634805083,7.63385216493667,45.1523545706371
Jamaica,JAM,1998,3419.49352868739,7.17123535052869,44.6906740535549
Jamaica,JAM,1999,3431.56813468335,6.67959721253552,44.5060018467221
Jamaica,JAM,2000,3453.09252800226,6.23190015732816,44.2289935364728
Jamaica,JAM,2001,3503.55026688858,6.12073592592505,44.2289935364728
Jamaica,JAM,2002,3680.64551727724,5.5443040664747,43.7673130193906
Jamaica,JAM,2003,3549.70758394618,5.2138620043709,43.7673130193906
Jamaica,JAM,2004,3807.56293124552,4.98216525525125,43.5826408125577
Jamaica,JAM,2005,4184.43974867497,5.18624085360629,43.1209602954755
Jamaica,JAM,2006,4417.00127135363,5.15582607453948,43.1209602954755
Jamaica,JAM,2007,4716.48612542727,4.61760640988582,42.8439519852262
Jamaica,JAM,2008,5029.80095281745,4.89912215623133,41.4589104339797
Jamaica,JAM,2009,4428.38153333557,5.47226787895058,41.1819021237304
Jamaica,JAM,2010,4809.977380312,5.26899732039303,38.9012003693444
Jamaica,JAM,2011,5232.63644918132,5.64728677796925,38.8273314866113
Jamaica,JAM,2012,5340.83333232158,5.77144048591992,38.7626962142198
Jamaica,JAM,2013,5124.21301411137,5.97047963265033,38.6703601108033
Jamaica,JAM,2014,4975.11325459872,5.97248983885497,38.5872576177285
Jamaica,JAM,2015,5339.30718256806,5.85612196392822,38.5041551246537
Jamaica,JAM,2016,5302.29553353854,6.09832325620201,38.5041551246537
Jamaica,JAM,2017,5605.43541173019,5.91066469479472,38.5041551246537
Jamaica,JAM,2018,5976.90362644337,5.90087317528371,38.5041551246537
Jamaica,JAM,2019,6030.68896415921,6.30529102020964,38.5041551246537
Jamaica,JAM,2020,5299.04530804283,7.72056947491963,38.5041551246537
Jamaica,JAM,2021,5625.67806271236,7.38278062941281,38.5041551246537
Jamaica,JAM,2022,6626.47502388538,6.79979684725228,38.5041551246537
Jamaica,JAM,2023,7542.39855849054,7.78255886920727,38.5041551246537
Japan,JPN,1994,40774.4450809919,1.79866740812433,15.4278661546901
Japan,JPN,1995,44947.4763611465,1.57754581279154,15.2550740537575
Japan,JPN,1996,39929.7185750327,1.57804096055877,15.0891632373114
Japan,JPN,1997,36331.0311480645,1.43902367717129,14.9163237311385
Japan,JPN,1998,32835.1192750829,1.50363332498932,14.7489711934156
Japan,JPN,1999,37028.7168989208,1.45485802379336,14.5980795610425
Japan,JPN,2000,39752.937397755,1.38720503030209,14.4252400548697
Japan,JPN,2001,34910.166403687,1.26721780448523,14.3017832647462
Japan,JPN,2002,33315.9165174962,1.27479663435206,14.1975308641975
Japan,JPN,2003,35808.6816792388,1.20761175062494,14.1015089163237
Japan,JPN,2004,38677.5708064787,1.1538358664365,14.0192043895748
Japan,JPN,2005,38158.6758263963,1.04909848652326,13.9368998628258
Japan,JPN,2006,36354.4271646349,1.03356481909702,13.8639231824417
Japan,JPN,2007,36129.9535132925,1.01665328916647,13.7909465020576
Japan,JPN,2008,40294.2081309702,1.03017612646277,13.7152263374486
Japan,JPN,2009,41678.1783063195,1.07479207956878,13.6477366255144
Japan,JPN,2010,45378.1378109399,1.11140166338783,13.5884773662551
Japan,JPN,2011,49122.077634247,1.10595400106158,13.4951989026063
Japan,JPN,2012,49626.6830327571,1.13661659778411,13.4567901234568
Japan,JPN,2013,41369.1948479498,1.07559314069116,13.4211248285322
Japan,JPN,2014,39172.8471161948,0.991053653091654,13.360768175583
Japan,JPN,2015,35664.6446110613,1.0203205987902,13.2949245541838
Japan,JPN,2016,40214.9688631562,1.10437494356716,13.2043895747599
Japan,JPN,2017,39679.8635262948,1.10813828591854,13.1083676268861
Japan,JPN,2018,40645.478086519,1.01125619011391,13.0205761316872
Japan,JPN,2019,41424.8655601543,0.981152004588712,12.9355281207133
Japan,JPN,2020,41098.9739004553,1.00457628073053,12.8449931412894
Japan,JPN,2021,41580.739040705,0.938649382602401,12.7818930041152
Japan,JPN,2022,35548.2645222433,0.848657019671377,12.716049382716
Japan,JPN,2023,35215.003535366,0.825345395457711,12.6368303066246
Jordan,JOR,1965,545.513861689675,14.1456582633053,12.3753399818676
Jordan,JOR,1966,558.402981092455,10.0425531914894,12.3980054397099
Jordan,JOR,1967,496.922746235673,15.7358156028369,12.4320036264733
Jordan,JOR,1968,408.842352820548,9.68063872255489,12.4546690843155
Jordan,JOR,1969,474.427887073594,12.5,12.4660018132366
Jordan,JOR,1970,408.596257509347,10.7705779334501,12.5113327289211
Jordan,JOR,1971,412.218818849468,12.3864574731627,12.5226654578422
Jordan,JOR,1972,459.874244108895,12.3224431818182,12.5679963735267
Jordan,JOR,1973,530.783996638002,8.06191551112544,12.5793291024479
Jordan,JOR,1974,651.095948462669,14.8301788955146,12.6246600181324
Jordan,JOR,1975,717.7640972871,6.92819454003212,12.6359927470535
Jordan,JOR,1976,872.506019353732,7.475317348378,12.6586582048957
Jordan,JOR,1977,1038.52230070493,7.6332560834299,12.6699909338169
Jordan,JOR,1978,1248.90326044987,9.68188105117566,12.7153218495014
Jordan,JOR,1979,1518.82451343828,6.26972010178117,12.7493200362647
Jordan,JOR,1980,1750.09801076564,7.14224396943944,12.771985494107
Jordan,JOR,1981,1885.14842198943,5.50876708546182,12.6654578422484
Jordan,JOR,1982,1928.87589643338,5.62996182049573,12.7391205802357
Jordan,JOR,1983,1939.33654498872,6.15134893093026,12.8966455122393
Jordan,JOR,1984,1871.09074979987,5.11598680421009,11.9004986400725
Jordan,JOR,1985,1797.02877146361,4.91728407591596,12.6677243880326
Jordan,JOR,1986,2200.10278230881,5.10153983485829,12.7583862194016
Jordan,JOR,1987,2216.87045179385,5.89058468535444,13.1006346328196
Jordan,JOR,1988,1965.98031813995,5.85631596867552,13.2026291931097
Jordan,JOR,1989,1260.2518650001,5.47103689960833,13.0303717135086
Jordan,JOR,1990,1148.59005469899,6.88131541776828,11.7883046237534
Jordan,JOR,1991,1109.65564611997,7.2447599729547,11.4505893019039
Jordan,JOR,1992,1286.6347360596,6.84134721914469,12.7005893019039
Jordan,JOR,1993,1289.4145431007,5.12820512820513,12.3526745240254
Jordan,JOR,1994,1367.18721776691,4.42705345053129,12.1486854034451
Jordan,JOR,1995,1415.71151592128,3.68634271533714,12.6246600181324
Jordan,JOR,1996,1410.17424189419,3.22909031680104,11.9106980961015
Jordan,JOR,1997,1435.87593846863,2.88673038366457,12.0240253853128
Jordan,JOR,1998,1532.11380395602,2.57941459588577,12.0806890299184
Jordan,JOR,1999,1544.58750592979,2.00578024678539,12.0920217588395
Jordan,JOR,2000,1570.61002940477,2.01543667794689,12.1146872166818
Jordan,JOR,2001,1632.29454010563,1.9532661816239,11.5820489573889
Jordan,JOR,2002,1706.26744384401,2.19163968207242,11.6160471441523
Jordan,JOR,2003,1775.67625581432,2.46655691894808,11.3893925657298
Jordan,JOR,2004,1940.08641342805,2.49786797513256,11.7520398912058
Jordan,JOR,2005,2087.87079273635,2.75835798153626,11.4800543970988
Jordan,JOR,2006,2342.63459574933,2.58350975139105,11.5367180417044
Jordan,JOR,2007,2506.20599484139,2.53146818560253,10.9168177697189
Jordan,JOR,2008,3669.83012701745,4.1497532688884,11.0210788757933
Jordan,JOR,2009,3845.34388086274,4.42207373381623,11.5453931065555
Jordan,JOR,2010,4139.04283161368,4.97053082877959,11.2897048884884
Jordan,JOR,2011,4363.42800211536,4.59269751586294,11.2930840279342
Jordan,JOR,2012,4593.83609729005,3.97973556725392,11.769542689795
Jordan,JOR,2013,4739.02253641778,3.97733734427352,11.901329128182
Jordan,JOR,2014,4610.60460269382,4.24636795376777,11.9846812345123
Jordan,JOR,2015,4441.61896013754,4.43181485575889,11.8979499887362
Jordan,JOR,2016,4366.06999647268,4.64825852368191,12.0067582788916
Jordan,JOR,2017,4449.34618076611,4.56751477814013,11.3426447398063
Jordan,JOR,2018,4533.97658437205,4.46958792425547,11.5093489524668
Jordan,JOR,2019,4557.79334729121,4.39686183197217,11.6730860193256
Jordan,JOR,2020,4411.48321838396,4.73287537525391,11.5886208527603
Jordan,JOR,2021,4581.71967230365,4.82885342865116,11.5210487195081
Jordan,JOR,2022,4754.41362207378,4.76761883150185,11.7462891636822
Jordan,JOR,2023,4906.23543006639,4.95629590864962,11.5323107417168
Kazakhstan,KAZ,1992,1437.59848100913,23.3416252072968,82.0324480497833
Kazakhstan,KAZ,1993,1355.13493859139,16.4384453031802,82.13764492351
Kazakhstan,KAZ,1994,1246.83633018218,14.9475474934635,82.1020854168982
Kazakhstan,KAZ,1995,1217.79138769863,12.3293860124829,80.4483831536837
Kazakhstan,KAZ,1996,1281.39152895397,12.1521551443733,79.8139052487313
Kazakhstan,KAZ,1997,1381.63593295187,11.4067790275051,79.8947290439678
Kazakhstan,KAZ,1998,1414.59289652597,8.56579510270654,79.760640071119
Kazakhstan,KAZ,1999,1091.54727722159,9.88634864043421,79.6663703374449
Kazakhstan,KAZ,2000,1180.0444563226,8.11078388505165,79.7841612030966
Kazakhstan,KAZ,2001,1422.27331810957,8.72483186377084,79.4479386598511
Kazakhstan,KAZ,2002,1573.55219932325,7.99590909279888,79.07134126014
Kazakhstan,KAZ,2003,1958.02050246511,7.86220602699238,78.8981738711709
Kazakhstan,KAZ,2004,2722.47407755402,7.12295798751998,78.7756046968182
Kazakhstan,KAZ,2005,3577.35804001782,6.36952301555866,78.6331814646072
Kazakhstan,KAZ,2006,5030.13494711519,5.49583486199441,78.481497944216
Kazakhstan,KAZ,2007,6449.43931096532,5.66029151907027,78.3181835018706
Kazakhstan,KAZ,2008,8123.54705891736,5.31580324655219,78.1017890876764
Kazakhstan,KAZ,2009,6938.01175663001,6.14688498650048,78.0765640626736
Kazakhstan,KAZ,2010,8793.07589980782,4.51052752955614,80.4392339889617
Kazakhstan,KAZ,2011,11287.1464926039,4.9889741557576,80.3750416712968
Kazakhstan,KAZ,2012,12018.7966527993,4.28833015629833,80.3837833833389
Kazakhstan,KAZ,2013,13478.459627612,4.50354556962711,80.3771159758492
Kazakhstan,KAZ,2014,12427.7094576939,4.32955246164473,80.304996851502
Kazakhstan,KAZ,2015,10196.1226255982,4.71054741881579,80.1050857502685
Kazakhstan,KAZ,2016,7475.56688689424,4.55600427070659,80.0985665073897
Kazakhstan,KAZ,2017,8943.08416791984,4.51698454026741,80.088046820017
Kazakhstan,KAZ,2018,9472.48527327758,4.39585810287636,80.0222617327851
Kazakhstan,KAZ,2019,9457.12614657136,4.46633595812751,79.2585472459903
Kazakhstan,KAZ,2020,8781.50797787648,5.3912826934481,79.3233322220988
Kazakhstan,KAZ,2021,9983.60103576902,5.03000193996331,79.3664851650183
Kazakhstan,KAZ,2022,11255.3396437881,5.24714480730074,79.3664851650183
Kazakhstan,KAZ,2023,12879.4275257974,3.82500311361663,79.3664851650183
Kenya,KEN,1961,99.2716957068382,34.073102243936,43.9734002178726
Kenya,KEN,1962,104.600455936259,37.574194883491,43.9878973539024
Kenya,KEN,1963,107.393655978243,38.4498114224708,44.0023946656359
Kenya,KEN,1964,111.300544823892,36.8320801767525,44.0168919773694
Kenya,KEN,1965,106.865601340262,32.4186398481032,44.0313891133992
Kenya,KEN,1966,119.833476389359,34.7078582943185,44.0458864251327
Kenya,KEN,1967,121.90214207834,33.6574284416174,44.0603837368662
Kenya,KEN,1968,128.654646882243,31.7057022262683,44.0748808728959
Kenya,KEN,1969,133.310793093247,30.8975712777191,44.0893781846294
Kenya,KEN,1970,141.039390962597,30.16973422275,44.1038754963629
Kenya,KEN,1971,150.852979093178,28.1622949271027,44.1183726323927
Kenya,KEN,1972,172.642044778441,32.2109354238639,44.1328699441262
Kenya,KEN,1973,198.578083872556,31.8774962996698,44.1473672558597
Kenya,KEN,1974,227.233442066411,31.2991420759876,44.1618643918895
Kenya,KEN,1975,241.224426147057,30.1729756831286,44.9309484485364
Kenya,KEN,1976,248.935108198575,33.3269159328564,44.9414906701339
Kenya,KEN,1977,311.48625291648,37.0068283241034,44.9450047439997
Kenya,KEN,1978,355.141982232607,32.0642230927976,44.7310872544541
Kenya,KEN,1979,403.242079834358,30.1862501072869,44.7455843904839
Kenya,KEN,1980,453.558973444809,27.7907613507416,44.7600817022174
Kenya,KEN,1981,412.883704225392,27.8734520123839,44.7745790139509
Kenya,KEN,1982,373.794835688888,28.9666010892868,44.7890761499807
Kenya,KEN,1983,335.037151735189,29.8687559836265,44.8035734617142
Kenya,KEN,1984,334.40283575753,29.5098977394204,44.6862930034789
Kenya,KEN,1985,319.503611010714,28.6062318225284,46.1925144955547
Kenya,KEN,1986,363.745117772717,28.7775774262261,46.2403955090136
Kenya,KEN,1987,386.630929992512,27.1716538650978,46.3638291105879
Kenya,KEN,1988,391.238771204282,25.5402040600799,46.7771736303897
Kenya,KEN,1989,374.489193682103,25.9638119035868,47.4786723828935
Kenya,KEN,1990,374.458992895562,25.3141333603755,46.9959282426117
Kenya,KEN,1991,344.722642127742,24.3201481720275,47.1984283304635
Kenya,KEN,1992,336.68139978696,24.781287223819,47.5555478441157
Kenya,KEN,1993,228.998032843434,26.8080134088411,47.1624125874126
Kenya,KEN,1994,276.447871981244,28.1153566812096,47.8656682011456
Kenya,KEN,1995,340.064842175429,26.3496195621312,47.8555669958183
Kenya,KEN,1996,440.527078880876,27.4925217805866,46.5224169800049
Kenya,KEN,1997,466.723814611399,27.6939373994727,46.7881703974418
Kenya,KEN,1998,487.883239905452,27.7449136009738,46.5637106862986
Kenya,KEN,1999,433.721235701305,28.7440796130558,47.3126494359911
Kenya,KEN,2000,414.626365130846,28.7217806412905,46.9669541764768
Kenya,KEN,2001,410.700452474814,27.8492601112896,47.1571142425414
Kenya,KEN,2002,402.936385605382,25.8539676039456,47.1202164669501
Kenya,KEN,2003,442.898457253405,25.8044393708329,47.2186105351934
Kenya,KEN,2004,463.662781300121,24.9290410875057,47.4259408932776
Kenya,KEN,2005,523.456312433863,24.2362747002419,47.4435112626067
Kenya,KEN,2006,699.80237063381,20.5196878049409,47.5348771831184
Kenya,KEN,2007,840.201439476765,20.5866644602991,47.5565720209439
Kenya,KEN,2008,915.54435473604,22.1963401579826,47.5958372280985
Kenya,KEN,2009,1047.9678324485,16.2549814662286,47.9865096461328
Kenya,KEN,2010,1091.51873101194,17.5677598863696,48.11958182521
Kenya,KEN,2011,1096.14499807675,18.8947112249953,49.0740895034614
Kenya,KEN,2012,1285.00536171512,18.8297259329446,49.6703443792388
Kenya,KEN,2013,1370.87885214659,18.6165515854622,49.7928697684225
Kenya,KEN,2014,1482.81566253497,18.3478393393556,49.747157992761
Kenya,KEN,2015,1489.11959777284,19.4696147780528,49.5619679036477
Kenya,KEN,2016,1554.12610314423,20.0345164328349,49.6614869747445
Kenya,KEN,2017,1667.48447230835,20.8936374065292,48.9288901383398
Kenya,KEN,2018,1836.45275528993,20.314910419968,49.5521664949056
Kenya,KEN,2019,1960.40808854893,20.8611638110686,49.5174851803854
Kenya,KEN,2020,1927.66459027849,22.7027261604451,49.3892110936528
Kenya,KEN,2021,2061.35622089594,21.4770750957252,49.4013975092459
Kenya,KEN,2022,2109.56288513137,21.0361920649933,49.4830453575056
Kenya,KEN,2023,1942.58802756191,21.4522060902205,49.5263223856783
Kiribati,KIR,1979,572.794606018137,18.36896780815,46.9135802469136
Kiribati,KIR,1980,542.253599617514,12.1444612426839,46.9135802469136
Kiribati,KIR,1981,567.722497103141,12.3112421088069,46.9135802469136
Kiribati,KIR,1982,518.62249584629,9.32604373023206,46.9135802469136
Kiribati,KIR,1983,483.107821082637,13.9264556067458,46.9135802469136
Kiribati,KIR,1984,527.291455228898,21.7141563679479,48.1481481481481
Kiribati,KIR,1985,392.905065394709,14.0750626585133,48.1481481481481
Kiribati,KIR,1986,381.918758641144,9.08043031603626,48.1481481481481
Kiribati,KIR,1987,423.822473332128,9.11710830119408,48.1481481481481
Kiribati,KIR,1988,535.915134580045,16.885438085602,48.1481481481481
Kiribati,KIR,1989,514.652948165033,12.5744134563317,48.1481481481481
Kiribati,KIR,1990,488.067527876014,7.08987114098308,48.1481481481481
Kiribati,KIR,1991,540.125861123481,9.50670511651096,48.1481481481481
Kiribati,KIR,1992,791.99610105394,38.9224360321798,48.1481481481481
Kiribati,KIR,1993,747.75302075115,36.918823274291,45.679012345679
Kiribati,KIR,1994,837.971706204,36.0875538352505,45.679012345679
Kiribati,KIR,1995,844.429605862723,34.7045779716184,45.679012345679
Kiribati,KIR,1996,985.885941426854,31.9681777526715,45.679012345679
Kiribati,KIR,1997,953.162998384941,29.2423175472412,45.679012345679
Kiribati,KIR,1998,874.484349123221,27.5147814856127,41.9753086419753
Kiribati,KIR,1999,887.496019475758,26.8650452280091,41.9753086419753
Kiribati,KIR,2000,845.367240231973,21.4337071242658,41.9753086419753
Kiribati,KIR,2001,718.833787096781,22.5615831817997,41.9753086419753
Kiribati,KIR,2002,810.10870037444,21.5198283356643,41.9753086419753
Kiribati,KIR,2003,1020.50033851394,22.0411967073946,41.9753086419753
Kiribati,KIR,2004,1083.2688987175,22.613067101907,41.9753086419753
Kiribati,KIR,2005,1161.78341739977,19.9785440818543,41.9753086419753
Kiribati,KIR,2006,1123.19258990684,21.6296437311933,41.9753086419753
Kiribati,KIR,2007,1352.57814048911,22.6952534039334,41.9753086419753
Kiribati,KIR,2008,1410.62246914058,24.6515263462685,41.9753086419753
Kiribati,KIR,2009,1316.62753853678,26.6757133740491,41.9753086419753
Kiribati,KIR,2010,1522.10068744154,24.656994278618,41.9753086419753
Kiribati,KIR,2011,1771.12926848792,25.7140796838501,41.9753086419753
Kiribati,KIR,2012,1843.55336349889,25.2322527301857,41.9753086419753
Kiribati,KIR,2013,1772.08718317132,23.6658906066429,41.9753086419753
Kiribati,KIR,2014,1736.70535682101,25.295949931433,41.9753086419753
Kiribati,KIR,2015,1639.85274740652,22.919663600839,41.9753086419753
Kiribati,KIR,2016,1742.66799324117,27.0676818963115,41.9753086419753
Kiribati,KIR,2017,1854.3326920967,31.0106872852234,41.9753086419753
Kiribati,KIR,2018,1915.56002581991,26.7699361022364,41.9753086419753
Kiribati,KIR,2019,1750.24040333237,26.9900320512821,41.9753086419753
Kiribati,KIR,2020,1751.87199542272,26.9632710280374,41.9753086419753
Kiribati,KIR,2021,2223.54147866465,24.6990263157895,41.9753086419753
Kiribati,KIR,2022,2078.7648751855,27.9577956877189,41.9753086419753
Kiribati,KIR,2023,2200.68918614289,26.9850960163305,41.9753086419753
"Korea, Rep.",KOR,1961,94.2045938667769,38.5275668537471,21.9054530375285
"Korea, Rep.",KOR,1962,106.623915747203,36.4625850340136,21.5737093095584
"Korea, Rep.",KOR,1963,147.00790480127,42.8982725527831,21.7706821480406
"Korea, Rep.",KOR,1964,124.24136735879,46.2945527908541,22.7140783744557
"Korea, Rep.",KOR,1965,109.429276511316,37.2848948374761,23.6160066348746
"Korea, Rep.",KOR,1966,134.431383763277,34.1529291235913,23.99958532034
"Korea, Rep.",KOR,1967,162.459907730169,29.9652620450083,24.2172921418204
"Korea, Rep.",KOR,1968,199.982134957643,27.9409178828908,24.2898610823139
"Korea, Rep.",KOR,1969,245.494385222026,27.1790275599373,24.2276591333195
"Korea, Rep.",KOR,1970,281.785631415674,26.2529240802439,24.0928882438316
"Korea, Rep.",KOR,1971,304.271118680953,26.8591829096249,23.833713456355
"Korea, Rep.",KOR,1972,328.021411521648,26.1920752182673,23.533070702882
"Korea, Rep.",KOR,1973,412.499262547237,24.2691937038227,23.5434376943811
"Korea, Rep.",KOR,1974,572.488691764846,23.7813075735697,23.5123367198839
"Korea, Rep.",KOR,1975,627.142244323246,24.1012232701466,23.5538046858802
"Korea, Rep.",KOR,1976,847.205737881176,22.6842907289994,23.533070702882
"Korea, Rep.",KOR,1977,1072.85188247153,21.4383938393839,23.5019697283848
"Korea, Rep.",KOR,1978,1428.88714989064,19.5864232297631,23.4605017623886
"Korea, Rep.",KOR,1979,1813.9142168105,18.2173789018165,23.3464648558988
"Korea, Rep.",KOR,1980,1745.57662116658,14.0134179707793,23.2946298984035
"Korea, Rep.",KOR,1981,1918.41779613494,14.7399380927344,23.2738959154053
"Korea, Rep.",KOR,1982,2032.25817758667,13.7157448672924,23.2531619324072
"Korea, Rep.",KOR,1983,2245.56009425258,12.3484864829878,23.1805929919137
"Korea, Rep.",KOR,1984,2468.68667303898,11.591774694698,23.1080240514203
"Korea, Rep.",KOR,1985,2542.88419005153,11.459729499208,23.0147211279287
"Korea, Rep.",KOR,1986,2910.82908054352,10.1421823357243,22.9836201534315
"Korea, Rep.",KOR,1987,3657.71773432329,9.03376241735075,23.0043541364296
"Korea, Rep.",KOR,1988,4888.68509195605,8.94608992796421,22.9525191789343
"Korea, Rep.",KOR,1989,5989.2109474999,8.28582541925295,22.7762803234501
"Korea, Rep.",KOR,1990,6812.9019416767,7.3703296267378,22.5896744764669
"Korea, Rep.",KOR,1991,7872.65052449111,6.6108481630821,22.4030686294837
"Korea, Rep.",KOR,1992,8387.16308258471,6.39343884562561,22.143893842007
"Korea, Rep.",KOR,1993,9179.96872485152,5.71617557373334,21.9572879950238
"Korea, Rep.",KOR,1994,10733.9888860657,5.46623009138263,21.7292141820444
"Korea, Rep.",KOR,1995,13001.7205867019,5.14247310460648,21.2315985900892
"Korea, Rep.",KOR,1996,13864.9376534518,4.78808842771626,20.8169189301265
"Korea, Rep.",KOR,1997,12821.6893313675,4.32014515559267,20.5577441426498
"Korea, Rep.",KOR,1998,8583.43557499234,4.0694024949222,20.4126062616629
"Korea, Rep.",KOR,1999,11062.5019301357,4.09278363799982,20.2571013891769
"Korea, Rep.",KOR,2000,12710.2995795579,3.70634774761496,20.4540742276591
"Korea, Rep.",KOR,2001,11981.4828218758,3.42658775190792,20.1054372544966
"Korea, Rep.",KOR,2002,13642.9424537101,3.08041288429997,19.8264283500362
"Korea, Rep.",KOR,2003,15211.5483770422,2.84536325210175,19.6487603305785
"Korea, Rep.",KOR,2004,17121.6301633201,2.83577440437347,19.5517455071266
"Korea, Rep.",KOR,2005,20167.0474902506,2.50593990708172,19.4217862674239
"Korea, Rep.",KOR,2006,22609.7059431449,2.3878051747446,19.1783649876135
"Korea, Rep.",KOR,2007,25078.4853957105,2.17912737068276,18.9847296739579
"Korea, Rep.",KOR,2008,22252.3125108061,2.04179163138255,18.733890091762
"Korea, Rep.",KOR,2009,19937.3029137734,2.13804528061097,18.4937152276942
"Korea, Rep.",KOR,2010,24071.2620526362,2.0444228836758,18.2407407407407
"Korea, Rep.",KOR,2011,26175.2398553363,2.10765665250747,18.068731350962
"Korea, Rep.",KOR,2012,26600.5477433903,2.08215187594443,18.3742678039256
"Korea, Rep.",KOR,2013,28449.3591104972,1.99508166521127,18.154291462238
"Korea, Rep.",KOR,2014,30667.0912467447,1.95176665660859,17.9441650415683
"Korea, Rep.",KOR,2015,30171.7906545222,1.89858430952633,17.815177792601
"Korea, Rep.",KOR,2016,30832.0628072516,1.73945648142804,17.4460708387613
"Korea, Rep.",KOR,2017,33296.9845439195,1.71494254133381,17.1951594708235
"Korea, Rep.",KOR,2018,35363.9508228687,1.59932774432361,16.9401148482363
"Korea, Rep.",KOR,2019,33826.9443301597,1.50689433955588,16.7725409836066
"Korea, Rep.",KOR,2020,33645.7719545073,1.57795135359259,16.608606557377
"Korea, Rep.",KOR,2021,37518.4635305697,1.66515978191584,16.4241803278689
"Korea, Rep.",KOR,2022,34822.4048404971,1.4483461547482,16.2295081967213
"Korea, Rep.",KOR,2023,35674.095995632,1.44773871445502,16.0655737704918
Kuwait,KWT,1995,16168.165602374,0.419034003376921,7.9685746352413
Kuwait,KWT,1996,18201.0958607918,0.394523337328059,8.02469135802469
Kuwait,KWT,1997,16977.3895620399,0.395364245603745,8.02469135802469
Kuwait,KWT,1998,14066.9509572183,0.446468095870486,8.02469135802469
Kuwait,KWT,1999,15853.6264423466,0.427494901687078,8.08080808080808
Kuwait,KWT,2000,19296.3471698729,0.355219830082193,8.30527497194164
Kuwait,KWT,2001,17374.2318664227,0.446728971962617,8.47362514029181
Kuwait,KWT,2002,18512.7523035862,0.516824849007765,8.47362514029181
Kuwait,KWT,2003,22690.655175144,0.454889536839744,8.47362514029181
Kuwait,KWT,2004,27552.2827399787,0.404756603698185,8.41750841750842
Kuwait,KWT,2005,36122.6142741227,0.301358018412085,8.41750841750842
Kuwait,KWT,2006,42946.6374104066,0.236515719642342,8.41750841750842
Kuwait,KWT,2007,45709.4132876371,0.213317127370276,8.47362514029181
Kuwait,KWT,2008,55585.1889344442,0.160020999601209,8.47362514029181
Kuwait,KWT,2009,37907.1001320042,0.262327765426512,8.5016835016835
Kuwait,KWT,2010,39212.252220155,0.451728985475114,8.5297418630752
Kuwait,KWT,2011,49169.6063813095,0.438835825324165,8.55780022446689
Kuwait,KWT,2012,52155.2225833921,0.359874300848834,8.5297418630752
Kuwait,KWT,2013,49651.0439275077,0.355177608949371,8.61952861952862
Kuwait,KWT,2014,44368.7813457751,0.450636106109894,8.53535353535353
Kuwait,KWT,2015,29882.2126495698,0.537729008869637,8.38383838383838
Kuwait,KWT,2016,27323.6890735517,0.518592131185869,8.41750841750842
Kuwait,KWT,2017,29047.6536135703,0.525092139249465,8.49607182940516
Kuwait,KWT,2018,32067.9623756889,0.44590687116951,8.41750841750842
Kuwait,KWT,2019,31707.8737443551,0.370434138380291,8.41750841750842
Kuwait,KWT,2020,25236.0755848941,0.496326689989677,8.41750841750842
Kuwait,KWT,2021,34018.6342592913,0.473024818982534,8.41750841750842
Kuwait,KWT,2022,39981.7691035833,0.402460238899801,8.41750841750842
Kuwait,KWT,2023,34091.9714813002,0.468514016254576,8.41750841750842
Kyrgyz Republic,KGZ,1992,512.766741120388,37.2650748684743,52.5964546402503
Kyrgyz Republic,KGZ,1993,448.554190878232,39.1058322595103,52.7632950990615
Kyrgyz Republic,KGZ,1994,372.481759948941,38.3644502129925,53.8529718456726
Kyrgyz Republic,KGZ,1995,364.250365258345,40.6816928975355,54.9374348279458
Kyrgyz Republic,KGZ,1996,394.856879614212,46.3176248862145,55.4796663190824
Kyrgyz Republic,KGZ,1997,376.427930059811,41.1876085603392,55.5839416058394
Kyrgyz Republic,KGZ,1998,345.137046084246,36.0552815273804,55.7351407716371
Kyrgyz Republic,KGZ,1999,258.048055936976,34.8816264565895,55.9228362877998
Kyrgyz Republic,KGZ,2000,279.621738464365,34.1877085637959,55.8602711157456
Kyrgyz Republic,KGZ,2001,308.41129550148,34.5410003586728,56.1835245046924
Kyrgyz Republic,KGZ,2002,321.726775366804,34.4047962763445,56.1835245046924
Kyrgyz Republic,KGZ,2003,380.505828812441,33.6222526391595,56.5172054223149
Kyrgyz Republic,KGZ,2004,433.233873286,29.9044500994693,56.1522419186653
Kyrgyz Republic,KGZ,2005,476.548193640077,28.4832783609781,56.021897810219
Kyrgyz Republic,KGZ,2006,543.113512472219,28.6802911420992,55.9494264859228
Kyrgyz Republic,KGZ,2007,721.771577544361,26.8802101795871,55.9363920750782
Kyrgyz Republic,KGZ,2008,966.388569370494,23.4855331532901,55.9290928050052
Kyrgyz Republic,KGZ,2009,870.198894546917,18.7607374707352,55.3561001042753
Kyrgyz Republic,KGZ,2010,876.954476440354,17.4482561772443,55.3279457768509
Kyrgyz Republic,KGZ,2011,1117.40174350185,16.56531665018,55.3102189781022
Kyrgyz Republic,KGZ,2012,1168.62244675446,16.654196378216,55.2205422314911
Kyrgyz Republic,KGZ,2013,1269.66303464348,14.6378725497812,55.0401459854015
Kyrgyz Republic,KGZ,2014,1264.52668823891,14.7186631194877,55.0422314911366
Kyrgyz Republic,KGZ,2015,1105.65193844261,14.0607643300857,55.0375391032325
Kyrgyz Republic,KGZ,2016,1103.27489428412,12.8344731564928,54.958811261731
Kyrgyz Republic,KGZ,2017,1221.39046807082,12.5145788958853,54.9535974973931
Kyrgyz Republic,KGZ,2018,1283.5203037417,11.6752864842384,54.0709071949948
Kyrgyz Republic,KGZ,2019,1421.99927504102,10.3739026248931,54.0583941605839
Kyrgyz Republic,KGZ,2020,1229.51766602907,12.1696556730884,54.0552659019812
Kyrgyz Republic,KGZ,2021,1349.99730650542,12.4122330298243,54.0464025026069
Kyrgyz Republic,KGZ,2022,1739.72018344174,10.9968056651977,55.2526068821689
Kyrgyz Republic,KGZ,2023,2138.22210211478,9.49216108207808,54.0085714285714
Lao PDR,LAO,1989,170.377296803511,47.4915072485295,7.157712305026
Lao PDR,LAO,1990,200.7349054896,46.4688634742615,7.19237435008666
Lao PDR,LAO,1991,231.806227548139,43.9597849289897,7.20103986135182
Lao PDR,LAO,1992,247.345286150532,46.7255908925821,7.20970537261698
Lao PDR,LAO,1993,283.400573286349,43.4169170590763,7.21403812824957
Lao PDR,LAO,1994,320.968128951646,44.0851035404577,7.32235701906413
Lao PDR,LAO,1995,357.758162193406,42.2262355997899,7.36568457538995
Lao PDR,LAO,1996,371.341879197673,40.4982887775844,7.36568457538995
Lao PDR,LAO,1997,339.09319241187,51.8527062375068,7.60831889081456
Lao PDR,LAO,1998,243.923962451418,33.9387656658138,7.6473136915078
Lao PDR,LAO,1999,272.325307005412,34.3119793661779,7.68197573656846
Lao PDR,LAO,2000,318.749852236965,33.6302510315937,7.82495667244367
Lao PDR,LAO,2001,320.316005439568,32.6831929428473,7.97660311958406
Lao PDR,LAO,2002,313.350817148131,33.3863040963517,8.12824956672444
Lao PDR,LAO,2003,355.097216151461,32.0861145753545,8.27989601386482
Lao PDR,LAO,2004,409.296298284117,30.5213475173909,8.4315424610052
Lao PDR,LAO,2005,466.061506997741,28.2951353434837,8.60051993067591
Lao PDR,LAO,2006,579.391947440719,26.7296699146578,8.7738301559792
Lao PDR,LAO,2007,697.323013673925,25.788148677301,8.93847487001733
Lao PDR,LAO,2008,885.747376088762,24.1764814314586,9.11611785095321
Lao PDR,LAO,2009,935.03237283283,24.2053770855586,9.39341421143848
Lao PDR,LAO,2010,1125.91610151261,22.5957941345194,9.50389948006932
Lao PDR,LAO,2011,1361.54704394913,20.7912551864005,9.61785095320624
Lao PDR,LAO,2012,1563.5650771337,18.5484865737637,9.782712305026
Lao PDR,LAO,2013,1812.51774424651,17.9304984280697,10.1490467937608
Lao PDR,LAO,2014,1981.03910900473,17.8487917824206,10.3431542461005
Lao PDR,LAO,2015,2121.01339097363,17.5877596970627,10.4545060658579
Lao PDR,LAO,2016,2303.22156035363,17.2301765948066,10.5112651646447
Lao PDR,LAO,2017,2432.43059478511,16.1997598561979,10.2235701906412
Lao PDR,LAO,2018,2545.1075420815,15.7091868201084,10.0511265164645
Lao PDR,LAO,2019,2589.32081035237,16.0503390570341,9.80459272097054
Lao PDR,LAO,2020,2583.77730696131,16.3377623592616,9.56629116117851
Lao PDR,LAO,2021,2526.05105018529,16.0676970155249,9.57712305025997
Lao PDR,LAO,2022,2046.40440255621,14.8688822282276,9.79116117850953
Lao PDR,LAO,2023,2066.94979776957,16.1390568351887,9.90987868284229
Latvia,LVA,1995,2256.77360387054,8.05469632872521,29.4405965256239
Latvia,LVA,1996,2360.1714816213,6.92810434504774,30.1155446992463
Latvia,LVA,1997,2609.89308697195,5.07165787586923,28.4763848490205
Latvia,LVA,1998,2893.79998716563,3.89085062578448,28.1067703729892
Latvia,LVA,1999,3063.89794599707,3.7290162891106,25.9855046844617
Latvia,LVA,2000,3278.17896440803,4.5495785956353,25.5194690407701
Latvia,LVA,2001,3504.61829462397,4.48098729935745,25.4069776784997
Latvia,LVA,2002,4003.60935783538,4.62764983903159,25.6319604030405
Latvia,LVA,2003,4914.57992829302,4.10241052739919,25.4230478731097
Latvia,LVA,2004,6109.73265186817,4.36504580120425,26.3872595497131
Latvia,LVA,2005,7283.78738127622,3.86773701723693,27.8657174538384
Latvia,LVA,2006,9211.7374468148,3.42315192809587,29.8102110016552
Latvia,LVA,2007,13370.9789452508,3.45397603560539,29.5530878878943
Latvia,LVA,2008,15677.6080864506,3.09128712531246,29.3281051633535
Latvia,LVA,2009,11996.0322729773,3.28684121352283,29.456666720234
Latvia,LVA,2010,11188.4191700977,4.11588497283241,29.0067012711524
Latvia,LVA,2011,12902.574053337,3.77780079362838,29.183473411863
Latvia,LVA,2012,13329.3499931271,3.53285388028976,29.5852282771144
Latvia,LVA,2013,14484.4715282132,3.2120869041368,30.1637552830765
Latvia,LVA,2014,15185.814581236,3.61639638963682,30.0834043100262
Latvia,LVA,2015,13321.9753140616,3.55445018445087,30.2842817426519
Latvia,LVA,2016,13838.5266823272,3.32532538955761,31.0315457920195
Latvia,LVA,2017,15132.4958333982,3.62476211824764,31.0636861812397
Latvia,LVA,2018,17252.1710428626,3.66104778019513,31.1440371542899
Latvia,LVA,2019,17294.9751600969,3.85343444199836,31.4975814357112
Latvia,LVA,2020,17564.2321549354,4.0791819421756,31.6406877711715
Latvia,LVA,2021,20261.8887788916,4.20672251535361,31.6567571910654
Latvia,LVA,2022,20221.103686109,5.11411038456871,31.6567571910654
Latvia,LVA,2023,22710.2637544197,3.93344279418518,31.6728266109593
Lebanon,LBN,1994,2467.76942720577,6.46664063418966,59.3352883675464
Lebanon,LBN,1995,2958.74263957462,6.79485642800601,59.5307917888563
Lebanon,LBN,1996,3393.05090749359,6.18307844332752,60.4105571847507
Lebanon,LBN,1997,3834.0590787531,6.70515463917526,60.8015640273705
Lebanon,LBN,1998,4124.85527892575,6.08818692875445,61.1925708699902
Lebanon,LBN,1999,4086.93872789633,6.19685009342943,56.9403714565005
Lebanon,LBN,2000,3986.83513941026,6.23750960799385,58.1622678396872
Lebanon,LBN,2001,4009.55929751102,5.86311872815425,58.455522971652
Lebanon,LBN,2002,4290.85283803266,5.66292601828761,60.2150537634409
Lebanon,LBN,2003,4437.71588507526,5.48637489677952,61.2903225806452
Lebanon,LBN,2004,4600.68371412993,3.82091029633439,62.3949169110459
Lebanon,LBN,2005,4602.19804637945,3.57963505822563,63.8318670576735
Lebanon,LBN,2006,4635.2514117486,4.46973485890735,66.3734115347019
Lebanon,LBN,2007,5125.25809960149,4.89276661829071,66.1876832844575
Lebanon,LBN,2008,5912.04532820842,4.52188617992645,64.8093841642229
Lebanon,LBN,2009,7090.85493856621,3.95087208611483,64.8093841642229
Lebanon,LBN,2010,7625.81051551165,3.86195936751946,62.5610948191593
Lebanon,LBN,2011,7834.96257108993,3.80460970714467,63.6363636363636
Lebanon,LBN,2012,8406.98405608118,3.76453077704882,64.3206256109482
Lebanon,LBN,2013,8162.37929361396,3.9553991560217,64.5161290322581
Lebanon,LBN,2014,7577.6413302369,4.02280590517852,64.7116324535679
Lebanon,LBN,2015,7714.1099998804,3.28466326670943,65.0048875855327
Lebanon,LBN,2016,8089.012088155,2.72714945763945,65.5913978494624
Lebanon,LBN,2017,8608.21084982387,2.79291148520091,65.8181818181818
Lebanon,LBN,2018,9174.53666204759,3.23189728304163,65.6451612903226
Lebanon,LBN,2019,8905.88005497437,3.16909985150245,65.6207233626589
Lebanon,LBN,2020,5561.19166950397,3.07825000560689,65.8958944281525
Lebanon,LBN,2021,4045.37391066234,1.40016561487545,66.6294916911046
Lebanon,LBN,2022,3654.35845534878,1.1895732629522,66.1275659824047
Lebanon,LBN,2023,3477.72489842684,0.966455367369224,65.9055522971652
Lesotho,LSO,1961,47.0464636332084,89.4145098039216,85.0131752305665
Lesotho,LSO,1962,53.5421254364935,88.1849498327759,84.8484848484848
Lesotho,LSO,1963,58.4076957931387,83.78125,84.8484848484848
Lesotho,LSO,1964,62.6207647163176,81.7142857142857,84.9143610013175
Lesotho,LSO,1965,64.255497720391,79.2862244897959,84.9143610013175
Lesotho,LSO,1966,64.2951651830872,55.3543209876543,85.0790513833992
Lesotho,LSO,1967,64.8393253862871,46.0401606425703,85.0790513833992
Lesotho,LSO,1968,64.809251529746,46.4354066985646,83.4321475625823
Lesotho,LSO,1969,67.0950360280091,42.1710526315789,81.6205533596838
Lesotho,LSO,1970,67.4401975761263,43.324032586558,79.9407114624506
Lesotho,LSO,1971,72.4076446248424,27.9440585009141,77.8656126482213
Lesotho,LSO,1972,73.9566189783241,43.0054662379421,77.7009222661397
Lesotho,LSO,1973,106.991292251913,49.5274673008323,77.7009222661397
Lesotho,LSO,1974,128.666618214693,39.3939512195122,77.7009222661397
Lesotho,LSO,1975,123.231375218727,36.5088607594937,78.2608695652174
Lesotho,LSO,1976,117.825077692245,30.7532710280374,77.7009222661397
Lesotho,LSO,1977,149.860460251124,37.5844735276621,75.4940711462451
Lesotho,LSO,1978,200.845413521682,30.3333477135462,75.5270092226614
Lesotho,LSO,1979,212.370938385373,34.2559967253377,76.0540184453228
Lesotho,LSO,1980,306.815565970065,22.4361202023207,75.6258234519104
Lesotho,LSO,1981,299.839326847018,24.3477690288714,75.8234519104084
Lesotho,LSO,1982,233.939892397725,16.6643559432993,75.4940711462451
Lesotho,LSO,1983,252.017748063376,16.2586285695451,75.3293807641634
Lesotho,LSO,1984,210.998495414288,15.2138507416044,75.7905138339921
Lesotho,LSO,1985,165.373921882027,16.0297804134636,76.0210803689065
Lesotho,LSO,1986,191.375758184053,15.8366086711025,75.4611330698287
Lesotho,LSO,1987,236.451032636079,14.2537475781953,76.7457180500659
Lesotho,LSO,1988,270.36712009929,14.0016390042619,77.1739130434783
Lesotho,LSO,1989,279.035252539421,12.624628799666,75.9222661396575
Lesotho,LSO,1990,329.563785157203,12.1616496818622,76.4492753623188
Lesotho,LSO,1991,382.291247739142,7.3249998637437,76.5151515151515
Lesotho,LSO,1992,443.624297195576,9.07708540637459,76.9433465085639
Lesotho,LSO,1993,439.365410681482,8.33023557219122,76.8774703557312
Lesotho,LSO,1994,455.593586203956,8.26243340650866,76.7127799736495
Lesotho,LSO,1995,513.413448796175,8.78063229571904,76.5480895915678
Lesotho,LSO,1996,479.671394625707,7.68928327922944,76.6139657444005
Lesotho,LSO,1997,501.981388900965,7.00319653162587,76.7127799736495
Lesotho,LSO,1998,464.683745548265,8.3229928018757,76.7127799736495
Lesotho,LSO,1999,455.650054387377,8.78463025395403,76.7127799736495
Lesotho,LSO,2000,442.779545779081,7.82713481504646,76.8774703557312
Lesotho,LSO,2001,412.677473676821,8.29887058675374,76.8774703557312
Lesotho,LSO,2002,388.92334985135,6.39531283270571,75.8893280632411
Lesotho,LSO,2003,583.270036200288,6.34688612370652,75.8893280632411
Lesotho,LSO,2004,766.685820928242,5.98400675567569,76.2187088274045
Lesotho,LSO,2005,861.381496414995,5.67113040473066,76.6469038208169
Lesotho,LSO,2006,925.467485502842,4.8427648086475,75.9881422924901
Lesotho,LSO,2007,861.188420899563,4.88998680002259,76.7127799736495
Lesotho,LSO,2008,898.482517882593,4.8970487478767,77.7997364953887
Lesotho,LSO,2009,878.847950537772,5.50352430775727,77.0421607378129
Lesotho,LSO,2010,1119.47557793042,4.86217527655246,76.6139657444005
Lesotho,LSO,2011,1280.73390931581,4.54395157549887,76.1528326745718
Lesotho,LSO,2012,1217.93071228944,4.89530867188129,75.2733860342556
Lesotho,LSO,2013,1151.03735837227,5.06436346227762,74.1798418972332
Lesotho,LSO,2014,1173.5377928819,3.9607145663379,74.9769433465086
Lesotho,LSO,2015,1121.19851342518,3.78190344669127,73.2213438735178
Lesotho,LSO,2016,992.491840678465,4.92411763358152,77.6021080368907
Lesotho,LSO,2017,1069.36673247542,4.9636238571378,79.6442687747035
Lesotho,LSO,2018,1170.65569702819,4.24977543430507,80.1482213438735
Lesotho,LSO,2019,1082.05706777516,4.46380208822172,70.961791831357
Lesotho,LSO,2020,918.582574704447,5.30771204408517,77.3847167325428
Lesotho,LSO,2021,1066.58645143823,5.95625262808585,73.4321475625823
Lesotho,LSO,2022,1030.12582947757,5.95085393730342,74.9472990777339
Lesotho,LSO,2023,921.435141557056,6.66144889853683,77.7584980237154
Liberia,LBR,2000,298.485340578945,76.0745423340961,14.1934821428571
Liberia,LBR,2001,300.463828598983,76.533587196468,14.5067794850498
Liberia,LBR,2002,299.536445539621,79.0423624595469,14.8211409883721
Liberia,LBR,2003,239.779556677091,72.2403877005348,15.1354640780731
Liberia,LBR,2004,284.140223992458,65.0474024526198,15.449584717608
Liberia,LBR,2005,287.487333441381,66.0327291886196,15.75958160299
Liberia,LBR,2006,320.55808618515,63.8180250223414,16.0693563122924
Liberia,LBR,2007,374.211308104278,65.5981500364166,16.3743864202658
Liberia,LBR,2008,451.713856283285,65.1745654692932,16.6862728405316
Liberia,LBR,2009,448.386367025545,58.0357466063348,16.9967929817276
Liberia,LBR,2010,492.252808033724,35.9187137137137,17.3072529069767
Liberia,LBR,2011,568.087865520004,35.9187155963303,17.6148162375415
Liberia,LBR,2012,638.368751462083,35.918715839654,17.926040282392
Liberia,LBR,2013,710.744570927863,35.9187140392662,18.2366206395349
Liberia,LBR,2014,706.714490064507,35.9187165881502,18.5462344269103
Liberia,LBR,2015,692.590082351257,35.9187142712518,18.8585257475083
Liberia,LBR,2016,714.613063145659,35.9187135102446,19.1702938122924
Liberia,LBR,2017,699.269095727404,35.9426159185731,19.4838901578073
Liberia,LBR,2018,692.203127129794,35.4966999096751,19.7975892857143
Liberia,LBR,2019,658.164180770507,36.4371513224574,19.9651162790698
Liberia,LBR,2020,616.787867006715,39.2922850706535,19.9651162790698
Liberia,LBR,2021,667.96610514319,37.4176168027237,19.9651162790698
Liberia,LBR,2022,744.617175237387,36.2030463526172,19.9651162790698
Liberia,LBR,2023,799.194470229642,34.5650022779043,19.9651162790698
Libya,LBY,2002,3718.29434696755,5.18529909272643,8.78070404764882
Libya,LBY,2003,4674.09943200321,4.09220701963117,8.78070404764882
Libya,LBY,2004,5773.76333234281,3.34262291274763,8.74376257430919
Libya,LBY,2005,8079.24957329001,2.51001097978428,8.74376257430919
Libya,LBY,2006,10048.8480434289,1.51764483817067,8.74376257430919
Libya,LBY,2007,11144.9448413435,1.54141662252696,8.74376257430919
Libya,LBY,2008,13906.1407818125,1.38365254109486,8.74376257430919
Libya,LBY,2009,9551.05403869755,2.15806763082219,8.74376257430919
Libya,LBY,2010,11600.9068649472,1.79953001101668,8.72443934210078
Libya,LBY,2011,7593.8391525702,3.05766833710666,8.72443934210078
Libya,LBY,2012,14975.8902795144,1.81559365235981,8.72671266353706
Libya,LBY,2013,11951.7134126011,2.41548515289585,8.72671266353706
Libya,LBY,2014,8926.42074591474,3.51667860719144,8.72387101174171
Libya,LBY,2015,7458.48917756374,4.3862973349324,8.72387101174171
Libya,LBY,2016,7525.80299308216,4.61177989572916,8.72387101174171
Libya,LBY,2017,9965.83236729757,3.87477645520451,8.72387101174171
Libya,LBY,2018,11196.5854810844,3.66012922036917,8.72387101174171
Libya,LBY,2019,9963.19489084483,2.04201619232517,8.72387101174171
Libya,LBY,2020,6650.33810585348,4.326770152924,8.72387101174171
Libya,LBY,2021,4935.82787349801,1.9292341608539,8.72387101174171
Libya,LBY,2022,5986.63694851258,1.68643769937353,8.72387101174171
Libya,LBY,2023,6026.51518708812,1.7692779613025,8.72387101174171
Lithuania,LTU,1995,2182.69156931505,9.81208235083643,54.4033184428845
Lithuania,LTU,1996,2340.67545970008,10.8805040140195,54.4192724952138
Lithuania,LTU,1997,2844.16286797492,9.37590275267037,54.5149968091895
Lithuania,LTU,1998,3180.64498555255,7.62845477468583,54.6426292278239
Lithuania,LTU,1999,3127.51176667183,6.3536359420219,55.7753669432036
Lithuania,LTU,2000,3300.63634928559,5.57351611529396,54.5309508615188
Lithuania,LTU,2001,3532.52787363242,4.86500650657571,46.2029355456286
Lithuania,LTU,2002,4148.13091485015,4.76760475898336,46.0274409700064
Lithuania,LTU,2003,5507.47434187652,4.41639298290057,40.5392469687301
Lithuania,LTU,2004,6734.57487061946,4.15167623775201,41.5491384811742
Lithuania,LTU,2005,7857.03148786492,4.32727074499656,45.2616464582004
Lithuania,LTU,2006,9210.10118229413,3.8728905163979,44.5229738353542
Lithuania,LTU,2007,12295.1212779366,3.47267609522387,43.0105296745373
Lithuania,LTU,2008,14955.5345462921,3.28158323801393,42.6342241723175
Lithuania,LTU,2009,11854.3711053096,2.52928276861212,42.9038691663343
Lithuania,LTU,2010,11829.122609457,3.06871518554059,44.2329477463103
Lithuania,LTU,2011,14261.8433787325,3.51897129368263,44.7697609854166
Lithuania,LTU,2012,14288.1853493139,4.00007448760216,45.3489485273
Lithuania,LTU,2013,15636.5252586048,3.53435810553224,46.1332269644994
Lithuania,LTU,2014,16446.1647181663,3.4401608409572,47.1252992817239
Lithuania,LTU,2015,14269.8039878287,3.43671864804715,47.9792498004789
Lithuania,LTU,2016,14934.2702840428,3.12061896056681,47.1552632419144
Lithuania,LTU,2017,16800.1510246099,3.54933633712632,46.8590859022046
Lithuania,LTU,2018,19247.2315367967,2.88685726647675,47.0541274149768
Lithuania,LTU,2019,19608.7943945553,3.12404744403716,47.5087831363781
Lithuania,LTU,2020,20428.6478157394,3.53241993914326,46.9945704247844
Lithuania,LTU,2021,23882.8668916753,3.39405707261599,46.9222168982591
Lithuania,LTU,2022,24946.5724005188,3.94942094367082,46.503418311929
Lithuania,LTU,2023,27983.3658256887,2.49720067319748,45.8945686900959
Luxembourg,LUX,2000,48659.6390968187,0.596862113649298,49.7191644072932
Luxembourg,LUX,2001,48440.1805564662,0.560278540436588,49.7191644072932
Luxembourg,LUX,2002,53005.731801629,0.690665537887529,49.7191644072932
Luxembourg,LUX,2003,65689.3214536911,0.464234062791169,49.7191644072932
Luxembourg,LUX,2004,76544.9170868473,0.535432004959881,49.7191644072932
Luxembourg,LUX,2005,80988.2044869403,0.356507251359606,50.1075953792252
Luxembourg,LUX,2006,90788.8164271049,0.311756667166349,50.1075953792252
Luxembourg,LUX,2007,107475.320297978,0.36322021232561,50.8844573230891
Luxembourg,LUX,2008,120422.137934157,0.307776449123071,50.8844573230891
Luxembourg,LUX,2009,109419.746953106,0.233334868942186,50.7679280315095
Luxembourg,LUX,2010,110885.991378721,0.268409699709087,50.8999945619664
Luxembourg,LUX,2011,119025.057203467,0.25111528958498,50.9893336855108
Luxembourg,LUX,2012,112584.676270958,0.28795364886368,51.0475983313005
Luxembourg,LUX,2013,120000.140729859,0.261907196956465,50.8378456064573
Luxembourg,LUX,2014,123678.706919314,0.289554289054283,50.8805730133698
Luxembourg,LUX,2015,105462.012584423,0.223728934771597,50.9893336855108
Luxembourg,LUX,2016,106899.293549552,0.214197008159042,50.7488949138849
Luxembourg,LUX,2017,110193.213797228,0.23457255011554,50.9458294166544
Luxembourg,LUX,2018,116926.759593905,0.233738394048527,51.1015902363991
Luxembourg,LUX,2019,112696.649059674,0.214828063048275,51.1106795211423
Luxembourg,LUX,2020,116860.02817236,0.20041631187567,51.3218694405817
Luxembourg,LUX,2021,134965.815442152,0.194861687098922,51.5843322483161
Luxembourg,LUX,2022,123719.658915996,0.242167478298755,51.4711434630952
Luxembourg,LUX,2023,133230.619178899,0.187250952835075,51.6606200912036
Madagascar,MDG,1966,150.690080692721,22.6753605174868,60.6493104515597
Madagascar,MDG,1967,155.860688364854,22.8543291140103,60.6922997558208
Madagascar,MDG,1968,163.588485295319,21.870025353717,60.7352890600819
Madagascar,MDG,1969,162.904752589963,21.4009527991833,60.7868762251952
Madagascar,MDG,1970,166.645544206518,21.858812607697,60.8212676686041
Madagascar,MDG,1971,174.629594145065,21.5143466096939,60.8556591120129
Madagascar,MDG,1972,189.640262028465,22.2879899628716,60.9072462771262
Madagascar,MDG,1973,226.818255725382,23.8785961976107,60.9416377205351
Madagascar,MDG,1974,255.336638120604,30.514948787547,61.0018227465007
Madagascar,MDG,1975,294.992905767807,30.3553836959504,61.4901812429068
Madagascar,MDG,1976,273.522678185535,29.6812630911265,61.498779103759
Madagascar,MDG,1977,286.89632096228,29.3048111448865,61.7825085118822
Madagascar,MDG,1978,314.983241249429,28.4791594110254,61.9045981359838
Madagascar,MDG,1979,396.398711932997,26.3776609760704,61.9389895793926
Madagascar,MDG,1995,273.149653945976,34.9596662452556,62.7299927777969
Madagascar,MDG,1996,339.877283663608,33.4308968971502,62.9294631495684
Madagascar,MDG,1997,284.371843967244,33.7980682231685,64.4667606699453
Madagascar,MDG,1998,284.192923139852,33.2427573029233,66.1863328403893
Madagascar,MDG,1999,267.360530991414,33.2796628878081,67.9231007325377
Madagascar,MDG,2000,280.282905559649,30.8787172940737,69.6426729029817
Madagascar,MDG,2001,319.283278235657,29.8513134115876,70.232486157444
Madagascar,MDG,2002,304.941777398445,34.1425139825593,70.232486157444
Madagascar,MDG,2003,352.620095849925,32.0297909636333,70.232486157444
Madagascar,MDG,2004,272.20074858856,31.4205052808436,70.232486157444
Madagascar,MDG,2005,305.812074924388,30.7627339341287,70.3184647659662
Madagascar,MDG,2006,324.146874882604,30.1822717236059,70.3184647659662
Madagascar,MDG,2007,419.548001431865,28.0670132910209,70.3184647659662
Madagascar,MDG,2008,512.579800058444,27.0525720488789,70.3219039103071
Madagascar,MDG,2009,446.315238370592,30.4651481314923,70.3219039103071
Madagascar,MDG,2010,450.009391645726,29.0780963483597,70.3219039103071
Madagascar,MDG,2011,506.163691559309,29.0502057606452,70.2910819102949
Madagascar,MDG,2012,493.511162904211,28.0006123574142,70.2910819102949
Madagascar,MDG,2013,515.301589361832,26.4930339794941,70.2904778274321
Madagascar,MDG,2014,505.684922503435,25.8453829296172,70.2904778274321
Madagascar,MDG,2015,445.320069480568,25.7433543337656,70.2904778274321
Madagascar,MDG,2016,453.970714522463,25.1334543599723,70.2904778274321
Madagascar,MDG,2017,491.866848718929,24.5501377693098,70.2904778274321
Madagascar,MDG,2018,500.45718552916,23.9733833005861,70.2904778274321
Madagascar,MDG,2019,499.818837622534,22.9562520100657,70.2904778274321
Madagascar,MDG,2020,450.771615205157,24.6929443979329,70.2904778274321
Madagascar,MDG,2021,483.469463351195,22.5220913616157,70.2904778274321
Madagascar,MDG,2022,504.059106969168,21.608800850098,70.2904778274321
Madagascar,MDG,2023,514.064076551927,22.2232371808595,70.2904778274321
Malawi,MWI,1980,287.470822426729,32.6294680583415,40.6236741620704
Malawi,MWI,1981,276.407062724717,29.9019946771833,41.6843445057276
Malawi,MWI,1982,253.342697905133,30.9655702678491,42.7450148493848
Malawi,MWI,1983,252.442074600122,31.7633341170313,41.7904115400933
Malawi,MWI,1984,239.74828969103,31.3214001275781,42.3207467119219
Malawi,MWI,1985,216.054136140391,31.7180095732623,42.4798472634705
Malawi,MWI,1986,217.8701899466,32.2558219415956,43.5405176071277
Malawi,MWI,1987,207.605894737179,35.8221038400986,43.5935511243106
Malawi,MWI,1988,229.421843922728,36.1226424230407,43.6465846414934
Malawi,MWI,1989,252.19590741943,33.7229815081469,44.176919813322
Malawi,MWI,1990,286.730598968269,32.0079380181256,44.7390750954603
Malawi,MWI,1991,325.75273105931,32.9769811818939,45.8209588459907
Malawi,MWI,1992,258.393430877557,29.055173190171,45.2906236741621
Malawi,MWI,1993,293.016883079922,37.248077677665,45.2906236741621
Malawi,MWI,1994,169.196526919639,18.5822645495304,43.1692829868477
Malawi,MWI,1995,200.362370007247,22.3443422581962,45.3966907085278
Malawi,MWI,1996,320.662735559137,26.1318131267678,46.457361052185
Malawi,MWI,1997,366.954461274104,25.210732634324,46.9876962240136
Malawi,MWI,1998,236.045479450504,26.774421297201,48.5787017394994
Malawi,MWI,1999,233.935986197873,28.6122410888132,49.6393720831566
Malawi,MWI,2000,224.22415918428,29.6608890123553,50.1697072549852
Malawi,MWI,2001,215.474524898357,29.3463400754759,51.2303775986423
Malawi,MWI,2002,428.210439838398,32.287184795846,51.2303775986423
Malawi,MWI,2003,383.348596852642,30.1281788478073,52.8213831141281
Malawi,MWI,2004,404.674248445428,28.8733040048574,52.8213831141281
Malawi,MWI,2005,414.361121984475,27.3766782308788,54.9427238014425
Malawi,MWI,2006,440.822149023873,25.6738776075689,56.0564276622826
Malawi,MWI,2007,475.180261659331,22.8824872507399,56.0564276622826
Malawi,MWI,2008,554.048820396119,24.9323563197161,57.6474331777683
Malawi,MWI,2009,625.869729869625,25.3093021258133,58.1777683495969
Malawi,MWI,2010,683.124694716799,24.6321400620979,58.1777683495969
Malawi,MWI,2011,763.061000394572,23.9314133083531,58.1777683495969
Malawi,MWI,2012,558.46208832772,23.5292854390256,58.1777683495969
Malawi,MWI,2013,496.947368267313,23.8492870296807,58.8141705557913
Malawi,MWI,2014,529.5133440206,23.8734416539637,59.9384811200679
Malawi,MWI,2015,539.605363240686,22.9948363698368,60.5218498090793
Malawi,MWI,2016,450.506105510719,22.1929077690151,61.1158252015274
Malawi,MWI,2017,495.769683367165,22.9262319821323,61.6991938905388
Malawi,MWI,2018,533.202567189331,21.632593506951,62.2931692829869
Malawi,MWI,2019,580.889139762475,22.9473991790142,62.8765379719983
Malawi,MWI,2020,602.507478176106,25.0150110062267,63.4705133644463
Malawi,MWI,2021,617.446994451007,25.5328304255348,64.1705557912601
Malawi,MWI,2022,604.269740360317,27.5975518762201,64.1705557912601
Malawi,MWI,2023,633.214767978695,28.869380408768,64.1705557912601
Malaysia,MYS,1961,232.943768818315,45.382152181381,9.38895145335565
Malaysia,MYS,1962,238.836339180717,42.9686616614983,9.59047329173642
Malaysia,MYS,1963,291.800006993807,35.1236530452889,9.97068939278649
Malaysia,MYS,1964,302.933952345239,33.2737840478808,10.1598539035154
Malaysia,MYS,1965,326.436007443045,31.0066375690608,10.6447724851621
Malaysia,MYS,1966,338.570121454412,31.5412355814195,10.677613757419
Malaysia,MYS,1967,335.425630582949,31.5981233353821,10.8710394156141
Malaysia,MYS,1968,342.444763417284,31.338511034821,11.2625171206818
Malaysia,MYS,1969,368.385655484736,33.1368791228383,11.4318672956932
Malaysia,MYS,1970,379.626764270849,32.5802840476794,11.8247146553036
Malaysia,MYS,1971,407.19672797331,28.4261906599768,12.0492466900015
Malaysia,MYS,1972,472.363509449959,28.2624810126582,12.4182924973368
Malaysia,MYS,1973,700.728626010603,28.9364471505635,12.6644042002739
Malaysia,MYS,1974,847.806802570239,32.4653403622364,12.8487901384873
Malaysia,MYS,1975,810.570999701272,30.7169416084542,13.2525947344392
Malaysia,MYS,1976,940.437734141673,29.4018255296422,13.5127682240146
Malaysia,MYS,1977,1091.70837095855,28.2144613481756,13.9118551209862
Malaysia,MYS,1978,1326.88769798353,26.38947421211,14.3965910820271
Malaysia,MYS,1979,1679.87779419937,24.8752858435292,14.7286866534774
Malaysia,MYS,1980,1886.12339323875,23.0272681398664,14.9657586364328
Malaysia,MYS,1981,1866.10246831744,21.8210324058806,15.3547100897885
Malaysia,MYS,1982,1937.74922725899,21.5016607294046,15.5464617257647
Malaysia,MYS,1983,2124.29229106221,20.2230885526092,15.8436767615279
Malaysia,MYS,1984,2299.80870816235,20.3456944060339,15.876183229341
Malaysia,MYS,1985,2045.57471772113,20.2814785078095,16.4837924212449
Malaysia,MYS,1986,1759.73185736702,20.1845026119507,17.4095267082636
Malaysia,MYS,1987,1977.1290866202,19.9605352407967,18.4854664434637
Malaysia,MYS,1988,2099.95467656701,20.0714517700552,19.430223710242
Malaysia,MYS,1989,2243.60219599914,18.0817804300932,20.4586820879623
Malaysia,MYS,1990,2468.69080320116,15.2165332840671,20.5649064069396
Malaysia,MYS,1991,2679.20101106745,14.3557029099198,20.6802617562015
Malaysia,MYS,1992,3141.43321987651,14.572410772355,20.7167858773398
Malaysia,MYS,1993,3461.99504214189,13.7873561215838,20.9751940343935
Malaysia,MYS,1994,3757.65292858601,13.6610372401656,21.2780398721656
Malaysia,MYS,1995,4363.14458333034,12.9494365608411,21.2022523208035
Malaysia,MYS,1996,4837.16897250768,11.6804344741696,21.187338304672
Malaysia,MYS,1997,4678.56390058182,11.1013325289661,21.1800334804444
Malaysia,MYS,1998,3294.30978444095,13.3122442566983,21.137422005783
Malaysia,MYS,1999,3527.81581379249,10.8423880517615,21.1447268300107
Malaysia,MYS,2000,4083.52874483605,8.59902188826631,21.1191599452138
Malaysia,MYS,2001,3943.79943910239,8.01097059098812,21.1444224623345
Malaysia,MYS,2002,4184.03163773539,8.98508140381459,21.4198752092528
Malaysia,MYS,2003,4465.32194567208,9.30608521643197,21.6595343174555
Malaysia,MYS,2004,4939.24851854427,9.27100209261509,21.7065895601887
Malaysia,MYS,2005,5555.58179951206,8.26229170422644,21.7148379242124
Malaysia,MYS,2006,6158.40785533236,8.60998284136304,21.5346218231624
Malaysia,MYS,2007,7168.93031942508,9.98677367962245,21.6320194795313
Malaysia,MYS,2008,8371.82156086005,9.96858233467411,21.7635063156293
Malaysia,MYS,2009,7191.43287234626,9.21910004390782,21.9753462182316
Malaysia,MYS,2010,8899.34505544675,10.0899159275121,22.4906406939583
Malaysia,MYS,2011,10217.1068585031,11.4533531198278,22.9207122203622
Malaysia,MYS,2012,10600.5744240026,9.79375074645921,23.8295541013544
Malaysia,MYS,2013,10713.6407638899,9.11336384538206,24.529904124182
Malaysia,MYS,2014,11013.3107334403,8.87320901302643,24.6203013239994
Malaysia,MYS,2015,9648.6797937523,8.2874950827938,26.0842185359915
Malaysia,MYS,2016,9476.53409809923,8.46251885618027,26.0873535230558
Malaysia,MYS,2017,9862.54806612235,8.59827753533139,26.0873535230558
Malaysia,MYS,2018,10901.8019954421,7.51205693063821,26.0873535230558
Malaysia,MYS,2019,10920.191763972,7.24131401562151,26.0873535230558
Malaysia,MYS,2020,9957.52626697613,8.16597089919598,26.0873535230558
Malaysia,MYS,2021,10903.1037480772,9.56621458844467,26.0873535230558
Malaysia,MYS,2022,11754.5678336248,8.96184922741417,26.0873535230558
Malaysia,MYS,2023,11386.0395636528,7.76530932127302,26.0873535230558
Maldives,MDV,2003,3548.5767011056,5.31119298853852,40.0
Maldives,MDV,2004,4070.2609459446,5.58419942501182,36.6666666666667
Maldives,MDV,2005,3796.51546524644,7.72803149964174,30.0
Maldives,MDV,2006,5018.94335409159,6.59515840370508,23.3333333333333
Maldives,MDV,2007,5758.10286933053,6.16535560195977,23.3333333333333
Maldives,MDV,2008,6757.43280929292,6.87564674670536,23.3333333333333
Maldives,MDV,2009,6734.03165601895,5.41948176665845,23.3333333333333
Maldives,MDV,2010,7173.59601844692,5.63412062612204,23.0
Maldives,MDV,2011,7424.520410971,5.385634653611,23.0
Maldives,MDV,2012,7461.29703686309,5.19060478867434,21.3333333333333
Maldives,MDV,2013,8236.08177944126,5.41343405241382,21.3333333333333
Maldives,MDV,2014,8939.07416571472,5.30718633604263,21.3333333333333
Maldives,MDV,2015,9644.90655028145,5.53360361810085,21.3333333333333
Maldives,MDV,2016,9947.80744731739,5.62856345772863,21.3333333333333
Maldives,MDV,2017,10509.628805812,5.27109968794242,21.3333333333333
Maldives,MDV,2018,11423.2838427029,5.12400558285918,21.3333333333333
Maldives,MDV,2019,11740.2724029785,4.49402391073316,21.3333333333333
Maldives,MDV,2020,7393.8886543933,7.57494511363438,21.3333333333333
Maldives,MDV,2021,10176.143882547,5.30620393459186,19.6666666666667
Maldives,MDV,2022,11786.0191492983,5.06182473582962,19.6666666666667
Maldives,MDV,2023,12587.6126038651,5.08184564628541,19.7986577181208
Mali,MLI,1967,45.9854448702914,61.7176160941594,26.0025078061613
Mali,MLI,1968,56.5137530466331,57.8933489721259,26.0025078061613
Mali,MLI,1969,55.0226859514125,56.7747981976955,26.0025078061613
Mali,MLI,1970,57.3207870762744,57.8287725171075,26.0434850310198
Mali,MLI,1971,61.966462690907,57.0761592826473,26.0434850310198
Mali,MLI,1972,75.0521043387011,55.7948810697223,26.0434850310198
Mali,MLI,1973,85.4440876506614,51.6112822040837,26.0434850310198
Mali,MLI,1974,80.2252214087116,46.0558007728493,26.0844622558782
Mali,MLI,1975,121.497572665422,57.5093240680927,26.1254394807366
Mali,MLI,1976,134.927575165475,55.1243391525232,26.2885288356731
Mali,MLI,1977,148.052694572807,55.177103505122,26.2868897466788
Mali,MLI,1978,169.123319071279,52.1369270367795,26.2868897466788
Mali,MLI,1979,216.320734146311,55.0066157800221,26.2909874691646
Mali,MLI,1980,359.12056332085,46.5851696185174,26.2909874691646
Mali,MLI,1981,290.478605534961,47.0988374529102,26.2934461026561
Mali,MLI,1982,213.773956907607,42.3115690242107,26.2934461026561
Mali,MLI,1983,186.276028899026,36.9595334248958,26.2934461026561
Mali,MLI,1984,169.067780598011,33.2219906245493,26.2934461026561
Mali,MLI,1985,190.377454158271,38.1505866552094,26.3098369925995
Mali,MLI,1986,250.013920202755,37.1907718182775,26.312295626091
Mali,MLI,1987,280.723262413678,38.5108571670728,26.312295626091
Mali,MLI,1988,307.019371606958,44.5680964287879,26.3262278825429
Mali,MLI,1989,313.871327696511,41.6965156392993,26.3262278825429
Mali,MLI,1990,353.903252431339,36.5245208153577,26.3303256050287
Mali,MLI,1991,381.993534663018,40.5002503124357,26.3426187724863
Mali,MLI,1992,385.278654501558,35.2930615626831,26.4327686671748
Mali,MLI,1993,372.412257638931,37.7597256648036,27.1760955261066
Mali,MLI,1994,266.455340175594,32.913377498658,28.9053344151321
Mali,MLI,1995,331.193112418678,29.7143406982451,29.0274465452102
Mali,MLI,1996,359.662096056414,29.3999168145664,30.0363058212246
Mali,MLI,1997,320.751522972854,27.3448799472254,30.855850318393
Mali,MLI,1998,356.64704402466,27.3072930998368,30.855850318393
Mali,MLI,1999,364.415678421892,28.0703068625999,30.855850318393
Mali,MLI,2000,304.652870189314,26.567426793475,31.687687983019
Mali,MLI,2001,346.224554248587,26.4332165256538,32.2154746391955
Mali,MLI,2002,378.191678628068,27.4767257862718,32.5228038256337
Mali,MLI,2003,441.910358475171,22.9908148165647,33.3767691916833
Mali,MLI,2004,495.006294675661,23.7241310013404,32.5285406371139
Mali,MLI,2005,548.730382848879,24.2687063383404,33.103041329629
Mali,MLI,2006,586.985415512593,22.2004702801119,33.1636876224195
Mali,MLI,2007,670.853394978069,23.3084533868685,33.2710479515485
Mali,MLI,2008,767.194838946144,23.8672330806163,33.4627970234144
Mali,MLI,2009,787.48256428259,25.1844479659999,33.6473069767823
Mali,MLI,2010,797.151541141189,25.9857196705545,33.6631545906785
Mali,MLI,2011,938.292902579598,27.5615497300786,33.8087234774912
Mali,MLI,2012,872.506092463946,30.7772665368303,33.9656543653038
Mali,MLI,2013,901.920957649814,28.4968116057941,34.1165621747433
Mali,MLI,2014,947.915033293219,29.3244531264164,34.2535671493784
Mali,MLI,2015,838.11986940103,30.525122276133,34.3826333603783
Mali,MLI,2016,872.468587171653,30.9987192702461,34.6059572689499
Mali,MLI,2017,924.057531692284,31.4007766435761,34.7400371253657
Mali,MLI,2018,996.379292136901,32.4975413984656,34.911642121309
Mali,MLI,2019,971.949318638092,32.2682205547332,35.0888286250502
Mali,MLI,2020,953.242943290974,32.2899608370191,35.2476788860751
Mali,MLI,2021,1027.27345365357,32.0375587266747,35.4343856284677
Mali,MLI,2022,976.914116406452,32.7176729018653,35.466125849253
Mali,MLI,2023,1042.44223444837,31.3747850068698,35.4694668863046
Malta,MLT,1970,828.44472588263,6.29926533980192,43.75
Malta,MLT,1971,874.061727024101,6.40296116677049,43.75
Malta,MLT,1972,975.720378043786,6.68666658279359,43.75
Malta,MLT,1973,1143.66679643467,6.50773458463551,43.75
Malta,MLT,1974,1245.31823028606,6.49008913075086,43.75
Malta,MLT,1975,1560.10519115107,5.70930152469792,40.625
Malta,MLT,1976,1726.55944845303,5.76780358673032,40.625
Malta,MLT,1977,2037.8641908695,5.52590162282765,43.75
Malta,MLT,1978,2558.73455468428,4.20351554045841,43.75
Malta,MLT,1979,3195.51431611516,3.63633558357978,43.75
Malta,MLT,1980,3948.26572689504,3.48370009964762,40.625
Malta,MLT,1981,3898.36853997864,3.54037952457118,40.625
Malta,MLT,1982,3787.91647703123,3.73086698639331,40.625
Malta,MLT,1983,3526.91395139354,4.20641047312761,40.625
Malta,MLT,1984,3332.82018387922,4.31157747488979,40.625
Malta,MLT,1985,3322.30879632858,4.18259970935773,40.625
Malta,MLT,1986,4194.53480236296,4.09893188670075,40.625
Malta,MLT,1987,5083.80179308013,4.00948854842351,40.625
Malta,MLT,1988,5814.44775940093,3.57639972223236,40.625
Malta,MLT,1989,6040.84054229986,3.42771122516439,40.625
Malta,MLT,1990,7192.38994693962,3.15176840512303,40.625
Malta,MLT,1991,7558.75921583164,2.98488319287426,40.625
Malta,MLT,1992,8220.33403924666,2.76372975029456,40.625
Malta,MLT,1993,7296.35111127489,2.74297039949832,40.625
Malta,MLT,1994,8000.3453286604,2.5611093446674,40.625
Malta,MLT,1995,9828.32366424667,2.25204003789906,34.375
Malta,MLT,1996,10061.8500714248,2.2377355167933,34.375
Malta,MLT,1997,9893.18885431564,2.20752272621338,31.25
Malta,MLT,1998,10408.1156430599,2.32683371411654,28.125
Malta,MLT,1999,10609.1105181418,2.15757274303104,28.125
Malta,MLT,2000,10348.485765125,1.85750895030195,28.125
Malta,MLT,2001,10357.7026407269,2.17274023971265,31.25
Malta,MLT,2002,11251.2024877398,2.10568805020165,31.25
Malta,MLT,2003,13593.9787182902,1.91969374222788,32.5
Malta,MLT,2004,15212.1312964883,1.84736523257404,31.25
Malta,MLT,2005,15831.3439802756,1.78755466352467,29.0625
Malta,MLT,2006,16653.6038312389,1.813524220551,29.0625
Malta,MLT,2007,19444.1743635565,1.75516138575379,29.0625
Malta,MLT,2008,22405.6426266551,1.07473996926973,29.0625
Malta,MLT,2009,21261.5428699817,1.33019267705217,29.0625
Malta,MLT,2010,21946.6073066905,1.27165148764665,32.28125
Malta,MLT,2011,23516.972445816,1.08713374993752,32.28125
Malta,MLT,2012,22878.3095862582,1.0910541183165,32.1875
Malta,MLT,2013,25415.5525389054,1.01983625203559,31.96875
Malta,MLT,2014,27424.5693619702,1.00159746008451,31.96875
Malta,MLT,2015,25529.6693210673,0.941565497029315,31.96875
Malta,MLT,2016,26459.0644285369,1.01031771377506,32.4375
Malta,MLT,2017,30317.2611769875,0.675890607316043,32.4375
Malta,MLT,2018,33382.280781103,0.621888918723848,32.4375
Malta,MLT,2019,32421.9087471186,0.471910717650196,32.4375
Malta,MLT,2020,31823.422001724,0.78562042891342,28.46875
Malta,MLT,2021,38078.0064279067,0.886000827253817,27.34375
Malta,MLT,2022,35658.8318250199,0.833481606690094,27.34375
Malta,MLT,2023,40932.5238774461,0.0444448692460621,25.909375
Marshall Islands,MHL,1997,2230.75377088451,8.62358453906686,47.2222222222222
Marshall Islands,MHL,1998,2254.16054870567,7.49646872805503,47.2222222222222
Marshall Islands,MHL,1999,2257.92000318712,7.96359308737994,47.2222222222222
Marshall Islands,MHL,2000,2264.79114897645,8.0499135742804,47.2222222222222
Marshall Islands,MHL,2001,2394.34501105178,7.41498993922688,47.2222222222222
Marshall Islands,MHL,2002,2566.06708799222,6.45006062443165,47.2222222222222
Marshall Islands,MHL,2003,2539.3307383954,6.86799589715432,47.2222222222222
Marshall Islands,MHL,2004,2566.08291015814,7.21851015801354,47.2222222222222
Marshall Islands,MHL,2005,2658.65217893885,7.12086956521739,47.2222222222222
Marshall Islands,MHL,2006,2754.26988767503,7.06717877094972,47.2222222222222
Marshall Islands,MHL,2007,2892.28403958874,7.34398671096346,47.2222222222222
Marshall Islands,MHL,2008,2817.60522775322,8.80757162346521,47.2222222222222
Marshall Islands,MHL,2009,2906.63026970914,9.57301587301587,47.2222222222222
Marshall Islands,MHL,2010,3095.45768964722,10.5856610800745,47.2222222222222
Marshall Islands,MHL,2011,3319.39815439151,13.8842716192687,47.2222222222222
Marshall Islands,MHL,2012,3514.26515490383,17.8198118428334,41.6666666666667
Marshall Islands,MHL,2013,3677.90690791421,15.8570815450644,38.8888888888889
Marshall Islands,MHL,2014,3735.23977829545,12.0370967741935,38.8888888888889
Marshall Islands,MHL,2015,3764.34426229508,12.4228089275993,38.8888888888889
Marshall Islands,MHL,2016,4229.80988911945,12.7276511397423,38.8888888888889
Marshall Islands,MHL,2017,4592.83457628576,15.8322414599906,38.8888888888889
Marshall Islands,MHL,2018,4858.12079054875,16.2795,38.8888888888889
Marshall Islands,MHL,2019,5292.33985502306,18.2091455560326,38.8888888888889
Marshall Islands,MHL,2020,5661.96787336674,19.9060380479735,38.8888888888889
Marshall Islands,MHL,2021,6315.31172190393,24.7417084696196,38.8888888888889
Marshall Islands,MHL,2022,6455.6603538189,20.580387943113,38.8888888888889
Marshall Islands,MHL,2023,6799.39217554794,18.9214015151515,38.8888888888889
Mauritania,MRT,1961,188.158401597739,33.471361448014,38.3448142039391
Mauritania,MRT,1962,188.995146612769,32.725303754732,38.3448142039391
Mauritania,MRT,1963,188.249348047987,33.0753626784094,38.3457844183565
Mauritania,MRT,1964,244.294599697524,26.8614727303908,38.3457844183565
Mauritania,MRT,1965,269.962165823141,24.8981736574548,38.3457844183565
Mauritania,MRT,1966,273.604362731912,24.9541567433192,38.3457844183565
Mauritania,MRT,1967,281.533377446756,25.0864272796129,38.3457844183565
Mauritania,MRT,1968,300.94152952866,23.8358978157697,38.3457844183565
Mauritania,MRT,1969,276.598267711858,20.1203148280139,38.3554865625303
Mauritania,MRT,1970,281.327175871626,22.6737951646637,38.3554865625303
Mauritania,MRT,1971,295.993927021331,21.7223645056066,38.3166779858349
Mauritania,MRT,1972,335.23154288786,21.3307238782978,38.3166779858349
Mauritania,MRT,1973,409.721138785311,28.8136787887865,38.3040651984088
Mauritania,MRT,1974,494.288408290337,25.7386712789242,38.2749587658873
Mauritania,MRT,1975,550.66258324178,21.9647332920503,38.2710779082177
Mauritania,MRT,1976,589.237667658903,21.0253926789545,38.2739885514699
Mauritania,MRT,1977,590.226698413217,21.9239975023932,38.2749587658873
Mauritania,MRT,1978,577.742777476832,23.4742580430074,38.2710779082177
Mauritania,MRT,1979,664.383619042778,21.7800464288269,38.2739885514699
Mauritania,MRT,1980,710.918952530534,23.5066875542808,38.2885417677307
Mauritania,MRT,1981,728.796521822095,24.1861191269833,38.3079460560784
Mauritania,MRT,1982,710.21886884239,24.7375774662151,38.3273503444261
Mauritania,MRT,1983,725.174522510668,24.8618749882015,38.3467546327738
Mauritania,MRT,1984,649.681186509673,21.0645434728197,38.3574269913651
Mauritania,MRT,1985,593.219654421302,16.5013235635236,38.3768312797128
Mauritania,MRT,1986,677.363323878901,19.6513678509434,38.3962355680605
Mauritania,MRT,1987,745.787178962507,23.8921355889506,38.4156398564083
Mauritania,MRT,1988,762.423918016846,24.1161280548567,38.435044144756
Mauritania,MRT,1989,762.275580637475,23.7691248962513,38.4544484331037
Mauritania,MRT,1990,772.033092140219,21.8860693371131,38.4748229358688
Mauritania,MRT,1991,1061.67704285264,28.5916900971699,38.4845250800427
Mauritania,MRT,1992,1036.47437808576,28.5455378942957,38.4961676530513
Mauritania,MRT,1993,849.620301696661,28.647255294838,38.50781022606
Mauritania,MRT,1994,864.599478365453,27.9385375966849,38.5272145144077
Mauritania,MRT,1995,904.719170071042,28.1339796728338,38.5272145144077
Mauritania,MRT,1996,904.120879798142,27.198029562577,38.5272145144077
Mauritania,MRT,1997,859.28395817576,25.0466548108579,38.5272145144077
Mauritania,MRT,1998,821.266378551937,25.9413402138283,38.5272145144077
Mauritania,MRT,1999,781.337033563197,26.2766556315337,38.5272145144077
Mauritania,MRT,2000,680.911061879778,24.8287452979645,38.5272145144077
Mauritania,MRT,2001,651.817840199777,24.8689597080936,38.5272145144077
Mauritania,MRT,2002,648.879643934862,24.2300169627578,38.5272145144077
Mauritania,MRT,2003,732.017820812675,24.1788498451535,38.5272145144077
Mauritania,MRT,2004,823.554457141893,22.9178992193284,38.5272145144077
Mauritania,MRT,2005,998.96583416747,20.0701967217813,38.5272145144077
Mauritania,MRT,2006,1300.60367988659,16.6071438940053,38.5272145144077
Mauritania,MRT,2007,1405.15016203368,18.4325192807889,38.5272145144077
Mauritania,MRT,2008,1635.5630623124,18.5594231007108,38.5272145144077
Mauritania,MRT,2009,1435.43010811893,19.178182151624,38.5272145144077
Mauritania,MRT,2010,1659.96369705455,16.7330487035243,38.5272145144077
Mauritania,MRT,2011,1931.19975525465,14.5158947387598,38.5272145144077
Mauritania,MRT,2012,1859.11733247641,16.0859607599369,38.5272145144077
Mauritania,MRT,2013,1936.26950446101,16.2826011052317,38.5272145144077
Mauritania,MRT,2014,1718.97089374709,18.8142560652114,38.5272145144077
Mauritania,MRT,2015,1558.84205473416,20.6295456111909,38.5272145144077
Mauritania,MRT,2016,1568.00551190332,21.7392133521855,38.5272145144077
Mauritania,MRT,2017,1617.93401542267,22.7188300742502,38.5272145144077
Mauritania,MRT,2018,1723.37809442655,23.655966000294,38.5272145144077
Mauritania,MRT,2019,1767.072710621,19.957882454072,38.5272145144077
Mauritania,MRT,2020,1795.72437324423,19.1523401706647,38.5272145144077
Mauritania,MRT,2021,1947.47413907209,19.1485811289032,38.5272145144077
Mauritania,MRT,2022,1961.28166648869,21.2302013888594,38.5272145144077
Mauritania,MRT,2023,2127.9576285973,19.1616076506323,38.5272145144077
Mauritius,MUS,1976,787.098225962589,19.6755619523562,56.1576354679803
Mauritius,MUS,1977,905.949638747869,17.0254529390034,56.1576354679803
Mauritius,MUS,1978,1102.34753691974,15.40460705211,56.1576354679803
Mauritius,MUS,1979,1292.2014302482,15.8081001614451,56.1576354679803
Mauritius,MUS,1980,1187.35157080412,10.3697514112625,56.1576354679803
Mauritius,MUS,1981,1180.84070937438,12.1490884417306,56.1576354679803
Mauritius,MUS,1982,1101.15920527391,12.8756807277516,56.1576354679803
Mauritius,MUS,1983,1103.09124580137,11.3259978588579,56.1576354679803
Mauritius,MUS,1984,1041.83252378016,11.9285292727495,56.1576354679803
Mauritius,MUS,1985,1068.67359316099,12.6055807633429,56.1576354679803
Mauritius,MUS,1986,1441.71452837714,12.571847812229,56.1576354679803
Mauritius,MUS,1987,1839.79109565422,11.9805469230489,56.1576354679803
Mauritius,MUS,1988,2073.59238787189,10.8018140035429,55.6650246305419
Mauritius,MUS,1989,2103.48802694458,10.2633279585915,55.0466502463054
Mauritius,MUS,1990,2539.92846467452,10.7427817711228,54.4911330049261
Mauritius,MUS,1991,2705.26648158805,9.83645990422808,53.9356650246305
Mauritius,MUS,1992,3013.23706337167,9.8796262146376,53.6945812807882
Mauritius,MUS,1993,3013.83313790492,9.02941361193119,52.7093596059113
Mauritius,MUS,1994,3240.38624662702,8.55095891050522,51.9652216748769
Mauritius,MUS,1995,3648.01649622256,9.07592069658642,50.9695073891626
Mauritius,MUS,1996,3951.94494649336,8.942677325507,49.9108866995074
Mauritius,MUS,1997,3695.73668844327,8.1986559893348,49.1667487684729
Mauritius,MUS,1998,3641.62142564086,8.01967920304773,49.5965024630542
Mauritius,MUS,1999,3745.69625069831,4.92997413686503,48.4854679802956
Mauritius,MUS,2000,3981.98343249582,5.62921764733664,49.1038916256158
Mauritius,MUS,2001,3908.55694927435,6.06632136452678,50.2463054187192
Mauritius,MUS,2002,4073.06053055903,5.12244932169367,49.2610837438424
Mauritius,MUS,2003,4858.26575549747,5.10866283570549,48.7684729064039
Mauritius,MUS,2004,5460.60800184198,5.20608568669627,48.2758620689655
Mauritius,MUS,2005,5354.02974260642,4.91181106695197,47.2906403940887
Mauritius,MUS,2006,5784.22491883026,4.83159024933392,46.3054187192118
Mauritius,MUS,2007,6677.37538616398,4.30867522125942,45.320197044335
Mauritius,MUS,2008,8140.47983639243,4.01960001804534,44.8275862068966
Mauritius,MUS,2009,7426.86137313939,3.82382443235357,44.8275862068966
Mauritius,MUS,2010,8113.17670740212,3.59110980182453,44.8275862068966
Mauritius,MUS,2011,9324.24232310496,3.65312332199749,44.5668502754131
Mauritius,MUS,2012,9421.52514098225,3.6066947724863,43.565348022033
Mauritius,MUS,2013,9877.13865958834,3.29265321839171,43.064596895343
Mauritius,MUS,2014,10490.3315563853,3.15422608043165,43.064596895343
Mauritius,MUS,2015,9630.5437837507,3.03283321645437,43.064596895343
Mauritius,MUS,2016,10095.1225574156,3.05756982303852,43.064596895343
Mauritius,MUS,2017,10986.7034093005,2.95521989373646,43.064596895343
Mauritius,MUS,2018,11818.7480619272,2.52593212825691,43.064596895343
Mauritius,MUS,2019,11568.2533399824,2.66862745852887,43.064596895343
Mauritius,MUS,2020,9135.84773751062,3.09894065143015,43.064596895343
Mauritius,MUS,2021,9177.71195973013,3.2413713398879,43.064596895343
Mauritius,MUS,2022,10246.5017455553,3.55513254765837,43.064596895343
Mauritius,MUS,2023,11269.9684462139,4.01265286259242,43.043264897346
Mexico,MEX,1965,505.854419498816,13.1492307692308,50.4020165127704
Mexico,MEX,1966,544.935854193449,12.0930592105263,50.3685794387716
Mexico,MEX,1967,575.769037534418,11.746234939759,50.3299981995422
Mexico,MEX,1968,615.922912128842,10.9207901907357,50.2939890429281
Mexico,MEX,1969,659.71750685117,10.447684729064,50.2631240515445
Mexico,MEX,1970,699.006845485029,12.1205630630631,50.2250572288382
Mexico,MEX,1971,747.912361003254,12.0029591836735,49.8665089122663
Mexico,MEX,1972,836.569673446138,10.9473451327434,49.9755652151547
Mexico,MEX,1973,993.042879548426,11.5307380607815,50.1041693459194
Mexico,MEX,1974,1256.10280601329,11.4785555555556,50.1818462409013
Mexico,MEX,1975,1491.97048611111,11.1387545454545,50.1818462409013
Mexico,MEX,1976,1465.49877862474,10.617928519329,50.1818462409013
Mexico,MEX,1977,1314.62044481645,10.5159707950243,50.2075670670542
Mexico,MEX,1978,1604.40920452482,10.2694822421908,50.5146737313203
Mexico,MEX,1979,2049.26468871816,9.18270860495437,50.4117904267085
Mexico,MEX,1980,3054.62162291784,6.31871398387393,50.5054142339052
Mexico,MEX,1981,3829.14437544129,6.35981539364346,50.520846729597
Mexico,MEX,1982,2620.95793392947,5.37348336021189,50.5748604645181
Mexico,MEX,1983,2169.85285279223,5.93524864587753,51.966357159392
Mexico,MEX,1984,2506.30742754755,6.4220113089397,51.9720157411456
Mexico,MEX,1985,2601.70825226684,6.53972544325482,52.0772139201111
Mexico,MEX,1986,1756.93563367491,6.80768493803202,52.1829265155997
Mexico,MEX,1987,1888.2631431041,6.41647220501225,52.7534144396718
Mexico,MEX,1988,2278.81222720992,6.47809392465106,53.0111371177242
Mexico,MEX,1989,2725.05572275442,6.45259844953101,53.5250392242599
Mexico,MEX,1990,3154.46920349038,6.66709637889891,54.0914118161475
Mexico,MEX,1991,3708.8420548157,6.49698974856723,54.6073715887754
Mexico,MEX,1992,4220.56643677057,5.99898080999225,54.6192031688058
Mexico,MEX,1993,6048.34840388099,4.7941502047762,54.620746418375
Mexico,MEX,1994,6202.36588372862,4.36384873906729,54.6258905836055
Mexico,MEX,1995,4183.87847727479,4.13057188689796,54.6284626662208
Mexico,MEX,1996,4674.36792733681,4.57994422139059,54.6876205663726
Mexico,MEX,1997,5567.35599516667,4.21889006310085,54.6876205663726
Mexico,MEX,1998,5832.69342004468,3.90764745888672,54.6953368142185
Mexico,MEX,1999,6499.97182950425,3.49017753869546,54.6958512307415
Mexico,MEX,2000,7524.0271380091,3.1592651345406,54.6979088968338
Mexico,MEX,2001,7952.76479510706,3.22549035188036,54.8110805319067
Mexico,MEX,2002,7983.03398381759,3.1103617264471,54.8110805319067
Mexico,MEX,2003,7434.07465031562,3.20735540642601,54.8110805319067
Mexico,MEX,2004,7849.66759649565,3.18594698575225,54.8213688623679
Mexico,MEX,2005,8671.75891798441,2.94567227294627,54.8213688623679
Mexico,MEX,2006,9512.63575346699,2.94295516133822,54.8213688623679
Mexico,MEX,2007,10134.3327129706,3.04186567330375,54.8882430103655
Mexico,MEX,2008,10523.7685427665,3.02875898012501,53.1675197407341
Mexico,MEX,2009,8423.56933148639,3.10059842139254,52.8213174207156
Mexico,MEX,2010,9728.80078307432,3.09200838871919,52.3712029630392
Mexico,MEX,2011,10664.4944032313,2.97569483968178,52.1217109493557
Mexico,MEX,2012,10744.1335236186,3.04872937167333,51.7050335656781
Mexico,MEX,2013,11216.800851866,3.02454277542456,51.1772422130199
Mexico,MEX,2014,11391.3773503964,3.02713651699048,50.7976028190025
Mexico,MEX,2015,10021.2386113616,3.08518633863416,50.7626224954345
Mexico,MEX,2016,9097.92397674769,3.2462890783797,50.5866920445485
Mexico,MEX,2017,9649.27816729586,3.29751177589907,49.8706242444507
Mexico,MEX,2018,10084.7937570364,3.29695945141921,49.6494251395355
Mexico,MEX,2019,10369.5553593527,3.31502440257968,49.4385143650814
Mexico,MEX,2020,8841.27074929751,3.71114888178603,51.5149441086448
Mexico,MEX,2021,10314.0506733708,3.78266528622109,51.5064078294195
Mexico,MEX,2022,11405.7940469896,3.89806571238006,50.8701226883407
Mexico,MEX,2023,13830.843848864,3.84569758598285,50.6933879986625
"Micronesia, Fed. Sts.",FSM,1995,1995.19187154132,24.0858454962943,7.85714285714286
"Micronesia, Fed. Sts.",FSM,1996,1955.97507000271,23.5728205554478,7.85714285714286
"Micronesia, Fed. Sts.",FSM,1997,1840.2391263246,23.3499284726014,7.85714285714286
"Micronesia, Fed. Sts.",FSM,1998,1944.03332824551,25.5273170312663,7.85714285714286
"Micronesia, Fed. Sts.",FSM,1999,1944.83255730659,23.940590859346,7.85714285714286
"Micronesia, Fed. Sts.",FSM,2000,2049.34490021777,24.4967267203445,7.85714285714286
"Micronesia, Fed. Sts.",FSM,2001,2103.74849819784,23.4872626621436,7.85714285714286
"Micronesia, Fed. Sts.",FSM,2002,2113.45955463859,23.6907979363302,7.85714285714286
"Micronesia, Fed. Sts.",FSM,2003,2145.87789998664,23.5924978595135,7.85714285714286
"Micronesia, Fed. Sts.",FSM,2004,2104.42796515524,22.3796914384552,7.85714285714286
"Micronesia, Fed. Sts.",FSM,2005,2216.9963738197,22.7097165991903,7.85714285714286
"Micronesia, Fed. Sts.",FSM,2006,2257.76445195026,22.64428,7.85714285714286
"Micronesia, Fed. Sts.",FSM,2007,2302.51183108846,25.3417391304348,7.85714285714286
"Micronesia, Fed. Sts.",FSM,2008,2395.90218109716,26.4006896551724,7.85714285714286
"Micronesia, Fed. Sts.",FSM,2009,2565.83639782506,25.3020577617329,7.14285714285714
"Micronesia, Fed. Sts.",FSM,2010,2715.26873721406,25.2001712328767,7.14285714285714
"Micronesia, Fed. Sts.",FSM,2011,2859.8488365615,26.8051948051948,7.14285714285714
"Micronesia, Fed. Sts.",FSM,2012,3003.05867086848,28.5720987654321,7.14285714285714
"Micronesia, Fed. Sts.",FSM,2013,2904.1536796737,26.8475477707006,7.14285714285714
"Micronesia, Fed. Sts.",FSM,2014,2915.23672460238,25.2221835443038,7.14285714285714
"Micronesia, Fed. Sts.",FSM,2015,2869.86276169101,26.5239423076923,7.14285714285714
"Micronesia, Fed. Sts.",FSM,2016,2997.93719917488,27.0007645259939,7.14285714285714
"Micronesia, Fed. Sts.",FSM,2017,3297.37580036719,27.4768698060942,7.14285714285714
"Micronesia, Fed. Sts.",FSM,2018,3584.78377566896,22.3979187817259,7.14285714285714
"Micronesia, Fed. Sts.",FSM,2019,3581.72684572278,23.1956202531646,7.14285714285714
"Micronesia, Fed. Sts.",FSM,2020,3362.02802120524,22.0481374900209,7.14285714285714
"Micronesia, Fed. Sts.",FSM,2021,3508.22314197664,22.1845195337408,7.14285714285714
"Micronesia, Fed. Sts.",FSM,2022,3703.66680343222,23.2675927172437,7.14285714285714
"Micronesia, Fed. Sts.",FSM,2023,3933.01607031874,23.3320526006399,7.14285714285714
Moldova,MDA,1995,593.593177049161,29.2735097145476,77.6191922259338
Moldova,MDA,1996,575.145455139019,27.484282907914,77.6191922259338
Moldova,MDA,1997,657.29213459795,25.9637937753554,77.6427703523694
Moldova,MDA,1998,578.734627562193,25.7680868456683,77.6663628076573
Moldova,MDA,1999,399.499818596336,24.8810986016861,77.7203647416413
Moldova,MDA,2000,440.538683980372,25.409321530594,77.3722627737226
Moldova,MDA,2001,507.404076252819,22.4200406780956,77.220194647202
Moldova,MDA,2002,570.799866188293,21.0218294511342,77.0681265206813
Moldova,MDA,2003,682.319095965299,18.3282016003476,76.9090355947673
Moldova,MDA,2004,897.178494749468,17.5867382617383,76.7031630170316
Moldova,MDA,2005,1034.39197746993,16.3997954955912,75.9805411979325
Moldova,MDA,2006,1183.02481442894,14.4988760781159,75.4940711462451
Moldova,MDA,2007,1531.21618590748,9.98297024143739,75.554879902706
Moldova,MDA,2008,2110.55305353857,8.8109341724675,75.4332623897841
Moldova,MDA,2009,1898.43975710988,8.49746275029227,75.1596229857099
Moldova,MDA,2010,2436.79935102421,11.1612572325879,75.0380517503805
Moldova,MDA,2011,2941.36224066021,11.3842525996445,74.9467275494673
Moldova,MDA,2012,3044.8084324815,10.4481727207152,74.8630553864881
Moldova,MDA,2013,3321.04397795719,11.550361937388,74.8479318734793
Moldova,MDA,2014,3289.95758568777,14.0709569584487,70.4075425790754
Moldova,MDA,2015,2749.55137054338,12.8212557522034,70.4987834549878
Moldova,MDA,2016,2847.08794770479,12.4797438509487,70.4957420924574
Moldova,MDA,2017,3453.26727720294,12.1995910772854,70.456065673457
Moldova,MDA,2018,4156.44981956646,10.1468784571365,68.6355301608926
Moldova,MDA,2019,4405.33418162155,10.1608126286441,68.7711146722455
Moldova,MDA,2020,4375.7788930524,9.36669201380178,75.1445965588756
Moldova,MDA,2021,5274.60582195352,10.5865870134286,75.0684098510185
Moldova,MDA,2022,5744.29618434435,8.11428000058421,74.9695863746959
Moldova,MDA,2023,6799.58594644576,7.08454848490601,74.096568478591
Mongolia,MNG,1981,1325.46680536613,16.7427882206439,80.4678056845497
Mongolia,MNG,1982,1429.62551800828,18.0364147976799,80.4716830593608
Mongolia,MNG,1983,1490.21297634746,18.4153643897535,80.7631323993309
Mongolia,MNG,1984,1119.71388466075,17.2009290741192,80.5246738484463
Mongolia,MNG,1985,1137.90764730312,16.4007032728788,80.5117492657425
Mongolia,MNG,1986,1469.42176378914,18.6695283069879,80.4755604341719
Mongolia,MNG,1987,1493.28238085822,16.4175681066267,80.7069104645695
Mongolia,MNG,1988,1543.33555521093,16.6293802847607,80.9298595162095
Mongolia,MNG,1989,1683.92432862486,15.5150074825035,81.1224357984957
Mongolia,MNG,1990,1220.17127664137,12.4738366427747,81.2025682112591
Mongolia,MNG,1991,1098.68017445549,11.8115698150791,81.5088808213385
Mongolia,MNG,1992,607.813424662797,25.557106309353,79.8674588179595
Mongolia,MNG,1993,354.898613087701,25.7093652335307,76.9813995002072
Mongolia,MNG,1994,422.864349383041,27.4826138521656,76.5581194166586
Mongolia,MNG,1995,652.67456284915,32.5428245706631,76.5581194166586
Mongolia,MNG,1996,595.5810149554,38.4770045574782,76.5581194166586
Mongolia,MNG,1997,515.298004947316,32.2368838484952,83.2931194635943
Mongolia,MNG,1998,483.878066074871,32.4333687636968,83.4488606851747
Mongolia,MNG,1999,448.660368337533,31.6978330669609,84.1920241906416
Mongolia,MNG,2000,476.02755082717,27.4225306231533,84.3135152680571
Mongolia,MNG,2001,524.453483552485,22.9688875084999,84.0934742475254
Mongolia,MNG,2002,570.249213248399,18.919125275033,84.0860303318922
Mongolia,MNG,2003,643.168068921658,18.4395172051068,73.5012701837711
Mongolia,MNG,2004,794.154552001815,20.0297765271852,73.4363531942671
Mongolia,MNG,2005,994.90010913241,19.7979604915498,73.2916678442313
Mongolia,MNG,2006,1329.89179579053,17.6436708395409,73.6631225279957
Mongolia,MNG,2007,1627.68787743359,18.4279653888713,73.6327525489621
Mongolia,MNG,2008,2127.42678594737,19.2151247825371,73.5213912374525
Mongolia,MNG,2009,1703.32756790019,17.8644380709085,73.3692547623991
Mongolia,MNG,2010,2625.21881402433,11.7325631980129,73.3388467572954
Mongolia,MNG,2011,3736.04201455077,10.3073568180221,73.3264775940588
Mongolia,MNG,2012,4328.89001905655,11.2580245572127,73.2494851072419
Mongolia,MNG,2013,4340.14310544449,13.4140624660902,73.2252730410926
Mongolia,MNG,2014,4126.23975800524,13.3412210879498,73.001629001279
Mongolia,MNG,2015,3838.92126989984,14.079203180176,72.990217275856
Mongolia,MNG,2016,3619.90026383792,12.6278436864479,72.9236771309318
Mongolia,MNG,2017,3645.96708669551,11.1372332713568,72.8635713833453
Mongolia,MNG,2018,4107.64288528468,11.4280045193059,72.8416347996956
Mongolia,MNG,2019,4347.54610314873,11.5583828612266,72.6641956567248
Mongolia,MNG,2020,4001.25193077703,12.9656563031474,72.2189891455646
Mongolia,MNG,2021,4517.61578018785,13.1631741927742,72.1791744756203
Mongolia,MNG,2022,4993.51487463495,13.0278534035361,71.9096506603489
Mongolia,MNG,2023,5838.63108083902,9.92060281298024,68.9555729589301
Montenegro,MNE,2006,4422.55172559508,5.65822716443527,38.2899628252788
Montenegro,MNE,2007,5979.43813180981,5.14096761553622,38.2156133828996
Montenegro,MNE,2008,7390.01481290503,5.30307563470907,38.1412639405204
Montenegro,MNE,2009,6726.67589734408,5.94207498811569,38.2156133828996
Montenegro,MNE,2010,6678.63939560908,5.46716738531637,38.0669144981413
Montenegro,MNE,2011,7265.51771176628,5.17096892815778,38.1412639405204
Montenegro,MNE,2012,6552.47970337373,4.89539575741918,38.1412639405204
Montenegro,MNE,2013,7102.7776714702,5.20960137991499,16.5895910780669
Montenegro,MNE,2014,7342.17147363741,5.11569218646198,17.1241635687732
Montenegro,MNE,2015,6421.00005731419,4.96369912493667,17.2044609665428
Montenegro,MNE,2016,6968.01202883651,4.80607864194884,19.0111524163569
Montenegro,MNE,2017,7674.2856571219,4.43612645373447,19.0557620817844
Montenegro,MNE,2018,8673.59469069858,4.02702654709881,19.092936802974
Montenegro,MNE,2019,8749.25629734676,3.70351082097405,19.1078066914498
Montenegro,MNE,2020,7555.48699036321,4.18386978297396,19.17843866171
Montenegro,MNE,2021,9315.86435643142,3.7713187551422,19.0007434944238
Montenegro,MNE,2022,10038.1849482517,3.99672766573405,18.8847583643123
Montenegro,MNE,2023,12258.1600477339,3.7692433716629,19.5925650557621
Morocco,MAR,1965,221.967697143555,23.4450402144772,54.7116547923108
Morocco,MAR,1966,210.824432373047,21.0016488046167,55.4241161446431
Morocco,MAR,1967,217.304306030273,21.7371562013492,55.872205045481
Morocco,MAR,1968,227.120864868164,22.4222289338568,56.5443383967379
Morocco,MAR,1969,246.799652099609,19.3300503273987,56.9722632970381
Morocco,MAR,1970,260.26513671875,19.939063982818,57.5906259801945
Morocco,MAR,1971,279.167236328125,21.8671878550975,58.1014473271497
Morocco,MAR,1972,317.074066162109,21.2550867423431,58.6324326746427
Morocco,MAR,1973,380.527801513672,20.8261819316586,59.2090522070356
Morocco,MAR,1974,456.592529296875,20.6559332140727,59.6683844947345
Morocco,MAR,1975,521.838928222656,17.8984372854357,60.3114496975129
Morocco,MAR,1976,543.368469238281,19.2534705826801,60.8335200537755
Morocco,MAR,1977,610.750366210938,16.3843170354294,61.6177459108223
Morocco,MAR,1978,712.879638671875,18.9197519672191,62.5543356486668
Morocco,MAR,1979,834.812133789063,17.9166062247151,62.7470311449698
Morocco,MAR,1980,1109.88220214844,15.1221436201317,64.8218686981851
Morocco,MAR,1981,884.443237304688,10.6848450965363,65.1803719471208
Morocco,MAR,1982,856.569763183594,12.9155541111243,65.3753080887296
Morocco,MAR,1983,766.529602050781,12.6233838094129,65.590410038091
Morocco,MAR,1984,681.909729003906,12.1231708808284,65.8391216670401
Morocco,MAR,1985,673.2900390625,13.2909327287831,65.870490701322
Morocco,MAR,1986,855.169311523438,15.7051106574687,66.0923145866009
Morocco,MAR,1987,937.457153320313,11.7645157681426,66.4709836432893
Morocco,MAR,1988,1086.03527832031,14.2034199748533,66.6457539771454
Morocco,MAR,1989,1091.27624511719,14.3519017674523,67.3627604750168
Morocco,MAR,1990,1229.07104492188,15.0951754132603,67.9879005153484
Morocco,MAR,1991,1292.23376464844,17.4994367386153,68.0147882590186
Morocco,MAR,1992,1327.02954101563,14.0427572103275,68.5995966838449
Morocco,MAR,1993,1226.43054199219,13.0694074271171,68.8124579879005
Morocco,MAR,1994,1358.79443359375,17.2595077231236,69.3793412502801
Morocco,MAR,1995,1466.78820800781,13.4926498510091,68.8976025095227
Morocco,MAR,1996,1596.83239746094,18.4399801016561,69.3838225408918
Morocco,MAR,1997,1426.30114746094,14.6341801323036,69.2247367241766
Morocco,MAR,1998,1668.49755859375,14.4867902100459,69.4062289939503
Morocco,MAR,1999,1635.65673828125,12.4766395275978,68.7721263723952
Morocco,MAR,2000,1499.107421875,10.7286317929553,68.6802599148555
Morocco,MAR,2001,1506.24523925781,11.8761776238587,68.0483979386063
Morocco,MAR,2002,1596.02062988281,11.8432781663725,67.8534617969975
Morocco,MAR,2003,1941.87255859375,12.4918601820552,69.1821644633655
Morocco,MAR,2004,2183.55541992188,11.869333718001,67.3112256329823
Morocco,MAR,2005,2242.98828125,10.6988804483578,67.1947120770782
Morocco,MAR,2006,2438.12646484375,12.304168098197,67.0983643289267
Morocco,MAR,2007,2755.5859375,9.8752466486995,67.1297333632086
Morocco,MAR,2008,3183.20043945313,10.864961794312,67.1767869146314
Morocco,MAR,2009,3119.58862304688,11.9650475529562,67.2251848532377
Morocco,MAR,2010,3067.9853515625,11.9620812709231,67.1931436253641
Morocco,MAR,2011,3301.98876953125,12.0819026098454,67.4519381581896
Morocco,MAR,2012,3164.17724609375,11.3297511522793,68.1223392336993
Morocco,MAR,2013,3379.7431640625,12.3583661932506,68.5301366793637
Morocco,MAR,2014,3435.40698242188,10.3531465249527,67.404212413175
Morocco,MAR,2015,3146.24780273438,11.7961931846113,67.3246695048174
Morocco,MAR,2016,3140.85546875,10.3219651103177,69.1799238180596
Morocco,MAR,2017,3296.52661132813,11.1602887992375,69.5643024871163
Morocco,MAR,2018,3501.69799804688,11.3055402401365,68.3975066099036
Morocco,MAR,2019,3508.09765625,10.8424017370039,66.34978041676
Morocco,MAR,2020,3268.0302734375,10.6636401420592,67.0205229666144
Morocco,MAR,2021,3785.93627929688,11.9779439009277,67.0350365225185
Morocco,MAR,2022,3463.1376953125,9.79618893785634,65.8091218911046
Morocco,MAR,2023,3813.72607421875,11.1311743840061,66.7449381581896
Mozambique,MOZ,1991,288.708092484444,33.9358046835432,45.1168646201582
Mozambique,MOZ,1992,205.585216062094,29.7148109072706,45.3953559347898
Mozambique,MOZ,1993,205.189844208699,33.0976707584857,45.6738472494214
Mozambique,MOZ,1994,196.763143175646,30.1683585770011,45.952338564053
Mozambique,MOZ,1995,191.826096861406,31.3465539242874,46.2308298786846
Mozambique,MOZ,1996,244.362651012498,30.9538114615771,46.5093211933162
Mozambique,MOZ,1997,287.532091475389,30.1816369380595,46.7878125079478
Mozambique,MOZ,1998,320.125121723292,26.9864037577365,47.0663038225794
Mozambique,MOZ,1999,354.406245723711,22.7981865556465,47.344795137211
Mozambique,MOZ,2000,327.12623979157,19.0391748514099,47.6232864518426
Mozambique,MOZ,2001,304.792138621913,18.2257286235893,47.9050662529566
Mozambique,MOZ,2002,313.886661721198,22.734177349083,48.1868460540706
Mozambique,MOZ,2003,339.488737800648,22.7228305424377,48.4686258551845
Mozambique,MOZ,2004,400.056973161545,22.4901289092367,48.7504056562985
Mozambique,MOZ,2005,436.773856167384,22.9214059867823,49.0321854574124
Mozambique,MOZ,2006,457.487647833183,24.1133917238134,49.3139652585264
Mozambique,MOZ,2007,507.874923914304,24.0162173628877,49.5957450596404
Mozambique,MOZ,2008,592.159111184122,26.8457517275753,49.8775248607543
Mozambique,MOZ,2009,547.697144193651,27.9106017225191,50.1593046618683
Mozambique,MOZ,2010,496.185839392659,27.3093770922399,50.4410844629823
Mozambique,MOZ,2011,618.17649286789,26.4848729989708,50.7035885958443
Mozambique,MOZ,2012,685.685748199513,25.5177066547282,50.9660927287062
Mozambique,MOZ,2013,686.505672517351,24.2529090836336,51.2706884712226
Mozambique,MOZ,2014,697.142680444123,24.6554671607897,51.5212390956026
Mozambique,MOZ,2015,610.563774706589,23.5663164946958,51.8231643734581
Mozambique,MOZ,2016,441.489734819071,23.6272810887625,52.2482896309672
Mozambique,MOZ,2017,470.93856305196,26.0749604736416,52.5799231923498
Mozambique,MOZ,2018,517.507260258101,25.5425597958909,52.7751621353544
Mozambique,MOZ,2019,519.09255091362,24.7697818145637,52.7979246674636
Mozambique,MOZ,2020,462.433876479921,26.8819744087655,52.7793585798215
Mozambique,MOZ,2021,509.907829475551,26.8945913502365,52.7742719804675
Mozambique,MOZ,2022,578.273222184503,25.6382662600095,52.7726188356774
Mozambique,MOZ,2023,622.191133245967,25.3638190039758,52.7891502835779
Myanmar,MMR,2000,196.619580625284,57.2386452556231,16.5437463659455
Myanmar,MMR,2001,141.525660705722,57.0691916368966,16.7380726504881
Myanmar,MMR,2002,146.598390364449,54.5283327348715,16.7166508553417
Myanmar,MMR,2003,224.292688912409,50.620560861897,16.8038681641522
Myanmar,MMR,2004,224.508811413327,48.1650901865787,16.9599951026905
Myanmar,MMR,2005,252.685193060728,46.687240402588,17.2385820986899
Myanmar,MMR,2006,303.495087119254,43.918958474559,17.7467978637122
Myanmar,MMR,2007,419.375780725042,43.3227660063537,18.337617823479
Myanmar,MMR,2008,658.442487229705,40.2750956375485,18.7919976733863
Myanmar,MMR,2009,758.442935789255,38.1081206105058,19.04331853666
Myanmar,MMR,2010,1010.53417343401,36.853075751266,19.1746012307504
Myanmar,MMR,2011,1213.62898703376,32.4961825024034,19.2227035466638
Myanmar,MMR,2012,1202.6658960055,30.5901997024538,19.2130444767664
Myanmar,MMR,2013,1199.09561597055,29.5337253604993,19.2732896429228
Myanmar,MMR,2014,1293.00042298688,27.8298025759612,19.342193911925
Myanmar,MMR,2015,1166.73305546337,26.771778645598,19.5213448582103
Myanmar,MMR,2016,1229.19713515893,25.6286228737595,19.5471674990043
Myanmar,MMR,2017,1272.82241830603,23.4041280962744,19.997855227882
Myanmar,MMR,2018,1298.21310320785,22.0756064041111,20.0265052857362
Myanmar,MMR,2019,1425.98954211903,20.8421577754282,19.8857055308718
Myanmar,MMR,2020,1490.21683548367,22.4186525400503,19.8875388787596
Myanmar,MMR,2021,1242.72134419599,22.7852901568211,19.8875388787596
Myanmar,MMR,2022,1158.05005034332,22.3343500768495,19.8875388787596
Myanmar,MMR,2023,1233.19666209269,22.7222309725462,19.9140944121838
Namibia,NAM,1980,2467.80765504439,8.0234479931812,46.9542931409345
Namibia,NAM,1981,2266.91040607673,8.74112378125171,46.9542931409345
Namibia,NAM,1982,2097.09340946461,8.45845880696595,46.9542931409345
Namibia,NAM,1983,2214.33863115715,8.05867730054776,46.9603663350703
Namibia,NAM,1984,1830.46920554097,7.93324047623443,46.9603663350703
Namibia,NAM,1985,1466.17924353732,7.3919505661272,46.9603663350703
Namibia,NAM,1986,1599.39785666132,7.7478953050739,46.9603663350703
Namibia,NAM,1987,1969.42364982372,9.13499531820398,46.9603663350703
Namibia,NAM,1988,2062.57997582884,9.16503976234231,46.9603663350703
Namibia,NAM,1989,1966.82702819252,8.45799007656062,46.9603663350703
Namibia,NAM,1990,2037.47589359778,9.05537470966305,46.9603663350703
Namibia,NAM,1991,2116.90552516214,9.97332652624888,46.9603663350703
Namibia,NAM,1992,2346.86242963741,7.08325314847018,46.9603663350703
Namibia,NAM,1993,2154.96473655435,7.42032440125943,47.0065226105018
Namibia,NAM,1994,2355.90445673153,10.1291600176093,47.067254551859
Namibia,NAM,1995,2483.20353415161,9.44736619111258,47.1522792697591
Namibia,NAM,1996,2423.3982907313,9.32985955271323,47.1522792697591
Namibia,NAM,1997,2459.64511763936,8.51022382398345,47.1522792697591
Namibia,NAM,1998,2235.24515468625,8.58856458212543,47.1522792697591
Namibia,NAM,1999,2177.78733370092,8.76623405883486,47.1522792697591
Namibia,NAM,2000,2156.67590512714,10.7310247713041,47.1522792697591
Namibia,NAM,2001,1915.58926594875,9.67546592032238,47.1522792697591
Namibia,NAM,2002,1772.07565537493,10.0391431809007,47.1522792697591
Namibia,NAM,2003,2569.24739317883,10.2153432329886,47.1522792697591
Namibia,NAM,2004,3403.15496192955,8.93977891691032,47.1522792697591
Namibia,NAM,2005,3685.77299991587,10.3684887476335,47.1522792697591
Namibia,NAM,2006,4017.1834716928,9.64647103887118,47.1522792697591
Namibia,NAM,2007,4379.04313682732,8.44071366530831,47.1377036038334
Namibia,NAM,2008,4204.78555422749,7.53168657065416,47.1377036038334
Namibia,NAM,2009,4302.91374148376,8.14814459341021,47.1377036038334
Namibia,NAM,2010,5418.21633365814,8.45536944089181,47.1389182426605
Namibia,NAM,2011,5834.7917675794,8.11362720295374,47.1389182426605
Namibia,NAM,2012,5942.64680978673,8.05447519990682,47.1389182426605
Namibia,NAM,2013,5346.62131149967,7.82146490072164,47.1389182426605
Namibia,NAM,2014,5378.32326241205,8.13893575439091,47.1389182426605
Namibia,NAM,2015,4774.10650865775,6.65042679589334,47.1401328814877
Namibia,NAM,2016,4395.68776162376,6.72011763526388,47.1401328814877
Namibia,NAM,2017,5143.96072323076,7.67615608936274,47.1413475203148
Namibia,NAM,2018,5308.60813408705,7.76829756756805,47.1413475203148
Namibia,NAM,2019,4731.9210318831,7.08397673847435,47.1413475203148
Namibia,NAM,2020,3878.58982993966,9.15817808891199,47.1413475203148
Namibia,NAM,2021,4412.8355693052,9.56300379482636,47.142562159142
Namibia,NAM,2022,4349.79908493314,8.75889366457648,47.142562159142
Namibia,NAM,2023,4225.99102418102,7.60787868693767,47.142562159142
Nepal,NPL,1965,65.8050690424137,64.5840764831145,24.8461538461538
Nepal,NPL,1966,79.484178651631,68.6930056826457,24.8461538461538
Nepal,NPL,1967,72.255603368576,66.2353832231429,24.9440559440559
Nepal,NPL,1968,64.8592419247839,67.3916041435493,24.9440559440559
Nepal,NPL,1969,64.8179199463286,66.4245468556612,24.9440559440559
Nepal,NPL,1970,69.6334897297304,66.8681580748175,25.8881118881119
Nepal,NPL,1971,69.4540704096493,66.8382169685291,25.8881118881119
Nepal,NPL,1972,78.842912842237,67.8464608796813,26.7272727272727
Nepal,NPL,1973,73.2266835267801,65.3325272210843,27.6433566433566
Nepal,NPL,1974,89.7637455591626,68.4181772493042,27.9300699300699
Nepal,NPL,1975,113.605645172746,69.0060946111411,28.034965034965
Nepal,NPL,1976,102.470373251774,66.0860076238128,28.1468531468531
Nepal,NPL,1977,95.3433557426543,60.1215289351852,28.2517482517483
Nepal,NPL,1978,108.099425052837,58.8688401026215,28.3566433566434
Nepal,NPL,1979,121.86820974915,60.1620532965922,28.4615384615385
Nepal,NPL,1980,125.114347478097,57.8990217934573,28.5664335664336
Nepal,NPL,1981,142.916898807843,56.7986220148579,28.6923076923077
Nepal,NPL,1982,146.976662933749,57.1672897810066,28.7174825174825
Nepal,NPL,1983,146.632953086254,56.5225130331754,28.7426573426573
Nepal,NPL,1984,151.078187115939,57.2988091284318,28.7678321678322
Nepal,NPL,1985,149.900453418882,48.8580260163998,28.786013986014
Nepal,NPL,1986,159.545682806044,48.6971502404709,28.8951048951049
Nepal,NPL,1987,162.036906898913,47.9503319554052,28.9132867132867
Nepal,NPL,1988,187.084777621975,47.7921098483863,28.9384615384615
Nepal,NPL,1989,184.975416457251,47.6895674870336,28.9566433566434
Nepal,NPL,1990,185.794600449903,48.8028931693355,28.9818181818182
Nepal,NPL,1991,195.716621410462,44.7233867254707,29.0
Nepal,NPL,1992,165.02959412726,42.6652627388118,29.0783216783217
Nepal,NPL,1993,172.805202579767,39.8959483612436,29.1566433566434
Nepal,NPL,1994,187.258176246151,40.4417078164519,29.234965034965
Nepal,NPL,1995,197.843001330326,39.0414052697616,29.3132867132867
Nepal,NPL,1996,198.821907435345,38.9276574546127,29.3916083916084
Nepal,NPL,1997,211.834869589153,38.7807338697315,29.4699300699301
Nepal,NPL,1998,205.075246306069,37.3930096893749,29.5482517482517
Nepal,NPL,1999,208.646667913743,38.701481715375,29.6265734265734
Nepal,NPL,2000,223.830289183078,38.2438970402226,29.6414370422044
Nepal,NPL,2001,240.795114544664,35.247670013162,29.7104987792117
Nepal,NPL,2002,238.89140296106,36.1502950311573,29.5849319846529
Nepal,NPL,2003,246.429706587633,35.1058750871034,29.4872689222183
Nepal,NPL,2004,279.587750044428,34.6763571054627,29.424485524939
Nepal,NPL,2005,309.024168339372,33.824896676688,29.3128705964423
Nepal,NPL,2006,340.431796437968,32.3664850386189,29.1942797349145
Nepal,NPL,2007,385.449767660642,31.1644113230204,29.0617370073247
Nepal,NPL,2008,464.817391891529,30.3057163664183,28.9640739448901
Nepal,NPL,2009,473.078751198621,31.3226520633995,28.8803627485176
Nepal,NPL,2010,585.278491984574,33.1793784908122,28.782699686083
Nepal,NPL,2011,785.518656222132,30.805485476422,28.7868852459016
Nepal,NPL,2012,788.202937148377,30.0760569589773,28.5151398674573
Nepal,NPL,2013,803.269595420477,28.6226575274714,28.2957244506453
Nepal,NPL,2014,821.455224911731,27.4618953626735,28.1675388908266
Nepal,NPL,2015,875.543635474862,26.518508431071,27.9640516219044
Nepal,NPL,2016,877.256454696737,25.5178753726064,27.7312179979072
Nepal,NPL,2017,1034.28374906846,23.6995484588973,27.5400788280433
Nepal,NPL,2018,1179.19843190389,22.3346720502565,26.9733247296826
Nepal,NPL,2019,1203.14294706401,21.583372760027,26.7748852459016
Nepal,NPL,2020,1154.21517578318,22.1800901927916,26.5011008022323
Nepal,NPL,2021,1252.75076731986,22.0214522788058,26.3199051273108
Nepal,NPL,2022,1385.91066002922,20.9143699815129,26.1213812347401
Nepal,NPL,2023,1382.38300895424,21.2987131119062,26.1185908615277
Netherlands,NLD,1969,2646.84581766825,5.63506417571136,65.7049763033175
Netherlands,NLD,1970,2931.38078026525,5.17538403445626,65.2043838862559
Netherlands,NLD,1971,3383.58715579996,4.80912730820138,63.281990521327
Netherlands,NLD,1972,4110.49164551948,4.75405839809106,62.8465639810427
Netherlands,NLD,1973,5353.44265154981,4.68291709043437,62.4407582938389
Netherlands,NLD,1974,6450.45770236493,4.04648888634027,62.1771327014218
Netherlands,NLD,1975,7346.3047476862,4.33280480567973,61.821682464455
Netherlands,NLD,1976,7937.35246713998,4.3268125142264,61.6084123222749
Netherlands,NLD,1977,9180.29918461772,3.66457017762992,61.1907582938389
Netherlands,NLD,1978,11195.8424872959,3.53727744869084,60.7316350710901
Netherlands,NLD,1979,12817.3790153401,3.50298319967165,60.3317535545024
Netherlands,NLD,1980,13812.1600098191,3.45005662203806,60.3436018957346
Netherlands,NLD,1981,11537.4026865092,3.87261379108257,60.1451421800948
Netherlands,NLD,1982,11088.9543150885,3.98013422524528,60.053317535545
Netherlands,NLD,1983,10696.0774958682,3.80758450873502,59.5023696682464
Netherlands,NLD,1984,9991.84377655651,3.78379696982182,59.6830568720379
Netherlands,NLD,1985,9940.73843593795,3.80493085181904,59.8281990521327
Netherlands,NLD,1986,13804.1360603265,3.9287473115015,59.7748815165877
Netherlands,NLD,1987,16734.1514052316,3.88234817225228,59.6652843601896
Netherlands,NLD,1988,17770.6162376388,3.83523157418457,59.6978672985782
Netherlands,NLD,1989,17423.2961585523,4.15045950732726,59.4164691943128
Netherlands,NLD,1990,21322.1944802703,4.01809303225838,59.7748815165877
Netherlands,NLD,1991,21764.2144987258,3.90617455072096,58.3382701421801
Netherlands,NLD,1992,23939.2173482108,3.64362824909901,58.1694312796209
Netherlands,NLD,1993,23156.4404444568,3.19058691390917,58.2612559241706
Netherlands,NLD,1994,24682.5866742863,3.21743824904668,57.7725118483412
Netherlands,NLD,1995,29301.1940492376,3.10878945071993,58.1960900473934
Netherlands,NLD,1996,29063.6236532536,2.88213147987257,57.7784360189573
Netherlands,NLD,1997,26744.9601318097,2.97435481253043,58.1546208530806
Netherlands,NLD,1998,27924.281808994,2.56560268869083,56.7476303317535
Netherlands,NLD,1999,28318.7466538357,2.33896554268428,58.4300947867299
Netherlands,NLD,2000,26225.1697734149,2.31074921880356,58.0450236966825
Netherlands,NLD,2001,26955.7128032278,2.23546975717531,56.9520142180095
Netherlands,NLD,2002,29446.5330872868,2.0874883923476,57.4674170616114
Netherlands,NLD,2003,35896.7504630706,2.06777613560665,56.6854265402844
Netherlands,NLD,2004,40611.3414353091,1.87462493392253,57.7428909952607
Netherlands,NLD,2005,42165.396168388,1.87119658954082,57.396327014218
Netherlands,NLD,2006,45123.5432406426,1.95984638535758,56.8601895734597
Netherlands,NLD,2007,52100.7996285947,1.83180121231584,56.7061611374408
Netherlands,NLD,2008,58246.7026905874,1.65239006969149,57.1475118483412
Netherlands,NLD,2009,53172.0261581418,1.56591919996572,56.8455380966499
Netherlands,NLD,2010,51305.7338533973,1.78780819318779,55.5084494515268
Netherlands,NLD,2011,54701.7728030611,1.59844393327571,55.1126927639383
Netherlands,NLD,2012,50473.9442002689,1.69697006526574,54.6174377224199
Netherlands,NLD,2013,52602.2860520766,1.84474290341919,54.8411991688928
Netherlands,NLD,2014,53457.2234864322,1.80098935055634,54.5888987830217
Netherlands,NLD,2015,45793.8135434697,1.80598562591626,54.8262548262548
Netherlands,NLD,2016,46808.5291492503,1.86399139098136,53.9055539055539
Netherlands,NLD,2017,49513.6817346384,1.96787421373596,54.024354024354
Netherlands,NLD,2018,53955.0770024266,1.75987236955923,54.1431541431541
Netherlands,NLD,2019,53554.9007491475,1.7588069903961,53.959013959014
Netherlands,NLD,2020,53467.9277413737,1.73737205482673,53.8892188892189
Netherlands,NLD,2021,60141.9880911492,1.65464640233302,53.8164538164538
Netherlands,NLD,2022,59123.318556487,1.64194723390554,53.5788535788536
Netherlands,NLD,2023,63515.6030780019,1.75149243000648,53.5491535491536
New Caledonia,NCL,1990,14334.6807372176,3.62420976500751,12.691466083151
New Caledonia,NCL,1991,14642.5179713722,3.61893223092609,12.527352297593
New Caledonia,NCL,1992,15713.7198562158,3.61941140790035,12.582056892779
New Caledonia,NCL,1993,14787.2165075183,3.70268401516856,12.582056892779
New Caledonia,NCL,1994,15534.3093278924,3.87614588188696,12.636761487965
New Caledonia,NCL,1995,18107.8880778022,3.54726473196948,12.746170678337
New Caledonia,NCL,1996,17592.0502745845,3.48364450662965,12.855579868709
New Caledonia,NCL,1997,15704.9593483537,3.67491287414546,13.019693654267
New Caledonia,NCL,1998,16614.5978812179,2.21645365013124,13.1291028446389
New Caledonia,NCL,1999,16692.6835119189,2.16376522106415,13.2932166301969
New Caledonia,NCL,2000,15329.7297200058,2.18957397034617,13.4026258205689
New Caledonia,NCL,2001,14482.3606263602,2.36020293735947,13.5667396061269
New Caledonia,NCL,2002,16104.5520406819,1.89035871495274,13.6761487964989
New Caledonia,NCL,2003,20768.1061488848,1.74345821039344,13.3260393873085
New Caledonia,NCL,2004,24475.6488547037,1.78686054314087,12.9431072210066
New Caledonia,NCL,2005,25528.2918353444,1.54869248531073,12.5875273522976
New Caledonia,NCL,2006,28193.2537573387,1.72712586317313,12.2866520787746
New Caledonia,NCL,2007,35177.6535261448,1.27200175059393,11.9310722100656
New Caledonia,NCL,2008,35723.9033194947,1.38763277604281,11.5207877461707
New Caledonia,NCL,2009,33836.494080472,1.41664932222394,11.2472647702407
New Caledonia,NCL,2010,35798.9084757829,1.34474139086715,10.8643326039387
New Caledonia,NCL,2011,38835.9401851385,1.36822830098318,10.410284463895
New Caledonia,NCL,2012,35559.5672006157,1.64443691439298,10.0675054704595
New Caledonia,NCL,2013,36671.1566752621,1.71329146676256,10.050875273523
New Caledonia,NCL,2014,37816.9558599295,1.77245534055282,10.050875273523
New Caledonia,NCL,2015,30858.7237060533,1.91334103691976,10.0672866520788
New Caledonia,NCL,2016,30782.8544433514,1.92670811679751,10.0672866520788
New Caledonia,NCL,2017,32354.7102832901,2.01190197330879,10.0672866520788
New Caledonia,NCL,2019,33411.3358835672,1.78613861386139,10.0672866520788
New Zealand,NZL,1971,2772.9185969396,11.4077315827863,49.6980745129315
New Zealand,NZL,1972,3294.64894268304,13.1605691056911,51.2164368994721
New Zealand,NZL,1973,4323.19653458655,11.9008803390936,51.2006760092666
New Zealand,NZL,1974,4610.57042634013,8.23936696340257,51.1849151190612
New Zealand,NZL,1975,4171.76973967475,9.92272567615033,52.9546921879154
New Zealand,NZL,1976,4373.84099791231,10.78487539387,54.5117921841176
New Zealand,NZL,1977,4950.58820538927,9.45470817618104,54.2182218677604
New Zealand,NZL,1978,5936.98526036423,8.95657078398195,55.0601952071703
New Zealand,NZL,1979,6668.1386662247,11.4176652493235,54.8516957198739
New Zealand,NZL,1980,7467.16803773805,9.96014282155609,55.4137708404542
New Zealand,NZL,1981,7813.88754336067,8.5208674304419,57.679161444685
New Zealand,NZL,1982,7656.47573238963,7.17945626620049,55.523907181649
New Zealand,NZL,1983,7598.31203875006,7.43464273162291,55.4156697428886
New Zealand,NZL,1984,6713.76013104154,8.3115950700012,54.9656298659375
New Zealand,NZL,1985,7600.56524172937,7.30377831664905,54.6618054764346
New Zealand,NZL,1986,9427.55394035348,5.94964885338119,54.6466142569595
New Zealand,NZL,1987,12330.9168305483,6.09554179186852,54.2098666970491
New Zealand,NZL,1988,13759.1556295922,6.51011591599299,53.8908510880711
New Zealand,NZL,1989,13312.3855858113,6.76844715140409,53.5509475523148
New Zealand,NZL,1990,13663.0216184298,5.98867681637264,52.8540503588926
New Zealand,NZL,1991,12230.0734548834,6.88851738254768,52.2524146443356
New Zealand,NZL,1992,11793.1392416214,6.71730388715134,51.6549082830124
New Zealand,NZL,1993,13094.3454502639,7.32604197457878,51.0559207777904
New Zealand,NZL,1994,15280.3127842922,6.50772626931567,50.4568451634955
New Zealand,NZL,1995,17400.4201848172,6.45080842927803,49.857828415176
New Zealand,NZL,1996,18794.436039393,6.43712722920644,49.2587881204664
New Zealand,NZL,1997,17474.187029724,6.07737442159996,48.6599889863659
New Zealand,NZL,1998,14738.4455703918,5.94611798625803,48.0612194751434
New Zealand,NZL,1999,15322.2238340267,6.27577740684807,47.4624773081159
New Zealand,NZL,2000,13641.1027183822,7.75290180992832,46.863819832137
New Zealand,NZL,2001,13882.8568268586,7.98138479706632,46.265167673085
New Zealand,NZL,2002,16874.1874918196,5.85289352793662,45.6663419543504
New Zealand,NZL,2003,21913.7081719961,5.72933246598663,45.0343701340625
New Zealand,NZL,2004,25420.234882944,5.36558854547454,45.1558998898637
New Zealand,NZL,2005,27751.0654708859,4.51769702400314,44.4798906232198
New Zealand,NZL,2006,26654.5932018985,4.98360503244111,43.2000303824389
New Zealand,NZL,2007,32479.9817381467,6.06836553759783,43.625384527743
New Zealand,NZL,2008,31324.7397977102,5.00102717537308,43.1962325775702
New Zealand,NZL,2009,28276.7255416225,5.73699370029419,43.6367779423493
New Zealand,NZL,2010,33761.9009639947,6.57130523506789,43.3253579431089
New Zealand,NZL,2011,38425.829997974,6.2779911553811,43.1848391629638
New Zealand,NZL,2012,40041.7524816244,5.50809920086661,42.571113896168
New Zealand,NZL,2013,42984.9571801167,7.03235726127178,42.1784208727356
New Zealand,NZL,2014,44599.8992733675,4.77478924457513,42.2163989214234
New Zealand,NZL,2015,38648.7302562109,4.4696017756274,40.6820857544339
New Zealand,NZL,2016,40088.3205470499,5.54820885901096,40.3099008772929
New Zealand,NZL,2017,42912.1537002148,5.91537474588689,40.4238350233565
New Zealand,NZL,2018,43204.1305124872,5.66864597596724,39.8693555125138
New Zealand,NZL,2019,42872.2681243427,5.68759062703863,39.2882913675895
New Zealand,NZL,2020,42054.6743136586,5.69753974020289,38.5629106376514
New Zealand,NZL,2021,49902.154346032,5.77486500876711,38.6426645398959
New Zealand,NZL,2022,49141.6316294227,4.57625698536786,37.0172040560556
New Zealand,NZL,2023,49302.341876493,4.00852725247614,36.8804830807793
Nicaragua,NIC,1994,849.179331364895,19.019221586678,35.067309290344
Nicaragua,NIC,1995,891.779352309996,20.0803864575286,37.8344690044873
Nicaragua,NIC,1996,910.861645917295,21.4055297505817,38.6737576865548
Nicaragua,NIC,1997,912.757429788533,19.9567713388075,39.9534651819844
Nicaragua,NIC,1998,949.155373494771,19.1909508834659,40.8259930197773
Nicaragua,NIC,1999,980.219744675246,17.0002169688192,41.6985208575702
Nicaragua,NIC,2000,1017.3124434882,17.7655051440462,42.7206248961276
Nicaragua,NIC,2001,1051.874235891,16.8133294680756,43.0031577197939
Nicaragua,NIC,2002,1014.3339042591,16.4301119851034,43.2025926541466
Nicaragua,NIC,2003,1021.35216668794,15.6259025646946,43.3521688549111
Nicaragua,NIC,2004,1098.62118662335,15.9688222709169,43.418647166362
Nicaragua,NIC,2005,1183.30214010175,16.137898065388,43.626391889646
Nicaragua,NIC,2006,1248.17371577788,15.8996625466787,43.2773807545288
Nicaragua,NIC,2007,1350.38145753377,16.4613383107055,43.0031577197939
Nicaragua,NIC,2008,1523.68437086409,16.2627898839898,42.6458367957454
Nicaragua,NIC,2009,1467.08288052845,16.0676510041113,42.2885158716969
Nicaragua,NIC,2010,1526.56706951408,16.9826368007048,41.9644341033738
Nicaragua,NIC,2011,1679.71192084633,18.8847883857771,42.1381086920392
Nicaragua,NIC,2012,1784.69836017555,17.6115834733674,42.1555592487951
Nicaragua,NIC,2013,1835.43996363715,16.4909112111851,42.1555592487951
Nicaragua,NIC,2014,1958.37047579547,16.7090173834472,42.1555592487951
Nicaragua,NIC,2015,2074.45620634731,16.1099292353151,42.1555592487951
Nicaragua,NIC,2016,2131.68704828322,14.9153392298097,42.1555592487951
Nicaragua,NIC,2017,2182.61380995674,14.9964086019473,42.222037560246
Nicaragua,NIC,2018,2035.16549390507,15.3222113237126,42.2469669270401
Nicaragua,NIC,2019,1958.62051528095,15.5297840677071,42.2469669270401
Nicaragua,NIC,2020,1938.44704754382,15.9067799804023,42.3051354495596
Nicaragua,NIC,2021,2138.38573878237,15.7299148913114,42.3051354495596
Nicaragua,NIC,2022,2322.89069619459,16.803025682188,42.3051354495596
Nicaragua,NIC,2023,2609.44491147975,15.3285658671977,42.3051354495596
Niger,NER,1961,134.635094261008,73.8871650098417,24.8677666377201
Niger,NER,1962,143.150824130834,75.9976096282568,24.8677666377201
Niger,NER,1963,153.324882584919,72.9479544304704,24.8677666377201
Niger,NER,1964,148.080269139855,74.3240385952676,24.8677666377201
Niger,NER,1965,166.280055859235,67.7039196149616,24.8677666377201
Niger,NER,1966,168.596485499415,66.8747343850565,24.8677666377201
Niger,NER,1967,155.380620524944,70.7063257129035,24.8677666377201
Niger,NER,1968,145.610145933803,69.1682071794335,25.4022262572038
Niger,NER,1969,138.291209756182,66.4193809104212,25.4014368042946
Niger,NER,1970,139.75875001865,64.8751118666509,24.6309307649799
Niger,NER,1971,145.213783611591,65.4607809223992,24.6546143522539
Niger,NER,1972,151.437947747318,62.4601364499262,24.6127733480698
Niger,NER,1973,187.854399670045,60.2714511077268,24.3262019420542
Niger,NER,1974,198.28916531089,63.7949647851898,23.5099076340096
Niger,NER,1975,197.232873008404,50.3114628229224,23.5099076340096
Niger,NER,1976,194.789570593583,47.0277185913042,23.5099076340096
Niger,NER,1977,229.808417625006,51.7871951928857,23.5099076340096
Niger,NER,1978,306.828022482047,52.6803493878421,23.5099076340096
Niger,NER,1979,354.169730869649,48.6845009164629,23.6504302518355
Niger,NER,1980,408.822779755471,43.0566059106658,24.2519933685956
Niger,NER,1981,343.386800706738,45.6518048733525,23.9046340885766
Niger,NER,1982,309.795062345471,44.2986446903422,23.9677903213073
Niger,NER,1983,268.772580748131,41.5805554859041,24.4809347122444
Niger,NER,1984,211.468807340699,35.7713392024181,24.2993605431436
Niger,NER,1985,202.372740665362,36.7428931027028,24.2993605431436
Niger,NER,1986,259.561894151866,34.7285399427785,24.6940869977106
Niger,NER,1987,295.326253933298,35.2108480035791,24.4825136180627
Niger,NER,1988,292.587878484489,35.350410607689,24.7098760558933
Niger,NER,1989,271.266557931133,34.0716250084348,24.7927686113523
Niger,NER,1990,423.887460599302,29.4422483658217,26.0890502881503
Niger,NER,1991,384.44311679922,31.5808518727089,26.9242914660141
Niger,NER,1992,384.029657304316,33.1594097787814,27.630851819689
Niger,NER,1993,335.429581902384,34.0770925482674,27.630851819689
Niger,NER,1994,206.214617135856,31.1692941667387,27.630851819689
Niger,NER,1995,237.01998956862,30.7305809669819,28.4203047288229
Niger,NER,1996,239.494513213973,32.3287003295047,28.4203047288229
Niger,NER,1997,220.562957209,30.2325247290335,28.4203047288229
Niger,NER,1998,246.090855923026,35.4137809699145,28.4203047288229
Niger,NER,1999,228.271656116064,35.0025945777756,29.2097576379569
Niger,NER,2000,194.771959898935,36.5755600708745,29.2097576379569
Niger,NER,2001,205.417936120931,40.1819277330126,29.9992105470909
Niger,NER,2002,225.294391147438,41.3669351734986,29.9992105470909
Niger,NER,2003,265.225363452469,41.1955263001462,30.3244651456541
Niger,NER,2004,283.468281798296,37.3717285561201,30.3718323202021
Niger,NER,2005,318.643121918273,39.2805201285945,33.918844240941
Niger,NER,2006,333.345078419447,39.7450785783419,33.9377911107602
Niger,NER,2007,387.168065883301,37.094506437909,34.5638272677035
Niger,NER,2008,475.044955398162,38.7750062340041,34.5638272677035
Niger,NER,2009,461.131533961487,34.7848102748131,34.5638272677035
Niger,NER,2010,474.425692340831,35.8213879566765,34.7217178495303
Niger,NER,2011,510.75956176268,33.6467642815211,35.1164443040973
Niger,NER,2012,528.510104469655,33.6809938208632,35.3532801768375
Niger,NER,2013,552.103334363117,32.2350107295479,36.063787795058
Niger,NER,2014,565.30989731175,33.4290442343639,36.063787795058
Niger,NER,2015,485.662574175279,32.4169952714448,36.0740506828768
Niger,NER,2016,499.910520068193,37.2079514113705,36.6266677192705
Niger,NER,2017,529.929418934868,38.2607137093769,36.7845583010973
Niger,NER,2018,576.927536415462,37.6792191632916,36.7845583010973
Niger,NER,2019,541.265819870273,36.1554960959216,36.7845583010973
Niger,NER,2020,575.451340306915,38.8344569845244,36.786689823952
Niger,NER,2021,609.585703670137,38.1399427232346,36.7873213862793
Niger,NER,2022,613.614736429298,41.4571749267894,36.7877950580248
Niger,NER,2023,647.930108509567,43.9880889564123,36.7873213862793
Nigeria,NGA,1981,2162.20995436075,12.240409246888,62.1990184129912
Nigeria,NGA,1982,1821.53265482387,13.5026901414336,62.3186973659651
Nigeria,NGA,1983,1207.07374565349,14.9907328930728,62.4372783468933
Nigeria,NGA,1984,890.434106332302,18.3083606550373,62.7743557649022
Nigeria,NGA,1985,868.640540548893,18.227639967623,63.1136291270024
Nigeria,NGA,1986,628.248453718536,18.0204251588741,63.3420073124938
Nigeria,NGA,1987,587.956613434089,20.5521063242771,63.4331389922813
Nigeria,NGA,1988,539.539468397166,23.3716488476568,63.6428516529969
Nigeria,NGA,1989,465.488089532188,21.2755973365002,63.7932738232485
Nigeria,NGA,1990,556.376449130902,21.5562632771079,64.4663306872207
Nigeria,NGA,1991,596.938795710722,20.8852831060192,65.2579685321212
Nigeria,NGA,1992,508.515905682785,20.3211588731035,66.5327140770996
Nigeria,NGA,1993,539.573202297542,23.4911304788674,66.9290819855727
Nigeria,NGA,1994,744.884247151377,25.1738487759527,67.9842331214247
Nigeria,NGA,1995,1271.61617353199,25.4865064493222,70.3569507120349
Nigeria,NGA,1996,1632.72469370276,26.1991591974906,70.5337242113816
Nigeria,NGA,1997,1720.27540949396,27.4166511440248,70.7093997386826
Nigeria,NGA,1998,1822.46998452473,27.9083713814094,71.59985506769
Nigeria,NGA,1999,480.669363941805,26.0284857101616,71.7634529024891
Nigeria,NGA,2000,547.318298903379,21.3572412972176,71.9259527652426
Nigeria,NGA,2001,566.428231812933,24.4753546604632,71.995169362188
Nigeria,NGA,2002,712.164852077686,36.9650826661797,72.1430518133008
Nigeria,NGA,2003,763.388745367223,33.8270605515687,72.2903834118383
Nigeria,NGA,2004,962.48104194733,27.2304536006497,72.4230531308673
Nigeria,NGA,2005,1211.37703504386,26.0892828250796,72.6784739286538
Nigeria,NGA,2006,1599.53891556365,24.7349912601339,72.4977041404526
Nigeria,NGA,2007,1815.52697545827,24.6625772142283,72.8559424443054
Nigeria,NGA,2008,2154.10543545364,25.2797507802655,72.9272921813411
Nigeria,NGA,2009,1820.48633854782,26.7488545066519,73.3103218156066
Nigeria,NGA,2010,2202.25672957344,23.8937040912791,73.4421967126717
Nigeria,NGA,2011,2418.41316975875,22.2347109931956,73.4914686474082
Nigeria,NGA,2012,2633.19734671361,21.8599586165277,73.755240730371
Nigeria,NGA,2013,2872.79083379398,20.7586228322439,73.5484116736388
Nigeria,NGA,2014,3088.72131316169,19.9902547680805,73.6946120315777
Nigeria,NGA,2015,2585.73360671797,20.6318934800012,73.9246242190674
Nigeria,NGA,2016,2070.4127339595,20.9831097083173,74.1530467626294
Nigeria,NGA,2017,1876.34027111773,20.8465714300542,74.3371732709685
Nigeria,NGA,2018,2057.87944554011,21.203773720121,74.7367722915775
Nigeria,NGA,2019,3189.81286496183,25.7349305728483,74.9047952831121
Nigeria,NGA,2020,2797.184580679,28.3454204381389,75.4191119602095
Nigeria,NGA,2021,2787.48779220991,29.3882780434873,75.6659597922637
Nigeria,NGA,2022,2899.16047469267,28.5515522200407,75.9658687703811
Nigeria,NGA,2023,2138.76383718757,27.7182912792899,76.1972932793131
North Macedonia,MKD,1992,1198.92829846257,14.4844107689827,51.3959889893826
North Macedonia,MKD,1993,1336.64775641463,10.0233975543522,51.0027526543453
North Macedonia,MKD,1994,1786.35488334914,10.5767485064935,50.9634290208415
North Macedonia,MKD,1995,2355.24705371138,10.6109414450034,50.6095163193079
North Macedonia,MKD,1996,2306.53366957635,10.6676810008998,50.7274872198191
North Macedonia,MKD,1997,1959.56073782188,10.4323128542443,50.452221785293
North Macedonia,MKD,1998,1875.81662735988,10.8617164743112,50.7668108533229
North Macedonia,MKD,1999,1915.39281060996,10.5176831159852,50.4128981517892
North Macedonia,MKD,2000,1861.89899780644,10.0962814603895,48.5646873771136
North Macedonia,MKD,2001,1823.02267682636,9.74511971409667,48.8399528116398
North Macedonia,MKD,2002,1989.13537265159,10.1701207745349,52.4577270939835
North Macedonia,MKD,2003,2445.36286400013,11.5387764520235,51.1600471883602
North Macedonia,MKD,2004,2818.5814561242,11.5539948572935,49.6264254817145
North Macedonia,MKD,2005,3120.98401394233,9.73619454882038,48.2894219425875
North Macedonia,MKD,2006,3440.4411057968,8.98936805638514,48.1321274085726
North Macedonia,MKD,2007,4204.11328760452,8.93241688545385,42.6476416963932
North Macedonia,MKD,2008,5026.4202989873,11.4435151485936,42.1323820848197
North Macedonia,MKD,2009,4799.78722768888,10.3701684908181,40.1665344964314
North Macedonia,MKD,2010,4833.36586759968,10.1206048077275,44.3695479777954
North Macedonia,MKD,2011,5416.86672931659,9.35099292094117,44.3298969072165
North Macedonia,MKD,2012,5049.8265386157,9.10471970396591,50.2379064234734
North Macedonia,MKD,2013,5626.26115664893,10.0274760854448,49.9603489294211
North Macedonia,MKD,2014,5925.38592218015,10.1775672771312,50.0
North Macedonia,MKD,2015,5262.68671928674,9.72691849418736,50.0396510705789
North Macedonia,MKD,2016,5598.48622617967,9.17290831294816,50.1586042823156
North Macedonia,MKD,2017,5955.2973863451,7.87324504211252,50.1982553528945
North Macedonia,MKD,2018,6713.98925398989,8.47039846991427,50.1189532117367
North Macedonia,MKD,2019,6718.85826635458,8.13229139447626,50.1586042823156
North Macedonia,MKD,2020,6659.59651070776,8.56905928759264,50.0396510705789
North Macedonia,MKD,2021,7620.80296977508,7.14748884425831,49.9603489294211
North Macedonia,MKD,2022,7606.2375253797,7.27988785468163,49.8413957176844
North Macedonia,MKD,2023,8674.35846327485,6.2308866977397,49.6034892942109
Norway,NOR,1970,3290.57877867639,5.12530599251347,2.61195255774222
Norway,NOR,1971,3721.02526677458,5.09587704318126,2.54898095519707
Norway,NOR,1972,4394.5879226684,4.60700799156933,2.49148514417759
Norway,NOR,1973,5664.19042060684,4.46547298759934,2.4750577696006
Norway,NOR,1974,6783.35338935005,4.41181380503082,2.4668440823121
Norway,NOR,1975,8170.69776714575,4.132825373082,2.4586303950236
Norway,NOR,1976,8895.7022645797,4.41955308120168,2.45315460349794
Norway,NOR,1977,10230.160816144,4.45016667120812,2.46136829078643
Norway,NOR,1978,11421.4699303169,4.24423485259987,2.46410618654927
Norway,NOR,1979,12998.2915999562,3.79412993524128,2.61195255774222
Norway,NOR,1980,15707.9683777553,3.64090074515272,2.56267043401124
Norway,NOR,1981,15462.7834538319,3.63096170601056,2.56267043401124
Norway,NOR,1982,15177.7873936039,3.42939509866675,2.57909780858823
Norway,NOR,1983,14876.7583997781,2.96968723221937,2.58731149587673
Norway,NOR,1984,14943.1398958054,3.08048799809871,2.61195255774222
Norway,NOR,1985,15704.0849927239,2.8685278861864,2.62016624503072
Norway,NOR,1986,18822.0644903098,3.13881939978656,2.65302099418471
Norway,NOR,1987,22430.2488269377,3.20731547347177,2.65575888994754
Norway,NOR,1988,24111.6310594146,3.09814652435521,2.67218626452454
Norway,NOR,1989,24184.8126093052,2.91672865086955,2.71325470096702
Norway,NOR,1990,28137.4837293741,2.99520788156239,2.67218626452454
Norway,NOR,1991,28427.2524217324,2.92806586206501,2.76527472046084
Norway,NOR,1992,30328.210916818,2.64470625515239,2.74610945012102
Norway,NOR,1993,27792.6599198329,2.625477993199,2.77348840774934
Norway,NOR,1994,29129.7350937014,2.62027688949657,2.82003263571749
Norway,NOR,1995,34658.6948344762,2.60577028558891,3.08560852471225
Norway,NOR,1996,37072.6000316602,2.24211907886887,3.09929800352641
Norway,NOR,1997,36324.1473513598,2.07909245122986,2.84193580182015
Norway,NOR,1998,34515.8977194734,2.22092632323225,2.86657686368565
Norway,NOR,1999,36151.4491624485,2.00779462134563,2.84193580182015
Norway,NOR,2000,37991.8907576589,1.74747597162274,2.85288738487148
Norway,NOR,2001,38458.2530907659,1.50280803496494,2.86657686368565
Norway,NOR,2002,43048.288735011,1.41147581449175,2.86383896792281
Norway,NOR,2003,50208.0960234078,1.18621089152231,2.84741159334582
Norway,NOR,2004,57854.5698169407,1.26587226467111,2.84741159334582
Norway,NOR,2005,67358.3615969796,1.29855565402287,2.83646001029449
Norway,NOR,2006,75047.741700385,1.30269200129636,2.83372211453166
Norway,NOR,2007,86600.2387607877,1.12818251716599,2.82550842724316
Norway,NOR,2008,99001.5300678626,1.01452813605667,2.80579557775076
Norway,NOR,2009,81939.726548458,1.15793167117956,2.77693815641051
Norway,NOR,2010,90020.342257973,1.43735583964105,2.75404934783323
Norway,NOR,2011,103545.218988177,1.21405066122744,2.73515786706969
Norway,NOR,2012,104627.93694681,0.991694683877473,2.71818291334012
Norway,NOR,2013,106333.138368566,1.15423267492879,2.70359004539183
Norway,NOR,2014,100410.020200979,1.2824764519382,2.7026523658753
Norway,NOR,2015,77220.9524311414,1.36267847454537,2.70004137564292
Norway,NOR,2016,73222.4006864905,1.88806883866435,2.69388608214041
Norway,NOR,2017,78771.2151264554,1.77206243765106,2.69802778789613
Norway,NOR,2018,85579.0776455494,1.66053367321766,2.70133768638321
Norway,NOR,2019,79329.3075190012,1.61597276444378,2.69589201685045
Norway,NOR,2020,71057.5879471399,1.66758075208392,2.70656765993659
Norway,NOR,2021,96442.5552173002,1.45805904148152,2.70403821341313
Norway,NOR,2022,113122.130765691,1.51756476583542,2.70403821341313
Norway,NOR,2023,90984.4087141111,1.64416506232656,2.69580256403217
Oman,OMN,1961,84.5311646369716,74.2331288343558,3.34410339256866
Oman,OMN,1962,102.325889863048,61.1940298507463,3.34410339256866
Oman,OMN,1963,106.829311959455,60.2803738317757,3.34410339256866
Oman,OMN,1964,108.059747071369,60.1809954751131,3.34733441033926
Oman,OMN,1965,108.127276326149,60.6194690265487,3.34733441033926
Oman,OMN,1966,113.158851470616,58.6776859504132,3.34733441033926
Oman,OMN,1967,174.708442422448,36.8556701030928,3.35379644588045
Oman,OMN,1968,300.382394498902,19.1867852604828,3.36025848142165
Oman,OMN,1969,371.945677290612,16.1,3.36025848142165
Oman,OMN,1970,386.792712839023,15.5430711610487,3.36672051696284
Oman,OMN,1971,441.935384423256,13.4292565947242,3.36672051696284
Oman,OMN,1972,523.675726630998,12.0738636363636,3.37318255250404
Oman,OMN,1973,669.829529995212,9.85832349468713,3.37641357027464
Oman,OMN,1974,2203.40591346986,3.23658751099384,3.37964458804523
Oman,OMN,1975,2691.99653514052,2.78928511312968,3.38287560581583
Oman,OMN,1976,3142.52717836645,2.06943345018659,3.38610662358643
Oman,OMN,1977,3204.86972958061,2.54541586972794,3.38933764135703
Oman,OMN,1978,3043.75121036129,3.2435284475934,3.39579967689822
Oman,OMN,1979,3933.50510857105,3.12524234199302,3.39579967689822
Oman,OMN,1980,5974.30434611467,2.54585934853105,3.39579967689822
Oman,OMN,1981,6865.58482819779,2.47676773913103,3.39579967689822
Oman,OMN,1982,6759.29870293907,2.53314928592208,3.39579967689822
Oman,OMN,1983,6714.19125910699,2.93806354020452,3.40872374798061
Oman,OMN,1984,7070.07295804885,2.92100167383242,3.421647819063
Oman,OMN,1985,7548.69588410284,2.77207103133977,3.4281098546042
Oman,OMN,1986,5181.87980290561,3.42781558323567,3.44749596122779
Oman,OMN,1987,5203.99994065839,3.50935617997457,3.45718901453958
Oman,OMN,1988,5279.10411437183,3.83315242673283,3.46688206785137
Oman,OMN,1989,5591.22723847558,3.24952824952825,3.47980613893376
Oman,OMN,1990,7545.70305230441,2.27050685841573,3.48949919224556
Oman,OMN,1991,6977.3285922345,2.3112077469751,3.48949919224556
Oman,OMN,1992,7317.78815838166,2.05002200381399,3.49919224555735
Oman,OMN,1993,7038.9301587736,2.10358944367278,3.46365105008078
Oman,OMN,1994,7068.38996979073,2.22340049487451,3.46365105008078
Oman,OMN,1995,7414.30279204109,2.43664394891815,3.46042003231018
Oman,OMN,1996,8068.00076784612,2.1984427074771,3.46042003231018
Oman,OMN,1997,8234.64063759005,2.29949684990557,3.45718901453958
Oman,OMN,1998,7219.02932432025,2.79786026908737,3.46042003231018
Oman,OMN,1999,7915.44169380534,2.58141671649627,3.46042003231018
Oman,OMN,2000,9753.84755185404,1.96522877038837,3.78998384491115
Oman,OMN,2001,9611.96360191054,2.04495145289936,3.79192245557351
Oman,OMN,2002,9869.13050219438,2.02622706822871,4.11437802907916
Oman,OMN,2003,10463.5425832141,1.9295275549153,4.43618739903069
Oman,OMN,2004,11800.8507411171,1.68992915860957,4.75605815831987
Oman,OMN,2005,14434.8577924647,1.41513580029885,4.73344103392569
Oman,OMN,2006,16930.8565071853,1.22533000226008,4.72697899838449
Oman,OMN,2007,18792.653772482,1.20022615297633,4.73344103392569
Oman,OMN,2008,26576.779241509,0.973923151725602,4.70823909531502
Oman,OMN,2009,20655.9180249218,1.28833463870819,4.69919224555735
Oman,OMN,2010,23570.1798147325,1.24729891956783,4.66300484652666
Oman,OMN,2011,25188.0074151885,1.10041680929465,4.64232633279483
Oman,OMN,2012,24642.2978768596,1.01551086474633,4.60032310177706
Oman,OMN,2013,23458.0233840053,1.14226556083793,4.58642972536349
Oman,OMN,2014,23160.6502252547,1.11270719472095,4.58739903069467
Oman,OMN,2015,18808.3077921839,1.72976080728779,4.63327948303716
Oman,OMN,2016,17110.1897460545,1.98532211721536,4.63974151857835
Oman,OMN,2017,17820.0661809335,1.98459925247834,4.68794830371567
Oman,OMN,2018,19901.7615642016,1.84942019099591,4.71369951534733
Oman,OMN,2019,19180.1864152801,1.99471933938581,4.71369951534733
Oman,OMN,2020,16784.8630630058,2.46923308847714,4.71382875605816
Oman,OMN,2021,19403.4600160211,2.39218489397188,4.73738287560582
Oman,OMN,2022,23223.5829405935,2.10827114663434,4.73738287560582
Oman,OMN,2023,21027.7384572657,2.41559858874993,4.75518578352181
Pakistan,PAK,1961,87.7778246966181,41.7274256870443,46.3496264009963
Pakistan,PAK,1962,89.5039525753413,40.0292326431181,46.4923204649232
Pakistan,PAK,1963,93.6508728613463,38.8400145111555,46.5442092154421
Pakistan,PAK,1964,102.45976384531,38.3240539013959,47.1603881278539
Pakistan,PAK,1965,113.567206414596,36.9683017531433,48.3019406392694
Pakistan,PAK,1966,122.229353754713,33.8368966841634,48.5354400166044
Pakistan,PAK,1967,135.190474942968,35.0531705395825,48.6067870485679
Pakistan,PAK,1968,141.558306459346,36.5416753707959,48.2176214196762
Pakistan,PAK,1969,148.528512990071,33.9500350673535,46.3107098381071
Pakistan,PAK,1970,166.662061958389,33.4317605914012,46.5247509339975
Pakistan,PAK,1971,172.453662202274,31.9662932409285,46.0318078040681
Pakistan,PAK,1972,148.073976270617,32.8022972948256,46.0577521793275
Pakistan,PAK,1973,97.5136425928243,32.4586617673206,47.2187629721876
Pakistan,PAK,1974,132.005156607293,31.8766883839186,46.362598588626
Pakistan,PAK,1975,161.681774899518,30.1601863594254,46.7452781237028
Pakistan,PAK,1976,183.859733422347,29.4084256389801,46.3262764632628
Pakistan,PAK,1977,204.677762649367,29.3613270294094,46.5870174346202
Pakistan,PAK,1978,233.41799161409,28.6768291991335,47.2408156911582
Pakistan,PAK,1979,249.229389957057,27.7798014519149,47.1370381901204
Pakistan,PAK,1980,287.448707270022,26.5455057883072,48.5367372353674
Pakistan,PAK,1981,327.505069961745,27.4622927720025,47.3536737235367
Pakistan,PAK,1982,344.889792466995,28.447767916362,49.954597343296
Pakistan,PAK,1983,311.098361356703,27.2732012942284,47.2304379410544
Pakistan,PAK,1984,327.345625152291,24.9045978818586,48.645703611457
Pakistan,PAK,1985,317.063499386432,25.6891245920319,48.1501660440017
Pakistan,PAK,1986,313.946324043906,25.032651030451,46.1433686176837
Pakistan,PAK,1987,317.23867416111,23.6354521301218,47.5703092569531
Pakistan,PAK,1988,353.85454278549,23.1533234920912,45.8527916147779
Pakistan,PAK,1989,357.595796105007,23.9136337358476,46.5182648401827
Pakistan,PAK,1990,344.45547384189,23.0670733915693,45.6698837691988
Pakistan,PAK,1991,380.019843346229,22.8424456202234,45.7529057700291
Pakistan,PAK,1992,395.67720859593,23.3100129190967,45.895599833956
Pakistan,PAK,1993,407.888140688466,22.1979399670103,46.3755707762557
Pakistan,PAK,1994,399.955927561352,22.7528245238533,46.4274595267746
Pakistan,PAK,1995,450.550279346206,23.4218793711634,46.733603154836
Pakistan,PAK,1996,456.996961832943,23.1957958147755,46.92299709423
Pakistan,PAK,1997,438.030942680153,24.4842507882018,47.5677148194271
Pakistan,PAK,1998,424.453697798497,25.3031382672009,47.6857617268576
Pakistan,PAK,1999,418.249257055367,25.169285514224,47.6805728518057
Pakistan,PAK,2000,642.338346499898,25.3871360412975,47.6053341635533
Pakistan,PAK,2001,609.939506905073,24.1449605032819,47.9607721046077
Pakistan,PAK,2002,599.937345723927,22.7026275435674,47.8466168534662
Pakistan,PAK,2003,672.44178669894,22.1519373367714,47.7921336654213
Pakistan,PAK,2004,771.902247348954,22.0018900085347,46.7582503113325
Pakistan,PAK,2005,827.619861189926,21.5745096992331,46.6544728102947
Pakistan,PAK,2006,900.873564984808,20.4183460540925,46.875
Pakistan,PAK,2007,998.090114197524,19.9379514329097,46.7167393109174
Pakistan,PAK,2008,1067.04324565284,20.351365282755,45.8086861768369
Pakistan,PAK,2009,963.788066395225,21.7869229749534,45.7619863013699
Pakistan,PAK,2010,987.304571124485,22.6888101741789,45.7165836446658
Pakistan,PAK,2011,1131.73513834324,23.819642978628,46.6168534661685
Pakistan,PAK,2012,1204.36475491585,23.3861955340345,46.781600249066
Pakistan,PAK,2013,1225.4340119198,23.7075945934908,47.063096720631
Pakistan,PAK,2014,1266.61340849959,23.4927320097855,47.0267745952677
Pakistan,PAK,2015,1380.47020838317,23.2628407756242,46.9619136571191
Pakistan,PAK,2016,1424.69161195897,22.3283302035697,47.7298671647987
Pakistan,PAK,2017,1519.23459514248,21.9632035366872,48.0009858862599
Pakistan,PAK,2018,1569.33814626355,21.6512353593957,47.9361249481112
Pakistan,PAK,2019,1390.41690981745,20.6778713222887,47.0553134080531
Pakistan,PAK,2020,1278.39735206896,21.8541325548966,47.572903694479
Pakistan,PAK,2021,1455.31922370186,22.6625080760743,46.7180365296804
Pakistan,PAK,2022,1538.3228133171,22.3268646996031,46.6311228725612
Pakistan,PAK,2023,1360.32417758419,23.426703596366,46.6933893731839
Palau,PLW,2000,7798.07510558974,3.88969726667081,9.34782608695652
Palau,PLW,2001,8239.26386807565,3.68688544012534,9.34782608695652
Palau,PLW,2002,8340.18965031021,3.82518689918059,9.34782608695652
Palau,PLW,2003,7862.39286077623,3.85677954330824,9.34782608695652
Palau,PLW,2004,8393.73029137235,3.89357694111331,9.34782608695652
Palau,PLW,2005,9367.68615343862,4.20003058376016,9.34782608695652
Palau,PLW,2006,9737.01943934058,4.79302000736296,9.34782608695652
Palau,PLW,2007,10155.0470806134,4.0877959609445,9.34782608695652
Palau,PLW,2008,10471.1510008417,4.2678050963537,9.34782608695652
Palau,PLW,2009,9837.49883077663,4.23320289137152,9.34782608695652
Palau,PLW,2010,10018.065238367,4.07759784493199,9.34782608695652
Palau,PLW,2011,10795.639900708,3.99593001671915,9.34782608695652
Palau,PLW,2012,12098.4124331551,3.84928374731951,9.34782608695652
Palau,PLW,2013,12820.5931621147,3.97466910847905,9.34782608695652
Palau,PLW,2014,13854.730278013,3.53052555144249,9.34782608695652
Palau,PLW,2015,15938.3652222848,3.03306826116009,9.34782608695652
Palau,PLW,2016,17043.6660673147,3.06745750963587,9.34782608695652
Palau,PLW,2017,16280.241199753,3.47557518597223,9.34782608695652
Palau,PLW,2018,16179.877834849,3.45833441302561,9.34782608695652
Palau,PLW,2019,15841.8923474548,3.39002106726629,9.34782608695652
Palau,PLW,2020,14556.30954221,3.30964015590861,9.34782608695652
Palau,PLW,2021,13267.4877340719,3.4153792011821,9.34782608695652
Palau,PLW,2022,13934.951996171,3.30414723150432,9.34782608695652
Palau,PLW,2023,15578.3497630733,3.04695793397719,9.34782608695652
Panama,PAN,1970,892.890877487492,10.8275356800678,22.652676889965
Panama,PAN,1971,979.3302533737,10.5711255178431,23.0427764326069
Panama,PAN,1972,1046.06341222824,10.019560637708,23.4463276836158
Panama,PAN,1973,1164.32745834068,9.47875564833696,23.7153618509551
Panama,PAN,1974,1296.44759308169,8.27174845072055,24.0112994350282
Panama,PAN,1975,1405.74899748267,8.28283827058805,24.2937853107345
Panama,PAN,1976,1456.50009707727,8.76046807974635,24.5762711864407
Panama,PAN,1977,1503.26503409472,9.44093404652053,24.8722087705139
Panama,PAN,1978,1738.48763684081,8.72367661967948,24.8856604788808
Panama,PAN,1979,1937.98107506361,8.05624896681153,24.9125638956147
Panama,PAN,1980,2357.09131999751,7.40376036304825,24.9529190207156
Panama,PAN,1981,2605.45529924397,7.25213198513372,25.3161151466236
Panama,PAN,1982,2811.40643706411,6.76074682310878,25.7465698143664
Panama,PAN,1983,2819.35128451397,7.23427682089331,26.1097659402744
Panama,PAN,1984,2874.94832112227,6.75708949226226,26.4460586494485
Panama,PAN,1985,2972.18070666064,6.86477606242136,26.8361581920904
Panama,PAN,1986,3019.48150533575,7.33706185420056,27.1724509012645
Panama,PAN,1987,2966.00967866653,7.4197837436466,27.5087436104385
Panama,PAN,1988,2508.78229277879,7.96047335905973,27.8450363196126
Panama,PAN,1989,2462.11022455924,8.50386023765805,28.2485875706215
Panama,PAN,1990,2620.13827266274,8.07413528853971,28.5714285714286
Panama,PAN,1991,2820.54547665418,7.65627624899545,28.7059456550982
Panama,PAN,1992,3139.89952899581,6.91969326281835,28.9211729889696
Panama,PAN,1993,3358.41411740053,6.59005946016762,28.9211729889696
Panama,PAN,1994,3508.19570069218,6.46078992665021,28.7193973634652
Panama,PAN,1995,3513.89737854631,6.48593360449452,28.6790422383643
Panama,PAN,1996,3308.18429574276,6.86221661915577,28.6790422383643
Panama,PAN,1997,3545.97670881078,6.64688217377915,28.7866559053
Panama,PAN,1998,3807.83869182014,6.661808213954,28.9077212806026
Panama,PAN,1999,3950.34145012809,6.13051536987713,29.0153349475383
Panama,PAN,2000,3975.09308659503,6.31213545618237,29.9973096583266
Panama,PAN,2001,3991.7767076924,6.69523033894416,30.137207425343
Panama,PAN,2002,4090.58617397129,6.61481084465062,30.1022329835889
Panama,PAN,2003,4264.66428846636,6.71919032928103,30.0672585418348
Panama,PAN,2004,4644.56582353041,6.20690447123381,30.0322841000807
Panama,PAN,2005,5017.7410922824,5.72339051926946,29.9973096583266
Panama,PAN,2006,5528.76705469354,5.29180834772909,29.9219800914716
Panama,PAN,2007,6317.81730274124,4.7526485380607,30.0215227333871
Panama,PAN,2008,7347.59050324397,4.44423048452242,29.986548291633
Panama,PAN,2009,7796.92617035048,3.78306123386363,30.0188323917137
Panama,PAN,2010,8331.46421351868,3.63600328993314,30.4868173258004
Panama,PAN,2011,9662.29592216607,3.27922461816528,30.4412160344364
Panama,PAN,2012,11064.8063606203,3.12877687887502,30.3066989507667
Panama,PAN,2013,12273.3225037637,3.05395074897129,30.1721818670971
Panama,PAN,2014,13213.1989637473,2.98667755648831,30.1268213707501
Panama,PAN,2015,14082.6548502728,2.94961630201192,29.9919050188883
Panama,PAN,2016,14832.3611608191,2.78054588931133,29.8569886670264
Panama,PAN,2017,15694.6297454295,2.57262188471475,29.7220723151646
Panama,PAN,2018,16151.3273478476,2.44618170062367,29.563224588838
Panama,PAN,2019,16477.9066285687,2.45508077795197,29.4284173631707
Panama,PAN,2020,13290.5608347594,3.06418840436243,29.3084389323268
Panama,PAN,2021,15509.8069109784,2.80289215776646,29.4057158263683
Panama,PAN,2022,17378.6070083597,2.60370307107068,29.4057158263683
Panama,PAN,2023,18797.1933894611,2.49627490786682,29.522326772715
Papua New Guinea,PNG,1961,119.656325913849,49.0393412625801,1.11955129620633
Papua New Guinea,PNG,1962,124.734548848091,47.3842195540309,1.14163317581593
Papua New Guinea,PNG,1963,128.874165095194,44.0340909090909,1.15046592765976
Papua New Guinea,PNG,1964,139.518603886501,42.5531914893617,1.21450337852758
Papua New Guinea,PNG,1965,153.93728254876,41.5880247315327,1.21450337852758
Papua New Guinea,PNG,1966,171.054558569102,41.3348610713263,1.2078788146447
Papua New Guinea,PNG,1967,188.972036608059,41.9624640054604,1.25425076182485
Papua New Guinea,PNG,1968,202.937753394767,42.8901101361703,1.29620633308307
Papua New Guinea,PNG,1969,225.288234672395,41.812288424335,1.34037009230226
Papua New Guinea,PNG,1970,257.647270580834,37.1790358814997,1.37790928763856
Papua New Guinea,PNG,1971,279.669733884528,34.4854906835513,1.43090579870159
Papua New Guinea,PNG,1972,326.720237042343,32.3804346871153,1.45298767831118
Papua New Guinea,PNG,1973,482.816252421415,28.2059691702197,1.4949432495694
Papua New Guinea,PNG,1974,533.088651774956,27.9957057615181,1.5545643245153
Papua New Guinea,PNG,1975,481.950394020557,29.7018334459133,1.60314445965641
Papua New Guinea,PNG,1976,525.433235600649,31.7036569083645,1.64510003091463
Papua New Guinea,PNG,1977,558.015016249782,32.9842125529457,1.6738064744071
Papua New Guinea,PNG,1978,648.490112781654,36.0272213773626,1.72901117343108
Papua New Guinea,PNG,1979,747.800949082904,33.8600983792663,1.75109305304067
Papua New Guinea,PNG,1980,812.964617578981,33.1186581581875,1.75992580488451
Papua New Guinea,PNG,1981,781.41257446286,33.3928027599334,1.77317493265027
Papua New Guinea,PNG,1982,725.645992789394,32.4262520009147,1.75550942896259
Papua New Guinea,PNG,1983,768.636364904269,32.6767841306884,1.74888486507972
Papua New Guinea,PNG,1984,749.637059926778,37.3675704160278,1.7820076844941
Papua New Guinea,PNG,1985,696.574806636325,33.7651114324858,1.82837963167425
Papua New Guinea,PNG,1986,744.908522742949,32.1890914745558,1.89020889458111
Papua New Guinea,PNG,1987,865.468569563314,29.8637119386088,1.90345802234686
Papua New Guinea,PNG,1988,984.993556016427,29.1473455096054,1.95866272137084
Papua New Guinea,PNG,1989,934.246494854331,28.1150474439374,2.00061829262907
Papua New Guinea,PNG,1990,826.317152082832,28.9740589038424,2.04919842777017
Papua New Guinea,PNG,1991,941.707721616563,25.9790326159308,2.06023936757497
Papua New Guinea,PNG,1992,1050.7071689258,24.4731233720104,2.0801130592236
Papua New Guinea,PNG,1993,1151.28388116601,27.5667235109203,2.14415051009142
Papua New Guinea,PNG,1994,1228.24343638772,32.3635245827532,2.15960782581813
Papua New Guinea,PNG,1995,998.229967376131,33.8127754370672,2.19493883319348
Papua New Guinea,PNG,1996,1071.04185150251,31.6452529177153,2.24351896833458
Papua New Guinea,PNG,1997,989.721550965343,35.0330527148426,2.2589762840613
Papua New Guinea,PNG,1998,733.479860137662,33.692142088267,2.34951199046063
Papua New Guinea,PNG,1999,649.994719718763,34.2572664869396,2.38705118579693
Papua New Guinea,PNG,2000,635.957919047725,33.9663920787198,2.40250850152365
Papua New Guinea,PNG,2001,537.847459634131,34.411280936487,2.41354944132845
Papua New Guinea,PNG,2002,506.331789534482,37.9906481918408,2.43563132093804
Papua New Guinea,PNG,2003,577.467922387259,38.3485879322483,2.44667226074283
Papua New Guinea,PNG,2004,620.596147680561,35.9686628123206,2.47979508015722
Papua New Guinea,PNG,2006,1238.18282926706,20.4032370575395,2.54162434306408
Papua New Guinea,PNG,2007,1370.753415829,19.608590823475,2.6763238086826
Papua New Guinea,PNG,2008,1624.79319935188,20.1748721590487,2.74919401139425
Papua New Guinea,PNG,2009,1568.83193368607,21.6434677774704,2.79777414653535
Papua New Guinea,PNG,2010,1866.86889851208,19.6083870979546,2.79777414653535
Papua New Guinea,PNG,2011,2288.37591141234,19.1997113715188,2.83972971779358
Papua New Guinea,PNG,2012,2635.0873631547,19.2739507668723,2.83972971779358
Papua New Guinea,PNG,2013,2560.77458976327,19.2600193533343,2.83972971779358
Papua New Guinea,PNG,2014,2723.17529825196,17.6919442750767,2.8816852890518
Papua New Guinea,PNG,2015,2484.5963398603,17.4569301700841,2.91922448438811
Papua New Guinea,PNG,2016,2316.39479758492,17.8663404294926,2.93247361215387
Papua New Guinea,PNG,2017,2477.76530986323,17.649568905745,3.10250408514773
Papua New Guinea,PNG,2018,2566.36833735041,16.9738355202322,3.10250408514773
Papua New Guinea,PNG,2019,2575.77274140393,16.9764457469667,3.10250408514773
Papua New Guinea,PNG,2020,2429.61134585269,18.7553254780877,3.10250408514773
Papua New Guinea,PNG,2021,2607.97769973161,18.9898815838299,3.10250408514773
Papua New Guinea,PNG,2022,3102.29409730005,16.9085678890435,3.10250408514773
Papua New Guinea,PNG,2023,2966.06455045333,16.959612272756,3.10250408514773
Paraguay,PRY,1962,182.805194132375,37.0027283928886,26.4384596023156
Paraguay,PRY,1963,189.872423489268,38.1977176879186,26.6901585703499
Paraguay,PRY,1964,196.973355774177,37.574827023245,26.9770953939089
Paraguay,PRY,1965,208.729579506696,36.7082945680956,27.2413793103448
Paraguay,PRY,1966,213.947608399441,35.6836223638036,27.5106972061415
Paraguay,PRY,1967,220.930909757875,32.8962417642605,27.7170903599295
Paraguay,PRY,1968,226.80197812329,32.4911075677665,27.9134155549962
Paraguay,PRY,1969,238.242208450243,32.5538926854322,28.1198087087843
Paraguay,PRY,1970,248.996708209079,32.065775950668,28.3262018625724
Paraguay,PRY,1971,272.082440745597,33.1983854017388,28.5325950163604
Paraguay,PRY,1972,307.630516228445,34.4637199558303,28.7389881701485
Paraguay,PRY,1973,388.712259813059,37.7017945263359,28.9428643342562
Paraguay,PRY,1974,507.87047971714,35.2972020689462,29.441228290964
Paraguay,PRY,1975,561.522396286823,36.906305956238,29.9496602063932
Paraguay,PRY,1976,615.825049934218,34.5500749758256,30.4580921218223
Paraguay,PRY,1977,739.83449409653,34.1126352366357,30.941354140448
Paraguay,PRY,1978,882.931919341442,32.0674516807114,31.4497860558772
Paraguay,PRY,1979,1148.89527317637,31.3957269682287,31.9330480745029
Paraguay,PRY,1980,1456.84406918803,29.4645995514391,32.441479989932
Paraguay,PRY,1981,1792.61496129399,27.7673281227732,32.9650138434432
Paraguay,PRY,1982,1679.81843739033,25.866303050038,33.256984646363
Paraguay,PRY,1983,1709.80484009501,24.7870379567815,33.5640573873647
Paraguay,PRY,1984,1319.23446766653,26.417788143677,33.8711301283665
Paraguay,PRY,1985,934.991981806694,25.5479901634897,34.1630606594513
Paraguay,PRY,1986,1031.15623781062,22.7074841520746,34.5047722124339
Paraguay,PRY,1987,1068.95380287336,21.6366264425192,34.7941933048075
Paraguay,PRY,1988,1113.89406863138,22.5807464352358,35.0867757362195
Paraguay,PRY,1989,1211.29634333964,21.110367419512,35.3965844450038
Paraguay,PRY,1990,1440.15829610029,18.6019358904464,35.8757543418072
Paraguay,PRY,1991,1685.26890082621,16.0012443974321,36.313220236597
Paraguay,PRY,1992,1682.67444777611,14.948957846145,37.1057679335515
Paraguay,PRY,1993,1661.70955306218,16.718912733494,37.4822776239617
Paraguay,PRY,1994,1760.28807083292,18.1637724837493,38.2343043040524
Paraguay,PRY,1995,1978.71514099575,18.4437831019194,38.9669098917694
Paraguay,PRY,1996,2088.17109102236,18.3650119540079,39.3389340548704
Paraguay,PRY,1997,2078.50841313824,16.4279737205061,39.7121764409766
Paraguay,PRY,1998,1889.88455618586,14.8009373095827,40.7082101686383
Paraguay,PRY,1999,1766.30657288259,14.004558328133,41.3510095645608
Paraguay,PRY,2000,1736.11729210765,12.8566577643255,41.8709622451548
Paraguay,PRY,2001,1637.68615122932,11.373317185727,42.4943204127863
Paraguay,PRY,2002,1367.76506935997,11.0096432644682,43.1283156305059
Paraguay,PRY,2003,1443.99885236205,13.0089432672836,43.6955454316637
Paraguay,PRY,2004,1786.21533938543,13.9333504941588,44.2363521268563
Paraguay,PRY,2005,1970.87169852378,12.7139528266327,44.7846566826076
Paraguay,PRY,2006,2439.43124694576,11.7935958026272,45.3439884218475
Paraguay,PRY,2007,3211.93621659546,12.7097347758464,45.8482028693682
Paraguay,PRY,2008,4384.9546943793,13.4176454912017,46.683370249182
Paraguay,PRY,2009,3941.84815479271,9.9479381560247,46.8934983639567
Paraguay,PRY,2010,4750.96273669322,13.0144797820733,47.4473657186006
Paraguay,PRY,2011,5805.40154543044,13.7962263457725,47.9879557009816
Paraguay,PRY,2012,5642.1699167298,10.0422288967986,48.5392985149761
Paraguay,PRY,2013,6435.68342733182,12.8648395783659,49.0869360684621
Paraguay,PRY,2014,6652.25478942291,11.7708565050207,49.6341485023911
Paraguay,PRY,2015,5879.33792308671,9.44042072521197,50.1495819280141
Paraguay,PRY,2016,5775.1596339946,10.6965134075242,50.6678494840171
Paraguay,PRY,2017,6152.26711537703,10.1848244821521,51.1846647369746
Paraguay,PRY,2018,6258.44991640954,9.95020338548856,51.7095343569091
Paraguay,PRY,2019,5821.18199548637,9.66747366416727,52.2353553989429
Paraguay,PRY,2020,5365.47220721191,10.7279902822115,52.7540030203876
Paraguay,PRY,2021,5974.9057185863,11.2827254343473,53.2711832368487
Paraguay,PRY,2022,6189.10205375331,10.9265749590137,54.1069405157129
Paraguay,PRY,2023,6303.26495017292,11.7050639471675,54.1069421552674
Peru,PER,1961,276.641400132003,19.156352543573,13.34765625
Peru,PER,1962,304.537817519843,18.1681628323099,13.459375
Peru,PER,1963,324.107404672837,17.0836716620485,13.85
Peru,PER,1964,380.965457465866,16.5074686262258,13.86484375
Peru,PER,1965,438.990796969303,16.0762812274743,13.92890625
Peru,PER,1966,504.825948542419,16.1567871402675,13.8703125
Peru,PER,1967,497.58475625699,16.8324801907322,13.87734375
Peru,PER,1968,447.99179719095,16.7097515525854,13.91328125
Peru,PER,1969,487.660318575547,16.001053632233,13.94375
Peru,PER,1970,550.484609442545,16.715619851144,14.0171875
Peru,PER,1971,599.041967615617,15.9605565515804,14.02421875
Peru,PER,1972,646.679686654992,15.0205883145278,14.50390625
Peru,PER,1973,753.924581161999,14.8742068598101,14.682036015625
Peru,PER,1974,926.57995047717,14.6100535903184,14.860165703125
Peru,PER,1975,1104.16133001287,14.8378883097983,15.03829546875
Peru,PER,1976,1026.41438542928,13.9689829039448,15.21642515625
Peru,PER,1977,902.860901025509,27.9433755557814,15.394554921875
Peru,PER,1978,756.347306761911,11.6586472094712,15.5726846875
Peru,PER,1979,942.176901705359,9.77495013627661,15.750814375
Peru,PER,1991,1527.38879472866,7.86239612014368,17.64787640625
Peru,PER,1992,1567.40910765128,7.81805040708602,17.585511328125
Peru,PER,1993,1487.67404314175,8.29164049726758,17.523146328125
Peru,PER,1994,1879.36657757919,8.41558546952191,17.46078125
Peru,PER,1995,2189.53431515311,8.03821624273467,17.53474953125
Peru,PER,1996,2226.91682429265,8.50404849342949,17.608717734375
Peru,PER,1997,2300.67200774461,8.04815854878797,17.6826859375
Peru,PER,1998,2156.39377651613,8.37833515800869,17.75665421875
Peru,PER,1999,1916.53397367908,8.26450173379097,17.830622421875
Peru,PER,2000,1945.41338451698,8.06937491693616,17.904590703125
Peru,PER,2001,1929.57273038846,7.89362669632438,17.97855890625
Peru,PER,2002,2007.37019626753,7.52396323647705,18.0525271875
Peru,PER,2003,2129.44114197634,7.31291934402482,18.126495390625
Peru,PER,2004,2397.25147277714,6.93443306205717,18.200463671875
Peru,PER,2005,2706.66947297608,6.85426462318893,18.274431875
Peru,PER,2006,3129.55996496982,6.60348433016044,18.34840015625
Peru,PER,2007,3581.0893081917,6.70580838491928,18.422368359375
Peru,PER,2008,4197.58444634142,7.16094114578461,18.496336640625
Peru,PER,2009,4181.18755462253,7.40390665571257,18.57030484375
Peru,PER,2010,5072.11494019615,6.82799723597835,18.644273125
Peru,PER,2011,5861.35793645245,7.10011013658205,18.718241328125
Peru,PER,2012,6519.37852981527,6.72523424077649,18.792209609375
Peru,PER,2013,6746.80025696601,6.66831016491401,18.76575328125
Peru,PER,2014,6667.13410360861,6.80424741378252,18.75578140625
Peru,PER,2015,6231.71150338894,7.04564405972046,18.995159375
Peru,PER,2016,6217.03599995447,6.93503461650105,18.75
Peru,PER,2017,6736.16693725487,6.77975956010925,18.945396875
Peru,PER,2018,6978.49121548627,6.88584285144097,18.82389765625
Peru,PER,2019,7037.00803692604,6.85303103477238,18.6431953125
Peru,PER,2020,6133.32552410183,7.7158463734968,19.125773046875
Peru,PER,2021,6828.53422535638,7.12023137308911,19.60835078125
Peru,PER,2022,7353.74598721667,7.17112273409977,19.05121875
Peru,PER,2023,7919.04634828547,7.22315955429279,19.05121875
Philippines,PHL,1961,283.794741192369,23.6453816548095,25.859987929994
Philippines,PHL,1962,166.689221357377,23.8050235723976,26.1248575068732
Philippines,PHL,1963,179.464434045296,24.4045616089742,26.3930798632066
Philippines,PHL,1964,188.153783582113,23.7597278373505,27.3318581103735
Philippines,PHL,1965,199.763575376063,24.2669861645514,27.2648025212902
Philippines,PHL,1966,213.849586020843,24.2495548613285,27.2580969623818
Philippines,PHL,1967,223.124766332659,24.4306398737826,27.8448333668611
Philippines,PHL,1968,242.232067627814,26.1283864573497,27.7643666599611
Philippines,PHL,1969,261.090890369413,26.7908574444179,27.6704888352444
Philippines,PHL,1970,200.921655645037,26.3588782659169,27.861597264132
Philippines,PHL,1971,217.429055093343,27.0528960689863,27.7576611010528
Philippines,PHL,1972,230.097611314044,26.2174506850867,28.2639307986321
Philippines,PHL,1973,283.228592733126,27.1991178494379,28.8233913422526
Philippines,PHL,1974,379.068181207602,27.6300031133891,29.7193064824441
Philippines,PHL,1975,400.638883090952,26.9446902223849,30.8280511117819
Philippines,PHL,1976,448.620084504484,25.91656232506,32.4445785961029
Philippines,PHL,1977,502.23424288346,25.3814929310542,33.8397558439816
Philippines,PHL,1978,565.267487053598,24.9110577412843,34.007445417044
Philippines,PHL,1979,666.956386771672,24.1817325811521,34.8593084482007
Philippines,PHL,1980,766.969451146209,22.0315834069677,35.6340342757487
Philippines,PHL,1981,821.293256858092,21.8080621819015,35.7849548915048
Philippines,PHL,1982,832.536200258054,20.4230485292463,36.0197202937921
Philippines,PHL,1983,723.430497138016,19.5239809608368,36.153871952242
Philippines,PHL,1984,665.042349344043,21.6852969541723,36.2880236106919
Philippines,PHL,1985,633.211065310196,21.5944650234403,36.5898648422041
Philippines,PHL,1986,600.002843935462,21.0293839086533,36.8246302444914
Philippines,PHL,1987,649.812857590607,21.0794353560415,36.9587819029413
Philippines,PHL,1988,722.343718454247,20.110454501016,37.0929335613911
Philippines,PHL,1989,791.864324425833,19.8651101063321,37.227085219841
Philippines,PHL,1990,803.572588255813,19.1598428879723,37.3612368782909
Philippines,PHL,1991,804.323330530547,18.3384614659452,37.4182513331321
Philippines,PHL,1992,916.515694532029,19.1073217284293,37.2773920917597
Philippines,PHL,1993,918.642953796961,18.9079534983303,37.1097025186974
Philippines,PHL,1994,1059.9838951587,19.2600358538901,36.942012945635
Philippines,PHL,1995,1199.84171414993,18.9251458784336,36.942012945635
Philippines,PHL,1996,1311.09249403865,18.0136454030734,37.2438541771473
Philippines,PHL,1997,1273.27604875636,16.4491020670556,38.0152262132341
Philippines,PHL,1998,982.865943728564,14.7466733129599,37.8475366401717
Philippines,PHL,1999,1101.43515975318,15.1943554182619,37.6798470671094
Philippines,PHL,2000,1050.79273107952,13.9410952116747,37.6764932756481
Philippines,PHL,2001,969.530611744453,13.302809302832,37.5088037025858
Philippines,PHL,2002,1014.90879320106,13.4484134145704,37.3444679209847
Philippines,PHL,2003,1027.2301192843,13.1509476628836,37.6966160244156
Philippines,PHL,2004,1099.63013023758,13.9844036917201,38.4679880605024
Philippines,PHL,2005,1220.46018559867,13.517547003593,38.082302042459
Philippines,PHL,2006,1426.14649179546,13.3612491069675,38.8369051212396
Philippines,PHL,2007,1712.65543282793,13.606507617711,39.5412013281014
Philippines,PHL,2008,1959.29233534978,14.5160747573134,40.2790354495757
Philippines,PHL,2009,1864.45043406471,14.5402133153152,40.580876681088
Philippines,PHL,2010,2162.91375885614,13.7488650524217,40.580876681088
Philippines,PHL,2011,2383.91892522087,14.0957351510823,41.1174833148875
Philippines,PHL,2012,2614.61644401308,13.0958070106782,41.6876278632995
Philippines,PHL,2013,2781.27957677397,12.4734251044125,41.8184257302881
Philippines,PHL,2014,2866.83803761407,12.2716816211446,41.9156856826642
Philippines,PHL,2015,2909.85818010301,10.9964991548623,42.0129456350404
Philippines,PHL,2016,2985.19564024046,10.2051255325616,42.1102055874166
Philippines,PHL,2017,3038.12124959289,10.1829541314109,42.224234497099
Philippines,PHL,2018,3168.51036609727,9.65014035815306,42.3013717007077
Philippines,PHL,2019,3400.78949767074,8.82032374730525,42.3785089043163
Philippines,PHL,2020,3227.57910235199,10.1853110317615,42.455646107925
Philippines,PHL,2021,3484.38593882819,10.0691640204876,42.5361371029949
Philippines,PHL,2022,3548.06930572116,9.55176804414326,42.3925948284536
Philippines,PHL,2023,3804.08274131718,9.40036652869164,42.6689472448603
Poland,POL,1995,3700.95956775144,5.7358804322408,60.7985895719743
Poland,POL,1996,4163.51195431959,5.30020665731788,60.3153873779751
Poland,POL,1997,4137.00831823145,4.62334482081249,60.259884423259
Poland,POL,1998,4533.5356551781,4.01837892497406,60.2141761076104
Poland,POL,1999,4415.50067547826,3.35556694226104,60.188057070097
Poland,POL,2000,4520.64100449111,3.19050007383569,60.1162297169349
Poland,POL,2001,5015.23790036613,3.32495017859303,58.0756799111953
Poland,POL,2002,5223.45178967082,2.80941626982179,55.1732018675112
Poland,POL,2003,5720.81366178104,2.69176153910407,52.7984587251829
Poland,POL,2004,6711.72715262967,3.33358582113835,53.2987301276401
Poland,POL,2005,8043.92332253757,2.96760371813755,51.9243952600137
Poland,POL,2006,9068.85528307627,2.7459182485152,52.0925829198224
Poland,POL,2007,11272.5293683383,3.09408708372918,50.49947767041
Poland,POL,2008,14048.5604672654,2.64309499472652,50.9337251061051
Poland,POL,2009,11556.3026866026,2.62640625045433,50.9958208175526
Poland,POL,2010,12567.7317676382,2.91554815662609,47.1757868616952
Poland,POL,2011,13867.6669408192,3.17180701243977,48.2611109296934
Poland,POL,2012,13087.420943321,2.98562113420809,47.4462804519626
Poland,POL,2013,13621.9023794031,3.22652536867249,47.059207733255
Poland,POL,2014,14262.2841914116,2.97119902232799,47.1080048336001
Poland,POL,2015,12637.5220324406,2.48363694237949,46.9349096965936
Poland,POL,2016,12464.0121044827,2.6237968659564,46.9447075345374
Poland,POL,2017,13913.3415190124,2.98537285986431,47.2321107808877
Poland,POL,2018,15658.210586693,2.41564136866167,47.39850409903
Poland,POL,2019,15874.5220531254,2.37029744646443,47.4437293783281
Poland,POL,2020,16150.9304813473,2.56844423547416,48.1266128768824
Poland,POL,2021,18635.5104895754,2.24552304361646,47.3691604050964
Poland,POL,2022,18891.2121169279,2.80606930357805,46.3131758633082
Poland,POL,2023,22145.2660647429,2.76537109467644,47.6050543637967
Portugal,PRT,1995,11781.3618502221,4.80044172792782,42.8852459016393
Portugal,PRT,1996,12185.0914010629,4.59074611683019,40.7650273224044
Portugal,PRT,1997,11575.5071124358,3.83106344355608,39.1475409836066
Portugal,PRT,1998,12199.206385024,3.54171643876714,40.6830601092896
Portugal,PRT,1999,12475.2917701476,3.28917248565999,42.2185792349727
Portugal,PRT,2000,11526.3720667968,3.10974828415915,43.2391256830601
Portugal,PRT,2001,11734.7649743954,2.96074957358316,42.1182513661202
Portugal,PRT,2002,12936.6928204482,2.72289086156617,42.3794535519126
Portugal,PRT,2003,15797.7821340276,2.65118079570935,41.6795628415301
Portugal,PRT,2004,18064.1580932987,2.60214117997755,42.2908196721311
Portugal,PRT,2005,18780.12751241,2.30349335448735,41.8048540505084
Portugal,PRT,2006,19839.4540499032,2.25313751520814,41.0807915163442
Portugal,PRT,2007,22811.0564844365,1.99815593954667,40.0231769979228
Portugal,PRT,2008,24949.0413566739,1.96377185231981,40.7331365475019
Portugal,PRT,2009,23151.2154130712,1.95062621184125,40.3491647559777
Portugal,PRT,2010,22551.935098809,1.94034870976094,39.8970411616989
Portugal,PRT,2011,23246.5425416481,1.8384390598893,39.8445245114095
Portugal,PRT,2012,20593.4274224109,1.92004687349348,40.0088437602358
Portugal,PRT,2013,21676.4859642714,2.04188706497902,40.4027282294018
Portugal,PRT,2014,22120.6850127107,1.97659101484386,39.996244771062
Portugal,PRT,2015,19215.7813014347,1.97541250129625,39.7222440549486
Portugal,PRT,2016,19980.2808866516,1.92235840837832,39.5066458819112
Portugal,PRT,2017,21442.3842768879,1.96367345206825,40.1000899508327
Portugal,PRT,2018,23541.1401075289,1.91817470918666,40.791900276839
Portugal,PRT,2019,23343.3628970034,1.99991845769704,43.1253165745326
Portugal,PRT,2020,22299.4044062173,2.14089692520428,43.1660902826901
Portugal,PRT,2021,24711.4510062111,2.16204629838151,43.2538567511157
Portugal,PRT,2022,24620.5197587181,1.90543676193935,42.7894964936641
Portugal,PRT,2023,27634.6183139773,2.13721069426312,43.33752194189
Puerto Rico (US),PRI,1963,931.751665981242,8.99468632156325,68.2074408117249
Puerto Rico (US),PRI,1964,1006.43444609497,7.45380276210854,65.9526493799324
Puerto Rico (US),PRI,1965,1110.83269082498,6.15304528891202,68.6583990980834
Puerto Rico (US),PRI,1966,1207.81182440348,5.39347106134679,65.5016910935738
Puerto Rico (US),PRI,1967,1335.27411162524,4.81218331587737,64.0360766629087
Puerto Rico (US),PRI,1968,1480.69317642251,4.27987923992186,63.8105975197294
Puerto Rico (US),PRI,1969,1661.86688523369,3.49048355639249,63.3596392333709
Puerto Rico (US),PRI,1970,1852.35467255335,3.17198641428486,62.2322435174746
Puerto Rico (US),PRI,1971,2044.31990558216,3.12566409293759,59.7519729425028
Puerto Rico (US),PRI,1972,2246.4767135113,2.9641801892904,58.0608793686584
Puerto Rico (US),PRI,1973,2432.41421904928,2.600536958757,55.467869222097
Puerto Rico (US),PRI,1974,2614.50094053038,3.72033104309806,55.6933483652762
Puerto Rico (US),PRI,1975,2738.24315297261,3.30312381835259,55.5806087936866
Puerto Rico (US),PRI,1976,2946.46195251152,3.18332850166135,55.5806087936866
Puerto Rico (US),PRI,1977,3208.77135614128,2.67785973019605,55.3551296505073
Puerto Rico (US),PRI,1978,3567.7526290007,2.94312583967756,55.8060879368658
Puerto Rico (US),PRI,1979,4024.50942019287,2.72313725490196,54.7914317925592
Puerto Rico (US),PRI,1980,4502.8384279476,2.63436800797999,53.5512965050733
Puerto Rico (US),PRI,1981,4920.72293674859,2.29823824714679,52.6493799323563
Puerto Rico (US),PRI,1982,5115.00851423346,2.3144558046313,52.6493799323563
Puerto Rico (US),PRI,1983,5217.72272856039,2.26549205283447,52.5366403607666
Puerto Rico (US),PRI,1984,5730.11700890201,1.79829459467922,52.3111612175874
Puerto Rico (US),PRI,1985,6008.05448623038,1.75906393549277,51.9729425028185
Puerto Rico (US),PRI,1986,6455.18446107614,1.69382942665146,52.1984216459977
Puerto Rico (US),PRI,1987,6980.49014338219,1.71149347784465,52.0856820744081
Puerto Rico (US),PRI,1988,7595.44465611829,1.51672490506257,52.0856820744081
Puerto Rico (US),PRI,1989,8033.08944133042,1.52443787906765,50.7328072153326
Puerto Rico (US),PRI,1990,8652.50749222505,1.41844578793977,49.0417136414882
Puerto Rico (US),PRI,1991,9064.01851711486,1.39158041505891,47.3506200676437
Puerto Rico (US),PRI,1992,9659.33889995916,1.21280619385898,46.2232243517475
Puerto Rico (US),PRI,1993,10212.2767630564,1.11395623303065,35.0620067643743
Puerto Rico (US),PRI,1994,10876.4188239898,0.930194355695538,34.836527621195
Puerto Rico (US),PRI,1995,11579.1849969985,0.74658833867001,34.836527621195
Puerto Rico (US),PRI,1996,12173.163688986,0.828612882846114,34.836527621195
Puerto Rico (US),PRI,1997,12817.6449621352,0.967065023439187,32.8072153325817
Puerto Rico (US),PRI,1998,14304.4049868015,0.8074118447521,30.7215332581736
Puerto Rico (US),PRI,1999,15220.9913420267,0.580729932055117,29.3010146561443
Puerto Rico (US),PRI,2000,16192.1269719638,0.660110401965583,27.869222096956
Puerto Rico (US),PRI,2001,18123.1987019918,0.587789921454621,26.4599774520857
Puerto Rico (US),PRI,2002,18731.4593897378,0.533623740811326,25.0281848928974
Puerto Rico (US),PRI,2003,19557.1202492358,0.563162691741261,24.3066516347238
Puerto Rico (US),PRI,2004,20988.9923326534,0.626600481487628,23.5625704622322
Puerto Rico (US),PRI,2005,21959.322696986,0.594971397399844,22.8184892897407
Puerto Rico (US),PRI,2006,22935.9411586313,0.590822137458644,22.0744081172492
Puerto Rico (US),PRI,2007,23664.8823485096,0.480571207238608,21.3077790304397
Puerto Rico (US),PRI,2008,24898.3345857045,0.553943910302619,21.4994363021421
Puerto Rico (US),PRI,2009,25768.7258883384,0.588365896980462,21.6798196166855
Puerto Rico (US),PRI,2010,26414.8810634548,0.83552463730404,21.8602029312289
Puerto Rico (US),PRI,2011,27170.0766543278,0.792213784121246,22.0405862457723
Puerto Rico (US),PRI,2012,27742.024476618,0.803821796527931,22.1871476888388
Puerto Rico (US),PRI,2013,28212.0499737431,0.826451927769644,21.6685456595265
Puerto Rico (US),PRI,2014,28576.0988023209,0.846398778671258,21.1499436302142
Puerto Rico (US),PRI,2015,29242.041465085,0.826985117363399,20.6313416009019
Puerto Rico (US),PRI,2016,29978.0889268918,0.805660903593846,20.1127395715896
Puerto Rico (US),PRI,2017,30328.479490518,0.818676213745449,19.5941375422773
Puerto Rico (US),PRI,2018,30679.9181934488,0.70791744297882,19.0417136414882
Puerto Rico (US),PRI,2019,31830.5284993358,0.682321472056496,19.0417136414882
Puerto Rico (US),PRI,2020,31427.1034994916,0.66100460676674,19.0417136414882
Puerto Rico (US),PRI,2021,32618.8705106244,0.673046024208234,19.0417136414882
Puerto Rico (US),PRI,2022,35353.5613891039,0.663980527688401,19.0417136414882
Puerto Rico (US),PRI,2023,36980.7653928068,0.705611740327775,19.0417136414882
Qatar,QAT,1980,28407.2006612113,0.523322750584377,4.73729543496985
Qatar,QAT,1981,29543.3106543877,0.544855549923974,4.82342807924203
Qatar,QAT,1982,24431.3315473402,0.685796787583469,4.90956072351421
Qatar,QAT,1983,19668.5262152083,0.826096166066511,4.99569336778639
Qatar,QAT,1984,19749.2502266015,0.823736404350608,5.08182601205857
Qatar,QAT,1985,16815.0426389482,0.950977765871953,5.08182601205857
Qatar,QAT,1986,13213.2094336152,1.2885336812918,5.16795865633075
Qatar,QAT,1987,13718.7908752499,1.19546027742749,5.25409130060293
Qatar,QAT,1988,14682.0213127986,1.05555302789026,5.25409130060293
Qatar,QAT,1989,15242.5068904961,0.906165311653117,5.16795865633075
Qatar,QAT,1990,16721.6210835226,0.783816064496865,5.25409130060293
Qatar,QAT,1991,15133.4969397069,0.949872286079183,5.25409130060293
Qatar,QAT,1992,16280.293589053,0.966513365909744,5.51248923341947
Qatar,QAT,1993,14769.718821974,1.07869481765835,5.59862187769165
Qatar,QAT,1994,14764.8766954856,1.05427858287077,5.59862187769165
Qatar,QAT,1995,15822.5092848142,0.982377962325299,5.59862187769165
Qatar,QAT,1996,17124.7926054464,0.879427462396895,5.68475452196382
Qatar,QAT,1997,20522.801449232,0.705184320591382,5.68475452196382
Qatar,QAT,1998,17665.4399446972,0.685775515671042,5.68475452196382
Qatar,QAT,1999,20233.6846826643,0.583006362084636,5.68475452196382
Qatar,QAT,2000,27535.182940934,0.372799554496798,5.68475452196382
Qatar,QAT,2001,25870.7991864314,0.37593984962406,5.71059431524548
Qatar,QAT,2002,27226.6593510117,0.256795868565916,5.65891472868217
Qatar,QAT,2003,31602.470865136,0.234640393168579,5.70198105081826
Qatar,QAT,2004,41035.5008380177,0.181799293579888,5.61584840654608
Qatar,QAT,2005,53949.6764091147,0.133258478262211,5.56416881998277
Qatar,QAT,2006,62582.4453138755,0.121835107463077,5.6244616709733
Qatar,QAT,2007,65954.1146428814,0.109942753945359,5.68475452196382
Qatar,QAT,2008,80781.2113909506,0.12464786382638,5.74504737295435
Qatar,QAT,2009,60785.7351551657,0.123319456383116,5.80534022394488
Qatar,QAT,2010,77387.2936379616,0.117906662714488,5.8656330749354
Qatar,QAT,2011,103261.510293068,0.0966101306365461,5.92592592592593
Qatar,QAT,2012,108470.378825036,0.0941964622110214,5.98621877691645
Qatar,QAT,2013,103697.008372373,0.0960229515645713,6.04651162790698
Qatar,QAT,2014,95840.6310094498,0.117168462919326,6.1792863359443
Qatar,QAT,2015,68985.2946961507,0.161318389310859,6.1792863359443
Qatar,QAT,2016,61253.6375482797,0.183872269651982,6.1792863359443
Qatar,QAT,2017,63279.8556949332,0.214741536757396,6.26631853785901
Qatar,QAT,2018,71039.8490579352,0.218257646242842,6.44038294168842
Qatar,QAT,2019,66841.3013484919,0.260005315111579,6.44038294168842
Qatar,QAT,2020,51683.5054376677,0.338750396492592,6.44038294168842
Qatar,QAT,2021,71751.8831257169,0.298239680088491,6.44038294168842
Qatar,QAT,2022,88701.463352273,0.256559617750539,6.44038294168842
Qatar,QAT,2023,80195.8746508549,0.292779131249811,6.44038294168842
Romania,ROU,1990,1648.48522974542,21.8090686560205,64.3950294310007
Romania,ROU,1991,1254.3124421298,18.8710921548165,64.4905430140329
Romania,ROU,1992,1102.10378473246,19.0390101506004,64.4556785496383
Romania,ROU,1993,1158.05632799712,20.991425348626,64.4687527237863
Romania,ROU,1994,1323.03237766927,19.8854005747149,64.4764933989804
Romania,ROU,1995,1650.04922365201,18.1628255328095,64.4777550220053
Romania,ROU,1996,1633.01064354117,17.5390992035266,64.4039735099338
Romania,ROU,1997,1577.33656023974,17.5105195665899,64.4708752668496
Romania,ROU,1998,1852.5549693339,14.3794399543879,64.2318916329108
Romania,ROU,1999,1599.90622808339,12.6491118592906,64.3771777003484
Romania,ROU,2000,1659.92904910528,10.8539180518615,64.6772016890862
Romania,ROU,2001,1825.19299373184,13.1496003966219,64.420356101171
Romania,ROU,2002,2119.85509684554,11.3424376853187,64.4625222952103
Romania,ROU,2003,2679.40626016154,11.9143840898386,64.3618177864753
Romania,ROU,2004,3494.99056448955,12.7055114609076,61.4347826086956
Romania,ROU,2005,4618.00350802913,8.48610428920676,61.6575354378642
Romania,ROU,2006,5757.53127301178,7.82080658741648,61.0444386468388
Romania,ROU,2007,8360.33775916596,5.50150097100926,59.2892252816564
Romania,ROU,2008,10435.1561230787,6.30193056572848,59.3040452370596
Romania,ROU,2009,8548.4543409242,6.11614263251912,59.2062940102582
Romania,ROU,2010,8399.5374234284,5.1772466335768,61.5344490328189
Romania,ROU,2011,9560.6755277458,5.95088848587022,60.7464048312117
Romania,ROU,2012,8929.95366231474,4.54079724771484,59.7035040431267
Romania,ROU,2013,9497.67411615237,5.50972556892124,60.4486371342868
Romania,ROU,2014,10031.7710755404,4.94834094527624,60.1095271210014
Romania,ROU,2015,8977.01748158196,4.42592968395419,60.2312239221141
Romania,ROU,2016,9404.54005870715,4.2921753725524,58.7665159944367
Romania,ROU,2017,10727.9822007426,4.43884283682194,58.1449930458971
Romania,ROU,2018,12416.134317959,4.50660889280427,58.3014603616134
Romania,ROU,2019,12909.6104013244,4.31147831319992,60.0921418636996
Romania,ROU,2020,13009.1525348396,4.07184426240682,56.7150556328234
Romania,ROU,2021,14908.0412813921,4.616339720378,56.8454450625869
Romania,ROU,2022,15503.4691366242,3.8180329334627,55.1025730180807
Romania,ROU,2023,18244.4186876321,3.32416909916798,55.2633866481224
Russian Federation,RUS,1992,3098.802734375,7.2633640189374,13.5223719413421
Russian Federation,RUS,1993,2930.67016601563,7.55720377820535,13.3524103848487
Russian Federation,RUS,1994,2662.10400390625,6.10956103151862,13.2901907232197
Russian Federation,RUS,1995,2665.77978515625,6.69223108273929,13.2125399459531
Russian Federation,RUS,1996,2643.92919921875,6.54937524189732,13.1952331059546
Russian Federation,RUS,1997,2737.57202148438,5.86976214443115,13.3093386817595
Russian Federation,RUS,1998,1834.86181640625,5.10339314799118,13.2643318906314
Russian Federation,RUS,1999,1330.75720214844,6.58064760911948,13.2281702241387
Russian Federation,RUS,2000,1771.59411621094,5.75171562849956,13.2566688683588
Russian Federation,RUS,2001,2100.3525390625,5.87572156767964,13.2390216624218
Russian Federation,RUS,2002,2377.52954101563,5.56571375282766,13.2257977869402
Russian Federation,RUS,2003,2975.123046875,5.50294605214831,13.2029341345878
Russian Federation,RUS,2004,4102.36474609375,4.90444194797732,13.1846021330511
Russian Federation,RUS,2005,5323.455078125,4.25591600597494,13.1661598924145
Russian Federation,RUS,2006,6920.19970703125,3.86131247123383,13.1573709193088
Russian Federation,RUS,2007,9101.2392578125,3.7789017062609,13.1558444571717
Russian Federation,RUS,2008,11635.2841796875,3.75334118813491,13.1584362579663
Russian Federation,RUS,2009,8562.82421875,4.08444869718417,13.1584362579663
Russian Federation,RUS,2010,10674.990234375,3.34389824902191,13.1584362579663
Russian Federation,RUS,2011,14305.33203125,3.1507257212962,13.1584362579663
Russian Federation,RUS,2012,15401.8515625,2.92603087775353,13.1584362579663
Russian Federation,RUS,2013,15941.4482421875,2.99360048776678,13.1584362579663
Russian Federation,RUS,2014,14055.47265625,3.36060548804252,13.1584362579663
Russian Federation,RUS,2015,9277.7138671875,3.87310448732299,13.1584362579663
Russian Federation,RUS,2016,8663.158203125,3.84021728459951,13.1584362579663
Russian Federation,RUS,2017,10658.9130859375,3.55363208990976,13.1584362579663
Russian Federation,RUS,2018,11211.8876953125,3.3942533806976,13.1584362579663
Russian Federation,RUS,2019,11447.701171875,3.53030291392166,13.1584362579663
Russian Federation,RUS,2020,10108.3271484375,4.00635163401546,13.1584362579663
Russian Federation,RUS,2021,12425.029296875,3.67156378990517,13.1584362579663
Russian Federation,RUS,2022,15625.6328125,3.41890901633034,13.1584362579663
Russian Federation,RUS,2023,13986.9951171875,3.01939316812813,13.171076035897
Rwanda,RWA,1965,43.4679672009398,74.7917036095711,54.9250101337657
Rwanda,RWA,1966,35.3602860890843,74.8669204258459,55.3303607620592
Rwanda,RWA,1967,43.9610505582521,65.8510862113287,55.7357113903527
Rwanda,RWA,1968,45.9934717060673,65.2833828465855,56.0599918929874
Rwanda,RWA,1969,48.8699283221628,65.7906574836383,56.6274827725983
Rwanda,RWA,1970,55.24197214158,61.6189164703635,56.9112282124037
Rwanda,RWA,1971,54.378076042345,61.1785886021882,58.694770976895
Rwanda,RWA,1972,58.3976955241411,59.5594734714485,61.1268747466559
Rwanda,RWA,1973,66.9143871515521,61.0245943112513,61.0052695581678
Rwanda,RWA,1974,68.9411498895124,59.1352828274281,64.2075395216863
Rwanda,RWA,1975,124.109648020906,49.2135672921012,65.342521280908
Rwanda,RWA,1976,134.378431213996,49.2160996259593,66.4369679773004
Rwanda,RWA,1977,152.744262361192,46.4609826360986,67.4908796108634
Rwanda,RWA,1978,179.876527814998,42.4182569176694,68.0989055533036
Rwanda,RWA,1979,213.765751338516,49.0381619103978,68.7880016214025
Rwanda,RWA,1980,234.392851445713,45.8468365487895,69.5176327523308
Rwanda,RWA,1981,254.569201378167,40.7371183244235,71.3417105796514
Rwanda,RWA,1982,246.385549572059,39.7837488096659,71.9497365220916
Rwanda,RWA,1983,250.568951738884,38.2026738612162,72.5577624645318
Rwanda,RWA,1984,259.906684534137,40.8375264389259,73.2873935954601
Rwanda,RWA,1985,271.578979042227,41.8358362898293,73.7332792865829
Rwanda,RWA,1986,297.725981826167,37.526346210719,74.1791649777057
Rwanda,RWA,1987,319.643663256479,37.709106705022,74.6655857316579
Rwanda,RWA,1988,343.781325823561,39.2207718381249,75.1114714227807
Rwanda,RWA,1989,334.741963426594,40.3089108378286,75.1520064856101
Rwanda,RWA,1990,345.773495139137,32.5459939340715,76.1248479935144
Rwanda,RWA,1991,253.966902025944,32.1327069429186,76.0032428050263
Rwanda,RWA,1992,264.083914517464,33.2376150704715,74.3818402918525
Rwanda,RWA,1993,247.023318476014,33.7348925923438,71.1390352655047
Rwanda,RWA,1994,110.953668251372,49.7587461119534,62.8293473854884
Rwanda,RWA,1995,227.971147849318,44.000449460129,62.8293473854884
Rwanda,RWA,1996,206.04911417485,47.1892922193967,64.8966355897852
Rwanda,RWA,1997,238.749371368214,45.9609522618159,66.9233887312525
Rwanda,RWA,1998,246.154673288384,45.5174611772785,67.7340899878395
Rwanda,RWA,1999,264.74368682977,31.5456969135603,69.5987028779895
Rwanda,RWA,2000,251.86926386091,31.1849871789041,74.0170247263883
Rwanda,RWA,2001,237.308846200901,31.7940006044905,76.895014187272
Rwanda,RWA,2002,234.043016755733,30.1946865741942,76.5301986218079
Rwanda,RWA,2003,249.012274982252,33.0353672438095,76.4491284961492
Rwanda,RWA,2004,269.540446333402,33.895261824051,76.3275233076611
Rwanda,RWA,2005,324.016863847189,33.7756165293022,76.2464531820024
Rwanda,RWA,2006,352.093916578347,29.0520795791522,76.3680583704905
Rwanda,RWA,2007,420.733580702508,25.1019154407025,76.1248479935144
Rwanda,RWA,2008,522.288339420679,23.9109185815143,76.2059181191731
Rwanda,RWA,2009,556.97399621739,24.4107030429923,77.2598297527361
Rwanda,RWA,2010,586.599950359877,23.4080982541515,77.9083907580057
Rwanda,RWA,2011,643.356138618166,22.9164629891831,78.759627077422
Rwanda,RWA,2012,697.760143509565,23.7888658574855,79.4081880826915
Rwanda,RWA,2013,695.397140963607,23.8917103230198,80.2594244021078
Rwanda,RWA,2014,715.36808783393,23.6787751489992,81.3133360356709
Rwanda,RWA,2015,725.691418696952,23.1107918816185,81.3538710985002
Rwanda,RWA,2016,721.258515833094,24.2954788777688,81.2728009728415
Rwanda,RWA,2017,751.049039527547,25.6342490728521,81.2728009728415
Rwanda,RWA,2018,772.754982959354,23.2642496908276,79.0028374543981
Rwanda,RWA,2019,823.355304065304,21.5583090597452,77.1787596270774
Rwanda,RWA,2020,802.638686936204,24.1891694102271,79.3919740575598
Rwanda,RWA,2021,842.581492947672,21.4316327202507,81.2509120389137
Rwanda,RWA,2022,1007.05989322914,21.9285537380026,80.0367774625051
Rwanda,RWA,2023,1061.05788154076,23.1373057605237,76.3328334008918
Samoa,WSM,1994,1276.85021574897,22.0827474554568,18.0212014134276
Samoa,WSM,1995,1288.10473321401,17.7781265838989,18.0212014134276
Samoa,WSM,1996,1419.35849045228,18.1349020943813,18.0212014134276
Samoa,WSM,1997,1607.88744330521,20.1616915050685,18.0212014134276
Samoa,WSM,1998,1506.30359215846,18.4141742065997,18.0212014134276
Samoa,WSM,1999,1416.76915966987,15.9840382743204,17.9505300353357
Samoa,WSM,2000,1424.75240002471,15.0763549820946,16.9611307420495
Samoa,WSM,2001,1453.87021324606,13.2281338102519,16.9611307420495
Samoa,WSM,2002,1527.55790455937,11.9922593594911,16.6077738515901
Samoa,WSM,2003,1798.12429714048,10.9888775430945,15.9010600706714
Samoa,WSM,2004,2189.26042607992,11.7403681062885,15.1943462897526
Samoa,WSM,2005,2550.04221437511,12.4865750417539,14.8409893992933
Samoa,WSM,2006,2663.29135939532,10.9860021831847,14.2049469964664
Samoa,WSM,2007,3038.61904093377,10.6649895462053,13.6042402826855
Samoa,WSM,2008,3373.60639884263,10.0298576357923,13.0742049469965
Samoa,WSM,2009,3279.18269477295,11.2374050203296,12.3321554770318
Samoa,WSM,2010,3524.2479246203,10.1420948693988,14.6643109540636
Samoa,WSM,2011,3821.50678264479,8.74914768052862,16.9611307420495
Samoa,WSM,2012,3934.60320799981,8.99062542491428,19.2579505300353
Samoa,WSM,2013,4023.5254013825,9.36698695177158,21.5547703180212
Samoa,WSM,2014,3982.68080202084,8.97743064055918,23.8515901060071
Samoa,WSM,2015,4084.36083819933,8.32395364948745,26.7208480565371
Samoa,WSM,2016,4147.07097674888,8.64439767739187,24.3144876325088
Samoa,WSM,2017,4307.59381964907,9.90757564175906,22.3021582733813
Samoa,WSM,2018,4231.81409469194,9.14766033843446,19.8453237410072
Samoa,WSM,2019,4351.94234943706,9.10454875149409,17.773381294964
Samoa,WSM,2020,4099.59660548583,9.53642989262121,17.773381294964
Samoa,WSM,2021,4021.55934894283,9.67170140141047,17.773381294964
Samoa,WSM,2022,4132.44717734444,9.35673735856576,17.773381294964
Samoa,WSM,2023,4822.74084650019,9.85408517045162,17.5647482014388
Sao Tome and Principe,STP,2008,1081.8684584729,9.47767452078513,35.4166666666667
Sao Tome and Principe,STP,2009,1128.28046213305,10.4916229997386,35.4166666666667
Sao Tome and Principe,STP,2010,1045.20958234528,11.6318930270323,34.375
Sao Tome and Principe,STP,2011,1219.80189089671,12.3319074378557,35.4166666666667
Sao Tome and Principe,STP,2012,1210.7926479817,12.8657292793474,36.4583333333333
Sao Tome and Principe,STP,2013,1382.5757842916,13.4069603438231,36.4583333333333
Sao Tome and Principe,STP,2014,1489.67633417608,13.2795768636645,38.5416666666667
Sao Tome and Principe,STP,2015,1298.10946596396,14.1348690685509,38.5416666666667
Sao Tome and Principe,STP,2016,1434.87018050521,13.0514022257346,41.6666666666667
Sao Tome and Principe,STP,2017,1555.79477812888,12.7475187137291,42.7083333333333
Sao Tome and Principe,STP,2018,1825.59971753966,11.8181222110283,43.75
Sao Tome and Principe,STP,2019,1935.2931816596,11.9296548194696,43.75
Sao Tome and Principe,STP,2020,2167.22001796925,14.1470498019151,43.75
Sao Tome and Principe,STP,2021,2362.58827248102,15.2661766239364,44.7916666666667
Sao Tome and Principe,STP,2022,2389.73729784737,13.9317577053548,44.7916666666667
Sao Tome and Principe,STP,2023,2990.6606143535,13.4511863976653,44.7916666666667
Saudi Arabia,SAU,1968,1275.70709426176,4.93499609872639,40.1639306132512
Saudi Arabia,SAU,1969,1312.73865737123,4.91925111223376,40.1802120305719
Saudi Arabia,SAU,1970,1509.43961165521,4.22762211753037,40.2011452814127
Saudi Arabia,SAU,1971,1929.30910330483,3.29124918571827,40.2230088989575
Saudi Arabia,SAU,1972,2474.38683208975,2.80856800479329,40.2462680665584
Saudi Arabia,SAU,1973,3640.08361192413,2.19298245614035,40.2709227842154
Saudi Arabia,SAU,1974,10503.4280777085,0.829942437475189,40.3034856188567
Saudi Arabia,SAU,1975,10265.6414406471,0.915334589436577,40.3239536863455
Saudi Arabia,SAU,1976,13312.5119926546,0.77454191378242,40.3546557875787
Saudi Arabia,SAU,1977,14595.3739933329,1.14751779015834,40.3797756885877
Saudi Arabia,SAU,1978,14914.1542686138,1.4996097056851,40.4039652228926
Saudi Arabia,SAU,1979,19611.565126033,1.18423782645011,40.4286199405496
Saudi Arabia,SAU,1980,27205.6452285141,0.95363193095851,40.4532746582065
Saudi Arabia,SAU,1981,28703.35585508,0.97181916912509,40.4769990091595
Saudi Arabia,SAU,1982,22454.4843169614,1.55234574575413,40.5025840935205
Saudi Arabia,SAU,1983,17809.5527471054,2.11029649015882,40.5965511306281
Saudi Arabia,SAU,1984,15541.1312184609,2.70140763548551,42.9936409435779
Saudi Arabia,SAU,1985,12745.41992535,3.60333547691049,45.4135247407766
Saudi Arabia,SAU,1986,10078.2896080512,4.84255636295882,47.8115449204304
Saudi Arabia,SAU,1987,9385.98469519899,5.61429092234779,50.230498350925
Saudi Arabia,SAU,1988,9165.49615323397,6.23080670097634,52.6261926138187
Saudi Arabia,SAU,1989,9413.58119352769,6.25628386988363,55.0265387102326
Saudi Arabia,SAU,1990,11054.7495049666,5.6360024970206,57.4413054905591
Saudi Arabia,SAU,1991,11847.1699534218,5.36536504192449,57.5301555107946
Saudi Arabia,SAU,1992,11730.2687665244,5.54252679228818,57.5645790788439
Saudi Arabia,SAU,1993,10884.8607880777,5.99861436044702,60.8390046937
Saudi Arabia,SAU,1994,10601.9196697805,6.08596882839816,64.0932917304356
Saudi Arabia,SAU,1995,10786.4008952769,5.84870161320368,67.3508350971535
Saudi Arabia,SAU,1996,11471.5045960191,5.36780260892541,70.6069828672971
Saudi Arabia,SAU,1997,11545.3455998551,5.3519196053635,73.862200317255
Saudi Arabia,SAU,1998,9836.05729768574,6.14071743143268,77.5802751559527
Saudi Arabia,SAU,1999,10452.1899400479,5.6543197254794,80.8522392065833
Saudi Arabia,SAU,2000,11714.5623675159,4.90093304872369,80.8488472291354
Saudi Arabia,SAU,2001,10805.311325122,5.13485567314878,80.8435945647977
Saudi Arabia,SAU,2002,10586.0543471363,5.03753751642003,80.8402025873498
Saudi Arabia,SAU,2003,11487.220410693,4.47188176141973,80.8382062064763
Saudi Arabia,SAU,2004,13154.4978989446,3.86835593326895,80.8390008791965
Saudi Arabia,SAU,2005,15975.7473782258,3.1854016709851,80.8384000483791
Saudi Arabia,SAU,2006,17563.6145370639,2.91996194095464,80.8373339876913
Saudi Arabia,SAU,2007,18596.1502627898,2.74276747836675,80.8353375602994
Saudi Arabia,SAU,2008,22320.4888964331,2.29269078480924,80.8328759960739
Saudi Arabia,SAU,2009,17718.3911648365,2.83043433137553,80.831344752034
Saudi Arabia,SAU,2010,22028.3901426586,2.61912238524459,80.8209750708242
Saudi Arabia,SAU,2011,27126.7498747702,2.15288829129967,80.8180482767283
Saudi Arabia,SAU,2012,28733.4375513452,2.06209514825132,80.8132607957426
Saudi Arabia,SAU,2013,27865.465604962,2.14783287096443,80.8084732682387
Saudi Arabia,SAU,2014,27805.4850319422,2.27940419211986,80.7661454907452
Saudi Arabia,SAU,2015,23256.1549553531,2.75387031670143,80.7626139582917
Saudi Arabia,SAU,2016,22267.7217050387,2.91802299444676,80.7596872107141
Saudi Arabia,SAU,2017,23929.2907135982,2.83525700890872,80.7591328517135
Saudi Arabia,SAU,2018,29360.0658968566,2.41396154385256,80.7582529108848
Saudi Arabia,SAU,2019,29566.7933827436,2.45384656461481,80.7636691802074
Saudi Arabia,SAU,2020,24338.8307301067,2.95556974627207,80.7734077936819
Saudi Arabia,SAU,2021,31920.7653655643,2.44812792691627,80.7732356758416
Saudi Arabia,SAU,2022,38510.2276211037,2.21479159080364,80.7732356758416
Saudi Arabia,SAU,2023,36156.8562500172,2.45769245330047,80.7732356758416
Senegal,SEN,1961,308.166383753301,23.6808062581309,44.9124811717654
Senegal,SEN,1962,307.092565107939,22.544627330882,44.9124811717654
Senegal,SEN,1963,308.629849224244,23.2937769460334,45.4318807458578
Senegal,SEN,1964,317.850426568454,23.7278033481412,45.4318807458578
Senegal,SEN,1965,314.318146394326,24.9859667565177,45.9512803199501
Senegal,SEN,1966,314.534344145945,25.5410597291073,45.9512803199501
Senegal,SEN,1967,305.22048105837,23.3899624108492,46.4706798940425
Senegal,SEN,1968,311.196146846683,25.4627718236514,47.3536591699995
Senegal,SEN,1969,287.253148792203,23.0716290939863,46.2421440814419
Senegal,SEN,1970,290.486425297989,23.7191420374657,46.0395782475458
Senegal,SEN,1971,291.08835742165,20.6497950560751,46.4654858983016
Senegal,SEN,1972,341.835352336553,24.2683218396173,46.4654858983016
Senegal,SEN,1973,381.439007163828,22.2636487497135,46.7251856853477
Senegal,SEN,1974,417.407600285381,23.4895547861694,46.9848854723939
Senegal,SEN,1975,547.378148664851,29.779394520551,46.9848854723939
Senegal,SEN,1976,540.594007051938,29.7566632562653,46.979691476653
Senegal,SEN,1977,540.126849249781,26.996306511875,45.9356983327274
Senegal,SEN,1978,589.134045255614,20.7995818266378,45.9305043369864
Senegal,SEN,1979,716.281436518959,23.6259301099614,45.9253103412455
Senegal,SEN,1980,771.533969550579,18.5195765186875,45.9201163455046
Senegal,SEN,1981,682.972070210382,20.6636230451127,45.9149223497637
Senegal,SEN,1982,651.93712330983,21.1990118487265,45.9097283540227
Senegal,SEN,1983,564.369336303935,17.0275418620381,45.9045343582818
Senegal,SEN,1984,536.231765402514,18.4282582429714,45.8993403625409
Senegal,SEN,1985,571.417166069201,21.3274112292183,45.8941463668
Senegal,SEN,1986,783.940524706279,22.0212309210718,45.8837583753181
Senegal,SEN,1987,916.09484148409,22.622808670216,45.8733703838363
Senegal,SEN,1988,880.487755138196,19.287074800268,45.8629823923544
Senegal,SEN,1989,848.555548058968,21.1753467688328,45.8474004051317
Senegal,SEN,1990,957.314337438177,18.4661416517011,46.0655482262504
Senegal,SEN,1991,913.399575796737,18.6964119299712,45.2345089077027
Senegal,SEN,1992,951.204960087807,17.1434329851955,45.6032826053083
Senegal,SEN,1993,877.52900343803,19.16536139705,45.8006544434634
Senegal,SEN,1994,583.782776032181,17.7400079519252,46.3044720303329
Senegal,SEN,1995,714.994396357297,19.4701646746387,45.7850724562406
Senegal,SEN,1996,723.469950081149,18.3370625955044,46.2629200644055
Senegal,SEN,1997,650.776321407448,18.1914042241839,44.8137952526879
Senegal,SEN,1998,684.588105785786,17.8319277715595,43.5776242663481
Senegal,SEN,1999,677.516338727268,17.3760117354229,47.3276891912949
Senegal,SEN,2000,603.233162455158,16.4392452034714,46.8861995533164
Senegal,SEN,2001,637.213530563724,16.2524323093589,45.7019685243858
Senegal,SEN,2002,669.430447319209,13.3807801250726,45.4474627330806
Senegal,SEN,2003,817.888034221442,15.4910998381045,44.8345712356516
Senegal,SEN,2004,918.102079522155,14.2017995388,45.1202410014024
Senegal,SEN,2005,979.846101520171,15.1803964143562,45.5825066223446
Senegal,SEN,2006,1017.20196747987,13.3951515867003,44.0970238404404
Senegal,SEN,2007,1188.93877808175,12.2459105728806,44.1645457850725
Senegal,SEN,2008,1398.79218010021,14.6866270243556,48.1743104970654
Senegal,SEN,2009,1308.69404336205,16.1077336169075,48.1898924842882
Senegal,SEN,2010,1275.88357492357,15.945261535619,48.1898924842882
Senegal,SEN,2011,1374.67591873844,12.9470610352017,46.5641718173791
Senegal,SEN,2012,1326.83798848379,14.0976923523704,46.5641718173791
Senegal,SEN,2013,1379.83196553924,13.7248803755401,46.5797538046019
Senegal,SEN,2014,1398.89137601382,13.3687650760268,46.6005297875656
Senegal,SEN,2015,1218.00613555438,14.2825767344045,48.4495922713343
Senegal,SEN,2016,1266.43957151587,14.4140203888971,48.2418324416974
Senegal,SEN,2017,1354.77007193387,15.0045395764691,48.4236222926297
Senegal,SEN,2018,1452.55612562445,14.9875195578847,48.605412143562
Senegal,SEN,2019,1431.18128932159,14.8962721234445,48.7975899859762
Senegal,SEN,2020,1461.08720350553,16.1487794824433,48.9793798369085
Senegal,SEN,2021,1598.10676952274,15.5512646222076,49.4000934919233
Senegal,SEN,2022,1574.0281059306,16.3333231968406,49.4000934919233
Senegal,SEN,2023,1698.03387300843,17.4112512141863,49.4000934919233
Serbia,SRB,2006,4492.7136699046,6.22223200235689,40.441344614681
Serbia,SRB,2007,6081.08765700202,5.50486565149148,40.8518179739309
Serbia,SRB,2008,7376.73517910716,6.35977347846117,41.2028355819803
Serbia,SRB,2009,6414.0448463847,5.99159503176742,40.2241024468328
Serbia,SRB,2010,5970.92660940072,6.11650941889437,40.2652641207409
Serbia,SRB,2011,7082.2861666075,6.34800451775273,40.3407271895724
Serbia,SRB,2012,6263.04086072815,6.04364014215639,39.5906700205808
Serbia,SRB,2013,7040.41812068781,6.29965191728962,39.9176766521839
Serbia,SRB,2014,6886.67809068704,6.11737533592784,40.0914703864624
Serbia,SRB,2015,5820.3215576888,5.60595319138529,39.8010519094443
Serbia,SRB,2016,5982.37030126471,5.70664096571472,39.5152069517494
Serbia,SRB,2017,6548.03653824187,5.05778606525606,39.0921564143609
Serbia,SRB,2018,7559.86165747394,5.20468651078978,39.6066773382118
Serbia,SRB,2019,7755.632986437,4.76474851493196,39.5609421449806
Serbia,SRB,2020,8098.70955668849,5.05373769401741,41.4080152217862
Serbia,SRB,2021,9680.52798074468,5.15586469879064,41.443691283149
Serbia,SRB,2022,10024.8191112596,5.33794223775032,41.2534189558806
Serbia,SRB,2023,12281.707946167,3.78653396097272,40.3853014627185
Seychelles,SYC,1976,814.47477447888,9.62184931413176,10.8695652173913
Seychelles,SYC,1977,1044.35311338903,9.16463909164639,10.8695652173913
Seychelles,SYC,1978,1376.5465132826,8.40618695359785,10.8695652173913
Seychelles,SYC,1979,2030.13590313409,7.29619059436655,10.8695652173913
Seychelles,SYC,1980,2478.36470343969,6.38232063480669,10.8695652173913
Seychelles,SYC,1981,2557.20665504671,7.30014231182838,10.8695652173913
Seychelles,SYC,1982,2440.6841742286,5.97139551909343,13.0434782608696
Seychelles,SYC,1983,2426.33460826276,7.22966840598459,13.0434782608696
Seychelles,SYC,1984,2487.64499220084,6.02150229159734,13.0434782608696
Seychelles,SYC,1985,2754.14571028218,5.36883160418693,13.0434782608696
Seychelles,SYC,1986,3368.4740950781,5.61307140181841,13.0434782608696
Seychelles,SYC,1987,3871.77851995844,4.9418286362297,13.0434782608696
Seychelles,SYC,1988,4392.19864861545,4.41681948628908,10.8695652173913
Seychelles,SYC,1989,4689.1345079999,4.00830830785769,10.8695652173913
Seychelles,SYC,1990,5642.072897243,4.48913069131821,8.69565217391304
Seychelles,SYC,1991,5654.63975724251,4.45965773281393,8.69565217391304
Seychelles,SYC,1992,6520.48950519188,3.57214307088821,8.69565217391304
Seychelles,SYC,1993,6978.68075445824,3.8964015445245,8.69565217391304
Seychelles,SYC,1994,6974.86770636796,3.85622410437574,8.69565217391304
Seychelles,SYC,1995,7180.66832748656,3.8957027231211,8.69565217391304
Seychelles,SYC,1996,7004.33603896356,3.63648434084708,8.69565217391304
Seychelles,SYC,1997,7746.69851330444,3.25933965140454,8.69565217391304
Seychelles,SYC,1998,8209.51444287,2.45518109924782,8.69565217391304
Seychelles,SYC,1999,8243.23610099084,2.89437357847178,8.69565217391304
Seychelles,SYC,2000,8063.65500575169,2.64100273246754,8.69565217391304
Seychelles,SYC,2001,8153.2986369879,2.63784400306895,8.69565217391304
Seychelles,SYC,2002,8864.16919495467,2.69362339108723,8.69565217391304
Seychelles,SYC,2003,9070.28460757013,2.46144781055938,8.69565217391304
Seychelles,SYC,2004,10827.671636033,3.22710437515749,8.69565217391304
Seychelles,SYC,2005,11802.1118276833,3.03800915305174,8.69565217391304
Seychelles,SYC,2006,12782.9938926475,2.78226337941348,8.69565217391304
Seychelles,SYC,2007,12669.3026687222,2.62790252151546,6.52173913043478
Seychelles,SYC,2008,11265.4376270005,2.53632156141561,6.52173913043478
Seychelles,SYC,2009,9747.09180546291,2.24128896994315,6.30434782608696
Seychelles,SYC,2010,10934.79494629,2.23545934618328,5.21739130434783
Seychelles,SYC,2011,12110.0937461973,2.19346218388635,3.26086956521739
Seychelles,SYC,2012,12337.1554669388,1.99985279931942,3.26086956521739
Seychelles,SYC,2013,14821.2921476077,2.71276034719474,3.3695652173913
Seychelles,SYC,2014,15188.1902175113,2.33075493440682,3.3695652173913
Seychelles,SYC,2015,15333.1051727105,2.05307446564115,3.3695652173913
Seychelles,SYC,2016,16566.9946042294,1.9149122831203,3.3695652173913
Seychelles,SYC,2017,17480.3651911372,2.13180786598013,3.3695652173913
Seychelles,SYC,2018,18440.2340460932,2.0783484846252,3.3695652173913
Seychelles,SYC,2019,19141.5118743615,2.12955445087691,3.3695652173913
Seychelles,SYC,2020,14041.4754074575,1.96124535557297,3.3695652173913
Seychelles,SYC,2021,14982.9111487767,2.44466263831241,3.3695652173913
Seychelles,SYC,2022,16682.6990711785,2.45808085762332,3.3695652173913
Seychelles,SYC,2023,18130.5297135548,2.51465392069906,3.3695652173913
Sierra Leone,SLE,1964,153.377740974545,34.8371114459022,36.4228318093655
Sierra Leone,SLE,1965,145.576540628849,31.0479158550838,36.4921030756442
Sierra Leone,SLE,1966,149.317655188564,30.965697240865,36.561374341923
Sierra Leone,SLE,1967,136.121402178747,34.2240696753761,36.6306456082017
Sierra Leone,SLE,1968,126.308899122773,32.4319801515554,36.7691881407592
Sierra Leone,SLE,1969,153.564115961571,26.7635616237246,36.838459407038
Sierra Leone,SLE,1970,160.164147056907,25.9938288827073,36.9077306733167
Sierra Leone,SLE,1971,151.83336869958,28.4709452927559,36.9770019395955
Sierra Leone,SLE,1972,165.357917863636,29.6778106040481,37.0462732058742
Sierra Leone,SLE,1973,200.641699774769,29.4621846949966,37.1155444721529
Sierra Leone,SLE,1974,222.085173234717,32.2252741311071,37.1848157384317
Sierra Leone,SLE,1975,228.374681042069,35.6680534410187,37.2540870047104
Sierra Leone,SLE,1976,196.411784759207,38.6164247821831,37.3233582709892
Sierra Leone,SLE,1977,224.21335896988,36.3814944214201,37.3926295372679
Sierra Leone,SLE,1978,305.427800560744,31.9707014765573,37.5311720698254
Sierra Leone,SLE,1979,345.86913707629,30.0193761427831,37.6697146023829
Sierra Leone,SLE,1980,336.386279506102,30.3764604067503,37.7389858686617
Sierra Leone,SLE,1981,333.887542728491,29.329825104473,37.8082571349404
Sierra Leone,SLE,1982,380.074041189746,33.5930196322842,38.0160709337767
Sierra Leone,SLE,1983,285.814326139727,36.5652150738234,38.0853422000554
Sierra Leone,SLE,1984,305.576232491583,38.5784942297124,38.2931559988917
Sierra Leone,SLE,1985,235.510529343624,42.7925773195876,38.9858686616791
Sierra Leone,SLE,1986,131.473041005587,34.73005831643,39.0551399279579
Sierra Leone,SLE,1987,172.364214833661,42.4634433962264,39.1244111942366
Sierra Leone,SLE,1988,268.160979625957,43.3134832623082,39.1382654474924
Sierra Leone,SLE,1989,231.275622974338,42.5086184235649,39.1382654474924
Sierra Leone,SLE,1990,154.794072467618,44.0286219584087,39.1382654474924
Sierra Leone,SLE,1991,183.686515027567,36.7450502033747,39.1382654474924
Sierra Leone,SLE,1992,163.197571684381,35.8872879434378,38.9997229149349
Sierra Leone,SLE,1993,184.951609154872,40.3024517477613,38.9443059019119
Sierra Leone,SLE,1994,218.507275126222,37.3951606768406,38.9304516486561
Sierra Leone,SLE,1995,208.351997250955,39.9545618365047,38.9304516486561
Sierra Leone,SLE,1996,224.258711163044,45.2101464485815,38.9304516486561
Sierra Leone,SLE,1997,199.880001395777,57.3956037766825,38.9165973954004
Sierra Leone,SLE,1998,156.51811883387,59.4020699553992,38.9165973954004
Sierra Leone,SLE,1999,155.020833269007,59.8664904645509,38.8473261291216
Sierra Leone,SLE,2000,143.743743239644,55.0141620912989,38.9304516486561
Sierra Leone,SLE,2001,358.315716051546,45.7908920894816,41.5838182321973
Sierra Leone,SLE,2002,388.995111216836,46.8536780758378,44.7503463563314
Sierra Leone,SLE,2003,413.817607346927,46.9023173495907,49.4135494596841
Sierra Leone,SLE,2004,417.749983329227,49.1070997045261,52.2683568855639
Sierra Leone,SLE,2005,462.633324427945,50.1028757149925,52.8126904959823
Sierra Leone,SLE,2006,580.26796974773,27.5403133675948,55.8309781102799
Sierra Leone,SLE,2007,631.889926264998,28.3984316094981,50.2039346079246
Sierra Leone,SLE,2008,705.359014080005,28.9974768705335,51.430174563591
Sierra Leone,SLE,2009,652.845806767943,30.4719745904755,52.6596009975062
Sierra Leone,SLE,2010,685.039673490948,30.542621858137,54.4524799113328
Sierra Leone,SLE,2011,761.146365577281,31.5846615609542,55.6612635078969
Sierra Leone,SLE,2012,937.504428180231,30.6570937162864,53.1539207536714
Sierra Leone,SLE,2013,1117.47183075115,30.1232322468759,54.7055971183153
Sierra Leone,SLE,2014,1117.7586465721,31.9043952976079,54.7104461069548
Sierra Leone,SLE,2015,964.575980888989,34.3025554909897,54.7104461069548
Sierra Leone,SLE,2016,844.416411175476,32.5776913387757,54.7104461069548
Sierra Leone,SLE,2017,779.186007841728,33.3320506947837,54.7104461069548
Sierra Leone,SLE,2018,845.914540460932,34.9852345791337,54.7104461069548
Sierra Leone,SLE,2019,843.71251730417,34.547180978919,54.7104461069548
Sierra Leone,SLE,2020,845.277558236182,35.1293857770036,54.7104461069548
Sierra Leone,SLE,2021,885.396401613729,33.6443431144422,54.7104461069548
Sierra Leone,SLE,2022,860.371067874555,33.7568527151259,54.7104461069548
Sierra Leone,SLE,2023,758.329137301888,29.0526202422585,54.7104461069548
Singapore,SGP,1961,449.148136820776,3.51176998333832,20.8955223880597
Singapore,SGP,1962,472.082740153988,3.58992606650061,20.8955223880597
Singapore,SGP,1963,511.202235371449,3.250266998932,19.4029850746269
Singapore,SGP,1964,485.530686047381,3.33187198597107,19.4029850746269
Singapore,SGP,1965,516.531928636745,3.07011663761898,19.4029850746269
Singapore,SGP,1966,566.803974405961,3.2713621737576,19.4029850746269
Singapore,SGP,1967,626.029437593984,3.04493522256524,19.4029850746269
Singapore,SGP,1968,708.601436896422,3.04967464027129,17.910447761194
Singapore,SGP,1969,812.677487316618,2.81227244996359,17.910447761194
Singapore,SGP,1970,925.797864348214,2.56493119929243,17.910447761194
Singapore,SGP,1971,1071.41154035538,2.58445287810791,14.9253731343284
Singapore,SGP,1972,1264.37510720987,2.21263987087915,16.4179104477612
Singapore,SGP,1973,1685.45979632163,2.2865443072069,16.4179104477612
Singapore,SGP,1974,2341.70551423633,2.01069251991209,13.4328358208955
Singapore,SGP,1975,2489.91157517591,2.15533881576551,11.9402985074627
Singapore,SGP,1976,2758.94038028476,2.04353679832571,11.9402985074627
Singapore,SGP,1977,2846.33598832854,1.99165912481961,11.9402985074627
Singapore,SGP,1978,3193.90565722355,1.66544875500344,11.9402985074627
Singapore,SGP,1979,3900.53355310873,1.54910790305186,11.9402985074627
Singapore,SGP,1980,4928.13911785754,1.50949376874787,11.9402985074627
Singapore,SGP,1981,5596.58597723068,1.46316552451239,10.4477611940298
Singapore,SGP,1982,6077.63424070932,1.34338987440114,8.95522388059701
Singapore,SGP,1983,6633.23667366491,1.1784644489989,8.95522388059701
Singapore,SGP,1984,7228.31758410647,1.06996338400782,8.95522388059701
Singapore,SGP,1985,7001.7667477117,0.921131200015662,7.46268656716418
Singapore,SGP,1986,6799.93036332671,0.716998388465423,5.97014925373134
Singapore,SGP,1987,7539.02930212443,0.550609776177565,4.47761194029851
Singapore,SGP,1988,8914.44122574729,0.416976248448972,4.47761194029851
Singapore,SGP,1989,10394.5389962406,0.355904972393714,2.98507462686567
Singapore,SGP,1990,11861.7561591366,0.323439581344345,2.98507462686567
Singapore,SGP,1991,14502.3799938606,0.250054747220624,1.7910447761194
Singapore,SGP,1992,16136.2405377661,0.197361758450875,1.7910447761194
Singapore,SGP,1993,18290.130113185,0.172788647418229,1.7910447761194
Singapore,SGP,1994,21552.4100366948,0.173159173171612,1.7910447761194
Singapore,SGP,1995,24914.8507020358,0.144861979394729,1.7910447761194
Singapore,SGP,1996,26232.866096827,0.150025188323224,1.7910447761194
Singapore,SGP,1997,26375.8653668113,0.132916824740826,1.7910447761194
Singapore,SGP,1998,21829.2737831583,0.111378366529616,1.7910447761194
Singapore,SGP,1999,21796.6373891001,0.111245961607494,1.7910447761194
Singapore,SGP,2000,23852.8389514753,0.092131732680321,1.7910447761194
Singapore,SGP,2001,21699.7414868907,0.0823566559095407,1.7910447761194
Singapore,SGP,2002,22159.8373710639,0.0710328000140014,1.77777777777778
Singapore,SGP,2003,23730.3840054566,0.0611340723110266,1.16448326055313
Singapore,SGP,2004,27608.080013423,0.0556489896262466,1.1611030478955
Singapore,SGP,2005,29961.3172812732,0.0550481142142599,1.10304789550073
Singapore,SGP,2006,33768.4528234651,0.0488654244516825,1.0806916426513
Singapore,SGP,2007,39432.8860198877,0.0428679973714474,1.15107913669065
Singapore,SGP,2008,40008.5720489092,0.0414321884664469,1.0
Singapore,SGP,2009,38926.8054365453,0.0406877612701381,1.0
Singapore,SGP,2010,47236.683084953,0.0361489888834213,1.05413105413105
Singapore,SGP,2011,53891.4570264372,0.0346076007512354,1.03693181818182
Singapore,SGP,2012,55547.5553077786,0.033272726533169,1.03399433427762
Singapore,SGP,2013,56967.4257940383,0.0343752167938134,0.947666195190948
Singapore,SGP,2014,57564.8023114977,0.0345408510735362,0.930888575458392
Singapore,SGP,2015,55645.6068614606,0.0326135138026483,0.930888575458392
Singapore,SGP,2016,57204.0340105222,0.0313442414603302,0.930888575458392
Singapore,SGP,2017,61436.1325502558,0.030663495025163,0.926966292134832
Singapore,SGP,2018,67032.8225769734,0.0300492085211082,0.92436974789916
Singapore,SGP,2019,66068.7003106378,0.0321757269350714,0.921787709497207
Singapore,SGP,2020,61772.5036492256,0.0326659815683798,0.919220055710306
Singapore,SGP,2021,80884.8565369236,0.0301708500316389,0.919220055710306
Singapore,SGP,2022,91227.6970426492,0.0256846779118822,0.919220055710306
Singapore,SGP,2023,86382.5900499252,0.0288899443180196,0.919220055710306
Slovak Republic,SVK,1995,3787.03820237267,2.1295687371656,50.8523908523908
Slovak Republic,SVK,1996,4069.11897669644,2.14604807961432,50.8108108108108
Slovak Republic,SVK,1997,4091.68452874888,1.94135888286546,50.8316008316008
Slovak Republic,SVK,1998,4250.37387978468,2.00526337552562,50.7900207900208
Slovak Republic,SVK,1999,3857.18012283382,1.5193958678326,50.7900207900208
Slovak Republic,SVK,2000,3827.72506501314,1.58662671347368,50.7276507276507
Slovak Republic,SVK,2001,3974.36802854653,1.9852549303455,46.8814968814969
Slovak Republic,SVK,2002,4606.38793538107,1.9090155227557,46.5072765072765
Slovak Republic,SVK,2003,6283.15169311309,1.67051880193861,46.4768239451258
Slovak Republic,SVK,2004,7996.74076556872,1.50647353218952,40.2079002079002
Slovak Republic,SVK,2005,9087.20357002472,1.47125970663954,40.3534303534304
Slovak Republic,SVK,2006,10629.1782325838,1.69161295680886,40.3118503118503
Slovak Republic,SVK,2007,14330.2064943926,2.13456038332977,40.1247401247401
Slovak Republic,SVK,2008,17973.8436435514,2.36047432017713,40.2702702702703
Slovak Republic,SVK,2009,16586.7527805228,1.90942987698677,40.1330838012061
Slovak Republic,SVK,2010,16899.448680529,1.4985946805378,40.4379197770893
Slovak Republic,SVK,2011,18469.4354316836,1.79373080653758,40.1285143902845
Slovak Republic,SVK,2012,17516.9691054078,1.79463304702131,40.0806854100815
Slovak Republic,SVK,2013,18312.7805149823,2.07432555568651,39.3736483114291
Slovak Republic,SVK,2014,18770.9289896545,2.6149279736894,39.2970049916805
Slovak Republic,SVK,2015,16442.0760860018,2.04596984034113,39.2787321658833
Slovak Republic,SVK,2016,16636.0769133073,2.06264218897129,39.2262895174709
Slovak Republic,SVK,2017,17645.5298716761,1.84814166887456,39.0806988352745
Slovak Republic,SVK,2018,19573.3717031314,2.00932916157168,39.2886855241265
Slovak Republic,SVK,2019,19406.0589683582,1.6170097133415,39.2054908485857
Slovak Republic,SVK,2020,19735.4858280801,1.72917824309886,39.1638935108153
Slovak Republic,SVK,2021,22123.3342114545,1.87136287988656,38.6023294509151
Slovak Republic,SVK,2022,21317.7943982363,1.930396226685,38.4567387687188
Slovak Republic,SVK,2023,24614.8734642794,2.12570153523878,37.9575707154742
Slovenia,SVN,1995,10738.0887611468,3.8282975157752,26.7130089374379
Slovenia,SVN,1996,10796.7399446283,3.6057770607895,26.0675273088381
Slovenia,SVN,1997,10436.7260661871,3.66283406958042,24.5779543197617
Slovenia,SVN,1998,11131.5666628231,3.48186775450156,24.3296921549156
Slovenia,SVN,1999,11401.4906790909,2.93554294561558,24.8262164846077
Slovenia,SVN,2000,10135.7219109212,3.00267671439981,25.7199602780536
Slovenia,SVN,2001,10375.6255869861,2.72189257546866,25.3227408142999
Slovenia,SVN,2002,11639.1297780477,2.89427967530958,25.0744786494538
Slovenia,SVN,2003,14711.674874253,2.21614657272353,25.3227408142999
Slovenia,SVN,2004,17103.8297783905,2.40213653237473,24.428997020854
Slovenia,SVN,2005,17969.7095907161,2.42413132120213,25.2730883813307
Slovenia,SVN,2006,19563.005059144,2.09205852541218,24.3793445878848
Slovenia,SVN,2007,23725.1596001515,2.03283295611526,24.7269116186693
Slovenia,SVN,2008,27461.9764165315,1.75871456280572,30.7035569983421
Slovenia,SVN,2009,24501.7897290425,1.76138111297772,31.0297928104121
Slovenia,SVN,2010,23329.8417691156,1.81942536718625,30.9666339061461
Slovenia,SVN,2011,24940.6284841605,2.04087230966772,30.8056189814355
Slovenia,SVN,2012,22442.1417859955,1.82601354087255,30.36826717364
Slovenia,SVN,2013,23236.9655321695,1.8307708216806,30.298411122145
Slovenia,SVN,2014,24013.0682060959,1.82135489758977,30.5283018867925
Slovenia,SVN,2015,20697.2748530619,1.97361186480213,30.6062772432556
Slovenia,SVN,2016,21447.8377796036,1.85129615497703,30.6563399860987
Slovenia,SVN,2017,23303.077705959,1.69303673263207,30.5411136105194
Slovenia,SVN,2018,25888.0481065655,1.99134296260198,30.3927216384259
Slovenia,SVN,2019,25814.1687167572,1.77040651705792,30.4066268051886
Slovenia,SVN,2020,25392.0651093612,1.89729714128329,30.3177330605272
Slovenia,SVN,2021,29192.8401933019,1.51147755118796,30.3410738761646
Slovenia,SVN,2022,28360.3041467268,1.62480238565618,30.3291551617965
Slovenia,SVN,2023,32660.4753581346,1.53197014432848,30.355856862599
Solomon Islands,SLB,1990,648.325212624098,38.4630255239294,2.42943908538764
Solomon Islands,SLB,1991,665.833104132659,62.5320232372346,2.46516613076099
Solomon Islands,SLB,1992,763.857968549522,64.6732343167375,2.53662022150768
Solomon Islands,SLB,1993,828.869997791691,60.5195102404915,2.53662022150768
Solomon Islands,SLB,1994,1078.0410925874,51.7919861272597,2.57234726688103
Solomon Islands,SLB,1995,1220.17919311126,46.7765930153709,2.60807431225438
Solomon Islands,SLB,1996,1289.33036923435,43.2580203346195,2.60807431225438
Solomon Islands,SLB,1997,1292.23951946469,42.6278607175143,2.60807431225438
Solomon Islands,SLB,1998,1091.89096889326,36.6954341141105,2.64380135762772
Solomon Islands,SLB,1999,1133.62256531791,33.5982924122113,2.71525544837442
Solomon Islands,SLB,2000,953.17190137706,34.4059283600331,2.71525544837442
Solomon Islands,SLB,2001,911.791935385411,23.901188129806,2.75098249374777
Solomon Islands,SLB,2002,756.890296490792,30.0235634042157,2.82243658449446
Solomon Islands,SLB,2003,895.984242546501,35.8267848648847,2.96534476598785
Solomon Islands,SLB,2004,986.070953503889,35.5410581367329,2.96534476598785
Solomon Islands,SLB,2005,1144.49233397681,31.2455081834652,3.45837799214005
Solomon Islands,SLB,2006,1255.62447417684,30.6960533721701,3.46909610575205
Solomon Islands,SLB,2007,1390.14870956707,30.8166648760638,3.61557699178278
Solomon Islands,SLB,2008,1525.84666261203,31.5381811872725,3.58342265094677
Solomon Islands,SLB,2009,1554.70671006386,30.4318174315741,3.67988567345481
Solomon Islands,SLB,2010,1685.14535823757,32.4643247305045,3.35476956055734
Solomon Islands,SLB,2011,1924.05795643133,32.8222868801178,3.48338692390139
Solomon Islands,SLB,2012,2066.25738638356,33.3378659699208,3.47981421936406
Solomon Islands,SLB,2013,2161.38627543917,33.6180259322108,3.51196856020007
Solomon Islands,SLB,2014,2164.95289873002,34.7578947381245,3.59056806002144
Solomon Islands,SLB,2015,2045.47721526649,33.2230640760498,3.61200428724544
Solomon Islands,SLB,2016,2082.62383124213,34.4468095703573,3.62986780993212
Solomon Islands,SLB,2017,2143.57670489272,33.2802067308765,3.6691675598428
Solomon Islands,SLB,2018,2278.19908624102,33.968525917344,3.71561271882815
Solomon Islands,SLB,2019,2223.65890942466,32.6714892883641,3.70846730975348
Solomon Islands,SLB,2020,2063.32780991967,34.1195267292323,3.73704894605216
Solomon Islands,SLB,2021,2043.44413170658,34.4855546012102,3.89067524115756
Solomon Islands,SLB,2022,1877.78104490956,31.9698479049908,3.8335119685602
Solomon Islands,SLB,2023,1882.64394148042,30.5256377079793,3.90139335476956
"Somalia, Fed. Rep.",SOM,1961,64.9242576104754,64.163654131829,69.9859725188893
"Somalia, Fed. Rep.",SOM,1962,67.1702359919979,64.9470589100208,69.9939426786113
"Somalia, Fed. Rep.",SOM,1963,69.4922344839154,64.0326711281641,70.0019128383333
"Somalia, Fed. Rep.",SOM,1964,71.8899399360419,64.5135914215097,70.0098829980553
"Somalia, Fed. Rep.",SOM,1965,74.3548708796131,63.4384525418062,70.0178531577773
"Somalia, Fed. Rep.",SOM,1966,76.4837413887233,61.8690200174064,70.0258233174993
"Somalia, Fed. Rep.",SOM,1967,78.6738966197917,59.6352952703495,70.0337934772213
"Somalia, Fed. Rep.",SOM,1968,80.8438204901175,54.62890625,70.0417636369433
"Somalia, Fed. Rep.",SOM,1969,84.1406268777878,53.7467722467717,70.0497337966653
"Somalia, Fed. Rep.",SOM,1970,93.0828499649358,48.8608382315685,70.0577039563873
"Somalia, Fed. Rep.",SOM,1971,90.4292309374489,48.1549128932314,70.0656741161093
"Somalia, Fed. Rep.",SOM,1972,113.69240195555,50.8334827131989,70.0736442758313
"Somalia, Fed. Rep.",SOM,1973,119.562133453537,56.487728186589,70.0816144355533
"Somalia, Fed. Rep.",SOM,1974,137.891575811774,31.2410444249509,70.0895845952753
"Somalia, Fed. Rep.",SOM,1975,177.806143412254,45.7714411794507,70.0975547549973
"Somalia, Fed. Rep.",SOM,1976,199.583547142014,47.2624781614237,70.1055249147193
"Somalia, Fed. Rep.",SOM,1977,111.183132355277,55.9302474418605,70.1134950744413
"Somalia, Fed. Rep.",SOM,1978,117.255345126001,55.0214302140673,70.1214652341633
"Somalia, Fed. Rep.",SOM,1979,108.194947756464,51.1407766722315,70.1294353938853
"Somalia, Fed. Rep.",SOM,1980,101.499312257078,64.4772486015801,70.1374055536073
"Somalia, Fed. Rep.",SOM,1981,116.884526594286,62.7539011969532,70.1453757133293
"Somalia, Fed. Rep.",SOM,1982,129.013919752012,62.9487142042527,70.1533458730513
"Somalia, Fed. Rep.",SOM,1983,118.644340868341,60.7105227931339,70.1613160327733
"Somalia, Fed. Rep.",SOM,1984,122.493293689734,65.2048880792893,70.1692861924953
"Somalia, Fed. Rep.",SOM,1985,130.832875614815,63.6762498888762,70.1772563522173
"Somalia, Fed. Rep.",SOM,1986,131.414859681198,59.5196273612783,70.1852265119393
"Somalia, Fed. Rep.",SOM,1987,140.969852181578,60.8167080444319,70.1931966716613
"Somalia, Fed. Rep.",SOM,1988,145.341346820158,65.8636060346692,70.1995727994389
"Somalia, Fed. Rep.",SOM,1989,166.042337271006,56.1841819380893,70.2011668313833
"Somalia, Fed. Rep.",SOM,1990,145.603501373513,55.7941831843125,70.2043548952721
South Africa,ZAF,1961,545.657511922673,9.31714719271624,83.5346099629871
South Africa,ZAF,1962,563.423008817945,8.9586305278174,82.5454005885796
South Africa,ZAF,1963,604.536855270991,8.83528956532955,81.6056516828924
South Africa,ZAF,1964,645.873375685446,7.6463700234192,80.5793469569447
South Africa,ZAF,1965,684.62122774035,7.43438671665774,79.6395980512575
South Africa,ZAF,1966,721.75375941418,7.70367451482613,79.4862705982244
South Africa,ZAF,1967,778.839335829791,8.49482346694983,79.2587524421106
South Africa,ZAF,1968,817.128340614066,7.13701765860039,79.0765730489906
South Africa,ZAF,1969,890.922089102936,6.66666666666667,78.8861502444172
South Africa,ZAF,1970,952.352188073537,5.7468989179203,78.6957274398437
South Africa,ZAF,1971,1020.43983590718,6.23506927854754,78.5053046352702
South Africa,ZAF,1972,1038.39407468283,6.15515228695744,78.3190035364235
South Africa,ZAF,1973,1369.16160033933,5.92210717844301,78.1244590261234
South Africa,ZAF,1974,1656.2890557998,7.17206556910714,77.94640133873
South Africa,ZAF,1975,1670.11816898954,6.32524424834541,77.7394917112498
South Africa,ZAF,1976,1558.99824733487,5.56130005868709,77.5449472009497
South Africa,ZAF,1977,1671.46618837272,5.81997158514309,77.5358794483509
South Africa,ZAF,1978,1851.75191300848,5.58204831090115,77.543298518659
South Africa,ZAF,1979,2201.51922339868,5.00188394875659,77.5342307660602
South Africa,ZAF,1980,3028.97447561832,5.30465126297802,77.5334064249149
South Africa,ZAF,1981,3049.71474333882,5.43192356158015,77.5243386723161
South Africa,ZAF,1982,2717.16388710425,4.70217419271838,77.5152709197174
South Africa,ZAF,1983,2938.48980239675,3.65363264011345,77.5152709197174
South Africa,ZAF,1984,2504.07736790289,3.95744646864792,77.5152709197174
South Africa,ZAF,1985,1839.4841908184,4.28584356009717,77.5152709197174
South Africa,ZAF,1986,2027.4662038189,4.12008256869787,77.817804120057
South Africa,ZAF,1987,2586.27423314228,4.62630373950649,78.0238894063919
South Africa,ZAF,1988,2702.05504774508,4.76800852835169,78.2299746927268
South Africa,ZAF,1989,2726.70980679488,4.39916018278375,78.5597111508627
South Africa,ZAF,1990,3093.48920352334,3.7770561775014,78.8070134944646
South Africa,ZAF,1991,3243.23616023953,3.74350458027535,79.1408716583271
South Africa,ZAF,1992,3462.39400202835,3.14920989404015,79.526663314346
South Africa,ZAF,1993,3399.64009566241,3.42257462613413,79.9083332646382
South Africa,ZAF,1994,3488.59711541763,3.75544808249115,80.179541501455
South Africa,ZAF,1995,3855.6340871567,3.12158524596013,80.3897484935165
South Africa,ZAF,1996,3617.55336002932,3.41658824480889,80.6947547172922
South Africa,ZAF,1997,3700.23554789867,3.265895498876,80.7400934802859
South Africa,ZAF,1998,3309.60933087472,3.03418044396185,80.7755401495355
South Africa,ZAF,1999,3242.36830483958,2.84639917281201,80.8332440297092
South Africa,ZAF,2000,3217.84693448467,2.61474799327768,80.888474886447
South Africa,ZAF,2001,2847.15191945908,2.8124516945524,80.796148678169
South Africa,ZAF,2002,2688.23676032806,2.95697182549084,80.8085137953491
South Africa,ZAF,2003,4062.21755993786,2.65397752870021,80.7260796808151
South Africa,ZAF,2004,5221.46333731721,2.411716114862,80.4622905143064
South Africa,ZAF,2005,5836.87663325127,2.08511798972012,80.359247871139
South Africa,ZAF,2006,6077.38293388876,2.05097651238464,79.8687648896619
South Africa,ZAF,2007,6591.85535960564,2.35591400504256,79.8704135719526
South Africa,ZAF,2008,6184.75474328399,2.57248876696489,80.0501199416366
South Africa,ZAF,2009,6374.70560042992,2.39949613487755,79.9511990041959
South Africa,ZAF,2010,7973.47195771517,2.10778749314158,79.871237913098
South Africa,ZAF,2011,8646.05571071635,2.04389308620297,79.4450535409574
South Africa,ZAF,2012,8076.97678479741,1.97670959546361,79.4178502831612
South Africa,ZAF,2013,7331.65467384919,1.92684924597199,79.4178502831612
South Africa,ZAF,2014,6856.73137092522,2.12574854869936,79.4178502831612
South Africa,ZAF,2015,6112.27382485974,2.23397839045912,79.4178502831612
South Africa,ZAF,2016,5651.20585165749,2.41418607394576,79.4178502831612
South Africa,ZAF,2017,6618.33508255701,2.49379863849766,79.4178502831612
South Africa,ZAF,2018,6914.1780318076,2.2607038266992,79.4178502831612
South Africa,ZAF,2019,6533.71121032856,1.9503211452698,79.4178502831612
South Africa,ZAF,2020,5580.60383075189,2.57866122238783,79.4178502831612
South Africa,ZAF,2021,6828.75624590017,2.45787199667371,79.4178502831612
South Africa,ZAF,2022,6534.24867783397,2.60577484985618,79.4178502831612
South Africa,ZAF,2023,6034.27208964673,2.53517112309848,79.4178502831612
Spain,ESP,1995,15460.9110266653,3.87455758605481,59.5046452026269
Spain,ESP,1996,16100.6215831114,4.37962474383674,60.3455870575044
Spain,ESP,1997,14722.3717633536,4.29484499133863,60.1854076565754
Spain,ESP,1998,15382.3348573373,4.14483430202733,59.9831811629025
Spain,ESP,1999,15707.9473068138,3.81323898515226,59.6227775108121
Spain,ESP,2000,14743.2671031455,3.7443114170073,59.6513026052104
Spain,ESP,2001,15368.2337984435,3.67425723081839,59.2152772205729
Spain,ESP,2002,17111.0685058941,3.48212189760772,58.9511862776531
Spain,ESP,2003,21522.0170990262,3.42077756723389,58.3982692654394
Spain,ESP,2004,24925.0267844576,3.11780935959045,58.2375095156056
Spain,ESP,2005,26450.9530130382,2.75836581828682,58.4343505179427
Spain,ESP,2006,28421.686527407,2.40075384884813,57.3429796785442
Spain,ESP,2007,32652.015594702,2.4946614560374,56.1078720121817
Spain,ESP,2008,35603.248328071,2.35367195478016,56.4194065757819
Spain,ESP,2009,32279.8208476151,2.24960158062983,56.0903220631292
Spain,ESP,2010,30658.7422282912,2.41740898393438,55.0888982220356
Spain,ESP,2011,31824.6219134777,2.3625185975353,54.0409698327599
Spain,ESP,2012,28456.4438151477,2.39776671776239,53.8613782211471
Spain,ESP,2013,29228.846559842,2.60946207875576,53.4439535395134
Spain,ESP,2014,29707.765509467,2.52697678134345,53.1336838527818
Spain,ESP,2015,25982.4416197775,2.72327046339292,53.1890621841609
Spain,ESP,2016,26755.6061149398,2.81522075003094,52.5772473596977
Spain,ESP,2017,28381.3425596906,2.80344676690393,52.6387138276281
Spain,ESP,2018,30602.4212881113,2.70128254621885,52.408209711446
Spain,ESP,2019,29786.5245689007,2.51980122994951,52.4584917258728
Spain,ESP,2020,27233.9426461608,2.78468031745976,52.3316792232841
Spain,ESP,2021,30799.4775937775,2.76824927112995,52.4848941208322
Spain,ESP,2022,30319.4987196616,2.36964000049424,53.3572810066811
Spain,ESP,2023,33493.2225409111,2.6062235563618,49.5753269878931
Sri Lanka,LKA,1961,145.900945139998,32.9099504436364,27.4756817094562
Sri Lanka,LKA,1962,141.383197837884,31.0925225394548,27.220538988997
Sri Lanka,LKA,1963,119.352332353465,32.3497414386345,32.8496252591293
Sri Lanka,LKA,1964,122.941808998544,30.9623853971513,33.5353213203636
Sri Lanka,LKA,1965,155.566984755479,28.5648868629391,34.3804815818849
Sri Lanka,LKA,1966,156.606032177183,28.6826528487466,35.1618561632913
Sri Lanka,LKA,1967,162.294823066611,30.0772317915237,35.9591771647265
Sri Lanka,LKA,1968,153.48764748655,31.6278697704796,37.011640886621
Sri Lanka,LKA,1969,163.60657987529,29.3232354681488,37.1232658268219
Sri Lanka,LKA,1970,186.900791824546,28.7677688451405,37.2029979269654
Sri Lanka,LKA,1971,188.760802167739,27.5239552170819,37.2986764471376
Sri Lanka,LKA,1972,199.38289288123,26.7386974945891,37.3943549673098
Sri Lanka,LKA,1973,220.170239208337,27.6691571451858,37.4900334874821
Sri Lanka,LKA,1974,268.650905004753,33.5287234613605,37.5857120076543
Sri Lanka,LKA,1975,279.82158260032,30.6494282989051,37.6176048477117
Sri Lanka,LKA,1976,260.301495010261,29.3206117240009,38.2076223887737
Sri Lanka,LKA,1977,292.148992496788,30.9778232235559,38.7976399298358
Sri Lanka,LKA,1978,190.996464636951,30.7851856463143,39.3717110508691
Sri Lanka,LKA,1979,230.775069370251,27.2362996888541,37.6176048477117
Sri Lanka,LKA,1980,271.055290073685,27.8179872683271,37.4581406474247
Sri Lanka,LKA,1981,292.45135975768,27.9615910475854,37.4581406474247
Sri Lanka,LKA,1982,311.957878889278,26.5994501995203,36.6129803859034
Sri Lanka,LKA,1983,335.823151714647,28.4760071964869,36.8043374262478
Sri Lanka,LKA,1984,391.369617569858,28.8564893174457,36.8521766863339
Sri Lanka,LKA,1985,384.611537689196,28.0574636126251,36.9159623664487
Sri Lanka,LKA,1986,407.164600454213,27.4549968067798,37.0913729867645
Sri Lanka,LKA,1987,419.824409443665,27.3022899310198,37.2189443469941
Sri Lanka,LKA,1988,434.015552780537,26.6836234329811,37.2667836070802
Sri Lanka,LKA,1989,430.02388973818,25.9559828517097,37.3146228671663
Sri Lanka,LKA,1990,491.213686238493,26.6849955743604,37.2986764471376
Sri Lanka,LKA,1991,546.292515570886,27.0879705649331,37.3465157072237
Sri Lanka,LKA,1992,579.655117618283,26.1223611336451,37.3784085472811
Sri Lanka,LKA,1993,607.231847102846,24.8807033118813,36.9956944665922
Sri Lanka,LKA,1994,678.268012020205,23.9738394947883,37.0435337266784
Sri Lanka,LKA,1995,741.838255293455,23.1401230659566,37.0913729867645
Sri Lanka,LKA,1996,776.192371057587,22.5390632811198,37.1073194067932
Sri Lanka,LKA,1997,827.035756058631,21.9486006411524,37.1232658268219
Sri Lanka,LKA,1998,847.533577843861,21.1644905234453,37.1392122468506
Sri Lanka,LKA,1999,829.356379527539,20.7284809437567,37.3943549673098
Sri Lanka,LKA,2000,860.199884304769,19.9273150418722,37.4740870674534
Sri Lanka,LKA,2001,803.544026627385,20.0666052033611,37.4900334874821
Sri Lanka,LKA,2002,834.936014905338,14.2793225360883,37.5697655876256
Sri Lanka,LKA,2003,946.382255128072,13.230514884212,38.0465635464838
Sri Lanka,LKA,2004,1028.62068132555,12.5438041438828,36.4917875936852
Sri Lanka,LKA,2005,1207.21994764165,11.8194768226447,39.7464519215436
Sri Lanka,LKA,2006,1388.89739119932,11.3362802346632,38.7529899537554
Sri Lanka,LKA,2007,1578.63451125392,11.6831643328505,37.9907510763833
Sri Lanka,LKA,2008,1973.58476901287,13.379200767591,41.4224206665604
Sri Lanka,LKA,2009,2026.65939950702,12.691971303497,41.6137777069048
Sri Lanka,LKA,2010,2808.36245207687,9.04833700695796,41.7796204752033
Sri Lanka,LKA,2011,3224.95745082305,9.53315934995748,43.5337266783607
Sri Lanka,LKA,2012,3327.77612404326,7.91028886801456,43.6931908786477
Sri Lanka,LKA,2013,3739.43182292825,7.9246041166418,43.6931908786477
Sri Lanka,LKA,2014,3972.04377042271,8.08070792377259,43.6931908786477
Sri Lanka,LKA,2015,4057.71582716521,8.21693887934065,44.2699497519913
Sri Lanka,LKA,2016,4149.19189391879,7.26171847766503,44.4315189116701
Sri Lanka,LKA,2017,4398.88828786059,7.43067877940601,44.5963194545425
Sri Lanka,LKA,2018,4358.56095905888,7.5920639513666,45.448079658606
Sri Lanka,LKA,2019,4081.94772178134,7.2562466999024,45.4472947072851
Sri Lanka,LKA,2020,3847.60136741182,8.25132326034921,45.4574846427417
Sri Lanka,LKA,2021,3996.96240531688,8.78994016441411,45.4574846427417
Sri Lanka,LKA,2022,3342.63650438046,8.4479528697634,45.4574846427417
Sri Lanka,LKA,2023,3815.41531767474,8.04312180256758,48.6081474296799
St. Kitts and Nevis,KNA,1977,1026.25343180719,10.462793407691,42.8571428571429
St. Kitts and Nevis,KNA,1978,1143.84000123408,8.63115306810519,42.8571428571429
St. Kitts and Nevis,KNA,1979,1367.339965625,8.04431296028199,42.8571428571429
St. Kitts and Nevis,KNA,1980,1597.6489908812,8.42350140662194,57.6923076923077
St. Kitts and Nevis,KNA,1981,1894.44210241437,5.77380952380952,57.6923076923077
St. Kitts and Nevis,KNA,1982,2022.52944188428,8.15465426677,53.8461538461538
St. Kitts and Nevis,KNA,1983,2052.11116535348,6.30968622100955,53.8461538461538
St. Kitts and Nevis,KNA,1984,2341.40772929271,6.64838673327574,50.0
St. Kitts and Nevis,KNA,1985,2650.9864691075,4.93126918457227,50.0
St. Kitts and Nevis,KNA,1986,3140.11209537184,5.84667705824005,46.1538461538462
St. Kitts and Nevis,KNA,1987,3573.284031831,5.91095959089542,46.1538461538462
St. Kitts and Nevis,KNA,1988,4205.65468298165,5.44319814699637,46.1538461538462
St. Kitts and Nevis,KNA,1989,4723.45351878204,4.25163524432474,46.1538461538462
St. Kitts and Nevis,KNA,1990,5373.44824048425,3.49982952608251,46.1538461538462
St. Kitts and Nevis,KNA,1991,5464.61025672087,3.78698821079502,46.1538461538462
St. Kitts and Nevis,KNA,1992,5947.1211356266,3.98458173363721,46.1538461538462
St. Kitts and Nevis,KNA,1993,6395.31437746849,3.85317493751229,46.1538461538462
St. Kitts and Nevis,KNA,1994,7065.28291984056,3.23365916705357,38.4615384615385
St. Kitts and Nevis,KNA,1995,7406.44486096454,2.89694119870985,38.4615384615385
St. Kitts and Nevis,KNA,1996,7788.42839854571,2.78267620473576,34.6153846153846
St. Kitts and Nevis,KNA,1997,8626.72257471312,3.0509044848197,34.6153846153846
St. Kitts and Nevis,KNA,1998,8710.78984057184,2.26454883145024,34.6153846153846
St. Kitts and Nevis,KNA,1999,9116.28627997718,1.75160252026516,38.4615384615385
St. Kitts and Nevis,KNA,2000,9319.65545093525,1.54557603038402,36.5384615384615
St. Kitts and Nevis,KNA,2001,10022.5919235637,1.73631881012044,35.7692307692308
St. Kitts and Nevis,KNA,2002,10453.6587064313,1.78559043163971,31.1538461538462
St. Kitts and Nevis,KNA,2003,10175.6295449989,1.78005018226578,31.1538461538462
St. Kitts and Nevis,KNA,2004,10944.6183741768,1.78207404484777,30.8846153846154
St. Kitts and Nevis,KNA,2005,11783.7867154145,1.66096991437951,19.2307692307692
St. Kitts and Nevis,KNA,2006,13837.8495311219,1.18856039358131,19.2692307692308
St. Kitts and Nevis,KNA,2007,14757.9579751035,1.15524939953897,19.5769230769231
St. Kitts and Nevis,KNA,2008,16604.9448615905,1.22394357477247,19.6153846153846
St. Kitts and Nevis,KNA,2009,16503.4119292794,1.12219809235891,21.1538461538462
St. Kitts and Nevis,KNA,2010,16622.9457908577,1.26846576046116,21.9230769230769
St. Kitts and Nevis,KNA,2011,17832.4572919975,1.33469179826796,23.0769230769231
St. Kitts and Nevis,KNA,2012,17532.0559008608,1.16601837961175,23.0769230769231
St. Kitts and Nevis,KNA,2013,18580.1301949935,1.08373424583277,23.0769230769231
St. Kitts and Nevis,KNA,2014,20219.3954237956,0.937876842883261,23.0769230769231
St. Kitts and Nevis,KNA,2015,20328.8003530109,0.848520023215322,23.0769230769231
St. Kitts and Nevis,KNA,2016,21387.5415511103,0.789799919806063,23.0769230769231
St. Kitts and Nevis,KNA,2017,22464.9899633959,0.902993860903204,23.0769230769231
St. Kitts and Nevis,KNA,2018,22901.3816403197,0.916165522176504,23.0769230769231
St. Kitts and Nevis,KNA,2019,23595.4923231291,0.899635933284524,23.0769230769231
St. Kitts and Nevis,KNA,2020,18859.0190361046,1.12671217092169,23.0769230769231
St. Kitts and Nevis,KNA,2021,18361.1449697886,1.23971220042445,23.0769230769231
St. Kitts and Nevis,KNA,2022,21011.5744209816,1.18610039775686,23.0769230769231
St. Kitts and Nevis,KNA,2023,22576.9248439166,1.3967146856778,23.0769230769231
St. Lucia,LCA,2006,7611.17856675319,2.98042746454348,16.5573770491803
St. Lucia,LCA,2007,7964.38211480117,2.91458779159669,16.2786885245902
St. Lucia,LCA,2008,8516.96075488787,3.58977133209373,16.2950819672131
St. Lucia,LCA,2009,8250.52180732734,3.64863368192877,16.2950819672131
St. Lucia,LCA,2010,8673.68720340529,2.69060872867551,16.2950819672131
St. Lucia,LCA,2011,9128.99442011613,2.34543994710244,16.2950819672131
St. Lucia,LCA,2012,9260.30006551714,2.36885770168429,16.2950819672131
St. Lucia,LCA,2013,9577.21733754358,2.62387744085513,16.2950819672131
St. Lucia,LCA,2014,10044.8218377677,2.21690522571356,16.2950819672131
St. Lucia,LCA,2015,10334.9860823918,2.15259095649537,16.2950819672131
St. Lucia,LCA,2016,10638.1269396653,2.07707722588586,16.2950819672131
St. Lucia,LCA,2017,11333.1123822102,1.56172395644149,16.2950819672131
St. Lucia,LCA,2018,11642.6984727769,1.62887405698184,16.2950819672131
St. Lucia,LCA,2019,11764.3944032403,1.73660334561951,16.2950819672131
St. Lucia,LCA,2020,8537.11495506727,1.95682332611288,16.2950819672131
St. Lucia,LCA,2021,10481.1233971786,1.63301662707838,16.2950819672131
St. Lucia,LCA,2022,12976.1489693474,1.60927247473538,16.2950819672131
St. Lucia,LCA,2023,13616.6397593734,1.25466516976667,16.2950819672131
St. Vincent and the Grenadines,VCT,1977,483.859271677682,11.8991535661826,28.2051282051282
St. Vincent and the Grenadines,VCT,1978,592.019182500428,14.2635786782325,28.2051282051282
St. Vincent and the Grenadines,VCT,1979,687.067392389007,12.5087651646237,30.7692307692308
St. Vincent and the Grenadines,VCT,1980,790.115816929074,9.99622357822119,30.7692307692308
St. Vincent and the Grenadines,VCT,1981,971.577277314431,11.7685280058833,30.7692307692308
St. Vincent and the Grenadines,VCT,1982,1073.51398364931,11.0242811807471,28.2051282051282
St. Vincent and the Grenadines,VCT,1983,1144.30586148776,10.3834483722539,30.7692307692308
St. Vincent and the Grenadines,VCT,1984,1253.86525558125,12.1493706952189,30.7692307692308
St. Vincent and the Grenadines,VCT,1985,1342.2456378927,12.1715891594787,30.7692307692308
St. Vincent and the Grenadines,VCT,1986,1471.86296489478,12.3777177578793,33.3333333333333
St. Vincent and the Grenadines,VCT,1987,1596.17319303831,11.3214071673148,29.8974358974359
St. Vincent and the Grenadines,VCT,1988,1813.93765107441,13.6879144713072,28.974358974359
St. Vincent and the Grenadines,VCT,1989,1929.91050958212,13.0286552126477,28.0512820512821
St. Vincent and the Grenadines,VCT,1990,2149.73944358984,14.1697098568545,27.1282051282051
St. Vincent and the Grenadines,VCT,1991,2270.76357246912,12.4731120283704,26.2051282051282
St. Vincent and the Grenadines,VCT,1992,2470.51840791008,13.2262018974523,25.2820512820513
St. Vincent and the Grenadines,VCT,1993,2539.64968649849,9.78745973636211,24.3589743589744
St. Vincent and the Grenadines,VCT,1994,2563.24976564442,7.06991861595946,23.4358974358974
St. Vincent and the Grenadines,VCT,1995,2795.36305613955,9.19809662220764,22.5128205128205
St. Vincent and the Grenadines,VCT,1996,2930.44394742606,8.1551250251391,21.5897435897436
St. Vincent and the Grenadines,VCT,1997,3073.7784743848,6.44848665573282,20.6666666666667
St. Vincent and the Grenadines,VCT,1998,3301.10018129103,7.05810045897479,19.7435897435897
St. Vincent and the Grenadines,VCT,1999,3446.52293031878,6.93973116954519,18.8205128205128
St. Vincent and the Grenadines,VCT,2000,3768.95536604022,8.46640148381463,17.9487179487179
St. Vincent and the Grenadines,VCT,2001,4071.08601098962,6.84747690216531,17.9487179487179
St. Vincent and the Grenadines,VCT,2002,4303.27976789727,6.98621312195398,17.9487179487179
St. Vincent and the Grenadines,VCT,2003,4499.61454193342,6.10487656500833,17.9487179487179
St. Vincent and the Grenadines,VCT,2004,4873.48947742443,5.85289384167699,17.9487179487179
St. Vincent and the Grenadines,VCT,2005,5157.39373878102,6.59730508835995,17.9487179487179
St. Vincent and the Grenadines,VCT,2006,5744.8278621257,6.14814293404524,17.9487179487179
St. Vincent and the Grenadines,VCT,2007,6398.19123532172,5.95899436916071,17.9487179487179
St. Vincent and the Grenadines,VCT,2008,6598.90531450859,6.0359091751918,17.9487179487179
St. Vincent and the Grenadines,VCT,2009,6463.78777336717,6.34514264594716,17.9487179487179
St. Vincent and the Grenadines,VCT,2010,6551.96835992405,6.26506875121356,17.9487179487179
St. Vincent and the Grenadines,VCT,2011,6527.68996854448,6.33056361856909,17.9487179487179
St. Vincent and the Grenadines,VCT,2012,6713.80768643865,6.15236356773518,17.9487179487179
St. Vincent and the Grenadines,VCT,2013,7072.46737188939,6.54391422693896,17.9487179487179
St. Vincent and the Grenadines,VCT,2014,7168.82875342911,6.55414786949357,17.9487179487179
St. Vincent and the Grenadines,VCT,2015,7353.73556054184,6.26030041907991,17.9487179487179
St. Vincent and the Grenadines,VCT,2016,7656.90042881178,6.75105293320355,17.9487179487179
St. Vincent and the Grenadines,VCT,2017,7988.04445019298,6.76902554291306,17.9487179487179
St. Vincent and the Grenadines,VCT,2018,8428.12677153069,7.10938187118093,17.9487179487179
St. Vincent and the Grenadines,VCT,2019,8740.59425232061,7.00321360289631,17.9487179487179
St. Vincent and the Grenadines,VCT,2020,8351.20324040982,8.64273688810065,17.9487179487179
St. Vincent and the Grenadines,VCT,2021,8641.27904024443,5.2074867781098,17.9487179487179
St. Vincent and the Grenadines,VCT,2022,9693.55867833025,4.63941650660287,17.9487179487179
St. Vincent and the Grenadines,VCT,2023,10582.3656725229,4.20063280645518,17.9487179487179
Sudan,SDN,2012,1019.22210693359,30.5999999961027,59.6712847965739
Sudan,SDN,2013,1138.62780761719,30.6000000025472,59.664539614561
Sudan,SDN,2014,1275.43835449219,31.9000000019741,59.6600428265525
Sudan,SDN,2015,1292.37963867188,31.3999999994923,59.8232762312634
Sudan,SDN,2016,1033.21594238281,31.6000000015638,59.9865096359743
Sudan,SDN,2017,966.505676269531,31.7999999982698,60.1497430406852
Sudan,SDN,2018,731.027465820313,21.999999999848,60.3131691648822
Sudan,SDN,2019,709.975280761719,20.19999999954,60.3131691648822
Sudan,SDN,2020,577.795227050781,20.4,60.3131691648822
Sudan,SDN,2021,712.122009277344,20.1999999999641,60.3131691648822
Sudan,SDN,2022,1046.24084472656,26.4,60.3131691648822
Sudan,SDN,2023,797.283447265625,30.2756760075975,60.3131691648822
Suriname,SUR,1961,394.80774658988,9.28505106778087,0.255439601898003
Suriname,SUR,1962,409.105638366818,8.78174773999139,0.261669836090638
Suriname,SUR,1963,424.025532430631,8.77332274712187,0.255439601898003
Suriname,SUR,1964,434.893751961714,9.04017857142857,0.286590772861175
Suriname,SUR,1965,481.71875,9.21180668180344,0.292821007053809
Suriname,SUR,1966,574.84107690217,8.24796427633307,0.274130304475906
Suriname,SUR,1967,644.042967325106,7.81603987313095,0.267900070283272
Suriname,SUR,1968,680.595348207639,7.85166770250673,0.267900070283272
Suriname,SUR,1969,707.674445225753,6.91315232043135,0.292821007053809
Suriname,SUR,1970,724.484901513275,6.47508184794471,0.299051241246443
Suriname,SUR,1971,767.990365675678,6.51162790697674,0.32397217801698
Suriname,SUR,1972,784.951674957789,6.69979163327456,0.330202412209614
Suriname,SUR,1973,857.69079166793,6.31904551480336,0.348893114787517
Suriname,SUR,1974,1041.08454668306,7.08795900939368,0.355123348980151
Suriname,SUR,1975,1190.01968453614,6.2406015037594,0.361353583172785
Suriname,SUR,1976,1301.86536317022,7.08209693372898,0.36758381736542
Suriname,SUR,1977,1665.94384873282,7.17848791893998,0.380044285750688
Suriname,SUR,1978,1927.90601359888,6.23385452073419,0.386274519943322
Suriname,SUR,1979,2072.28775271317,7.41214057507987,0.398734988328591
Suriname,SUR,1980,2117.87083385503,7.73584905660377,0.429886159291762
Suriname,SUR,1981,2367.76851800063,7.8740157480315,0.454807096062299
Suriname,SUR,1982,2429.92391549707,7.86885245901639,0.467267564447567
Suriname,SUR,1983,2332.69790308016,7.18732314657612,0.467267564447567
Suriname,SUR,1984,2260.63794993629,7.75462962962963,0.479728032832836
Suriname,SUR,1985,2255.97717664327,8.1901489117984,0.504648969603373
Suriname,SUR,1986,2271.04733260266,9.31537598204265,0.523339672181275
Suriname,SUR,1987,2469.06737278634,10.4081632653061,0.548260608951812
Suriname,SUR,1988,2886.42980207694,10.077519379845,0.548260608951812
Suriname,SUR,1989,1328.57013435061,8.99373387394029,0.548260608951812
Suriname,SUR,1990,941.591736102188,8.08444902162719,0.548260608951812
Suriname,SUR,1991,1079.72521342705,8.81499665253292,0.554490843144447
Suriname,SUR,1992,968.895253466926,11.1550502553963,0.554490843144447
Suriname,SUR,1993,1022.44583519896,18.8777610097407,0.554490843144447
Suriname,SUR,1994,1433.54255652781,16.3219779136265,0.554490843144447
Suriname,SUR,1995,1609.82504373206,13.9863845879555,0.554490843144447
Suriname,SUR,1996,1962.88495820295,14.7834847405812,0.554490843144447
Suriname,SUR,1997,2067.59814938391,11.7017343598628,0.548260608951812
Suriname,SUR,1998,2428.58641994202,8.38727100868704,0.548260608951812
Suriname,SUR,1999,1898.1801816053,8.44662232193228,0.548260608951812
Suriname,SUR,2000,1988.22172925433,9.5392456953923,0.548260608951812
Suriname,SUR,2001,1714.64846637242,9.09486789950564,0.535800140566544
Suriname,SUR,2002,2202.340682196,6.70477450484455,0.461037330254933
Suriname,SUR,2003,2516.10404020956,6.47972387648306,0.501533852507056
Suriname,SUR,2004,2887.7721728844,5.22488058560067,0.482843149929153
Suriname,SUR,2005,3453.42865937765,4.91937130026536,0.453561049223772
Suriname,SUR,2006,5002.65798695759,9.99167360532889,0.453561049223772
Suriname,SUR,2007,5530.17615638309,10.1476243642228,0.436116393484396
Suriname,SUR,2008,6576.08546307249,8.92967622190142,0.441100580838504
Suriname,SUR,2009,7129.5768626291,9.84207557811619,0.500910829087792
Suriname,SUR,2010,7943.60482816915,9.47219211206537,0.48782733728326
Suriname,SUR,2011,7949.88867218383,8.73235538333795,0.498418735410739
Suriname,SUR,2012,8851.24050668908,8.38505537300718,0.456053142900826
Suriname,SUR,2013,9043.19281529222,8.48595489076026,0.518355484827168
Suriname,SUR,2014,9108.18905406764,9.38475771944027,0.549506655790339
Suriname,SUR,2015,8813.61705392067,10.4081572411936,0.542030374759178
Suriname,SUR,2016,5644.2061057532,10.7661271900991,0.542030374759178
Suriname,SUR,2017,6049.52128553675,10.9177598208742,0.523339672181275
Suriname,SUR,2018,6665.74180472239,10.0324669859288,0.523339672181275
Suriname,SUR,2019,6629.66775248603,8.59607814021171,0.523339672181275
Suriname,SUR,2020,4755.39221710693,8.1360284150591,0.498418735410739
Suriname,SUR,2021,5029.84838543953,9.67766403232661,0.48595826702547
Suriname,SUR,2022,6084.43876736445,7.29566179490095,0.448576861869665
Suriname,SUR,2023,5521.97602122638,7.16164240040182,0.445038088848248
Sweden,SWE,1980,17073.0446711494,4.46056748836426,9.09314756209621
Sweden,SWE,1981,15563.8332773497,4.52076059789457,9.02195391217699
Sweden,SWE,1982,13719.0538964279,4.65974927885117,8.98512961049463
Sweden,SWE,1983,12589.950077442,4.59840558297889,8.92621072780286
Sweden,SWE,1984,13080.0302290066,4.59003427210409,8.8648368916656
Sweden,SWE,1985,13647.0439039697,4.54995825826675,8.57760733854324
Sweden,SWE,1986,17954.9510185679,4.3851783346041,8.53341817652441
Sweden,SWE,1987,21760.9646490625,4.15882160465764,8.48186415416911
Sweden,SWE,1988,24499.1240758517,3.9737403258617,8.43767499215029
Sweden,SWE,1989,25625.0162127747,3.9037583426212,8.39103087668597
Sweden,SWE,1990,30549.3185706762,3.56460805580587,8.37875610945852
Sweden,SWE,1991,31776.6680192213,2.99813354234739,8.24373366995655
Sweden,SWE,1992,32753.4287003642,2.8483959407852,8.20936432171968
Sweden,SWE,1993,24389.8738124128,2.68346647751372,8.23882376306557
Sweden,SWE,1994,26045.5196995275,2.67941032798721,8.23882376306557
Sweden,SWE,1995,30254.0273028727,2.65644628129542,8.02033290641693
Sweden,SWE,1996,33022.2444768661,2.33929270094095,8.09398150978164
Sweden,SWE,1997,30324.1845796306,2.26624330646725,8.00069327885301
Sweden,SWE,1998,30605.3669074811,2.12330748581281,7.93195458237928
Sweden,SWE,1999,30968.8710702052,1.94972221830041,7.84112130489613
Sweden,SWE,2000,29632.5890811623,1.78476611555666,7.30127704223281
Sweden,SWE,2001,27259.3174300217,1.79177126650442,7.49718232718294
Sweden,SWE,2002,29957.7776664916,1.75199842361626,7.70830832349511
Sweden,SWE,2003,37292.2419727801,1.71155063466856,7.68081284490562
Sweden,SWE,2004,42758.0048564929,1.68061695988586,7.74095920432013
Sweden,SWE,2005,43378.4077394363,1.1603186332537,7.85879696970366
Sweden,SWE,2006,46531.3762240485,1.24032116770527,7.73334884863911
Sweden,SWE,2007,53568.3057787832,1.43883024091711,7.66166420803079
Sweden,SWE,2008,55817.1759726485,1.259569565252,7.55094580763918
Sweden,SWE,2009,46707.6425044751,1.13933399215134,7.52983320800796
Sweden,SWE,2010,52542.5759090299,1.36161648243538,7.54579040540365
Sweden,SWE,2011,60379.4814599322,1.41167566441203,7.51976789888145
Sweden,SWE,2012,57749.5615420853,1.252545647128,7.44219137000395
Sweden,SWE,2013,60843.9888799369,1.23062537056738,7.4534350567843
Sweden,SWE,2014,59583.4584491714,1.25159385276156,7.45341050724985
Sweden,SWE,2015,51188.1652120493,1.30311590626755,7.43498868578537
Sweden,SWE,2016,51703.5088332851,1.2811871059035,7.41674708031197
Sweden,SWE,2017,53210.2233318965,1.32101626320131,7.39330060221358
Sweden,SWE,2018,54018.4554391861,1.25008450476649,7.36634329022193
Sweden,SWE,2019,51648.9892820514,1.25718377928626,7.37821646042035
Sweden,SWE,2020,52568.5726980146,1.19622450679304,7.38067177371833
Sweden,SWE,2021,60647.5416365347,1.15942751247748,7.3733058338244
Sweden,SWE,2022,54836.8907235124,1.23876992958721,7.35366332744058
Sweden,SWE,2023,54950.2834725622,1.28228230721285,7.32192403074128
Switzerland,CHE,1990,40170.8696758305,2.07853870748386,40.6035907063298
Switzerland,CHE,1991,40140.3718874038,1.95100537758941,40.4993757802747
Switzerland,CHE,1992,41327.1832947809,1.78409549235025,40.3795045868357
Switzerland,CHE,1993,39828.3640333356,1.63242369507968,40.2599880443749
Switzerland,CHE,1994,43741.1064805172,1.49802665627844,40.1408236209887
Switzerland,CHE,1995,50868.9734516769,1.38161743864045,40.0220138442846
Switzerland,CHE,1996,48837.8072568268,1.20964155916236,39.9284652012952
Switzerland,CHE,1997,42159.9962722039,1.24354701744304,39.8515104913607
Switzerland,CHE,1998,43165.639648677,1.16935596540973,39.7749239557872
Switzerland,CHE,1999,42260.8690492557,1.08863976997282,39.6937644213253
Switzerland,CHE,2000,39298.0968042444,1.05532230711956,39.6172730401124
Switzerland,CHE,2001,40133.6101965261,0.918818366469321,39.5407713506987
Switzerland,CHE,2002,43094.2492848494,0.929053938229138,39.4656034584428
Switzerland,CHE,2003,49947.3910175152,0.832692201439406,39.3894779687923
Switzerland,CHE,2004,55349.6164595028,0.93271953434793,39.3119241238083
Switzerland,CHE,2005,57080.0704338193,0.814668099563013,39.2348776376625
Switzerland,CHE,2006,59910.293405504,0.74902602666042,39.1590521822101
Switzerland,CHE,2007,66082.1233977532,0.770668450694314,39.0830777765012
Switzerland,CHE,2008,75147.5376709155,0.781886159727224,38.9991102489111
Switzerland,CHE,2009,72788.2049524379,0.721425305061788,38.9154514632651
Switzerland,CHE,2010,77956.1262043942,0.660915423473041,38.8328388786286
Switzerland,CHE,2011,91910.3964565203,0.676018757141646,38.7502111350433
Switzerland,CHE,2012,87269.5594780124,0.633709414014706,38.6676558338134
Switzerland,CHE,2013,88851.2374497983,0.660494448808131,38.5853758563219
Switzerland,CHE,2014,90511.6484558843,0.704200947707509,38.5028064078332
Switzerland,CHE,2015,85265.06205193,0.616778703156649,38.4205685464246
Switzerland,CHE,2016,83432.4111596314,0.654422804507368,38.3386607265115
Switzerland,CHE,2017,83610.248611484,0.63541491743859,38.259882464098
Switzerland,CHE,2018,87002.3382293532,0.631437161415847,38.1824051503393
Switzerland,CHE,2019,85872.9702303454,0.642940291854216,38.1050341397781
Switzerland,CHE,2020,87529.7016394892,0.696554620330853,38.0271063029444
Switzerland,CHE,2021,96582.8687080693,0.61398916783592,37.9496922648985
Switzerland,CHE,2022,97809.095567203,0.59797791296259,37.8712936567617
Switzerland,CHE,2023,104449.75451772,0.609392602614754,37.7938948048868
Syrian Arab Republic,SYR,1970,335.451366800943,22.4117647058824,73.2343018826858
Syrian Arab Republic,SYR,1971,392.515069525448,21.8395107949582,73.2288605941887
Syrian Arab Republic,SYR,1972,448.237758556479,26.5279583875163,77.0540864076613
Syrian Arab Republic,SYR,1973,458.830061186419,18.9128891593145,78.7789748612471
Syrian Arab Republic,SYR,1974,706.579580221326,21.6598295992427,78.9911851126347
Syrian Arab Republic,SYR,1975,903.713462066405,19.0124775452736,76.7602568288171
Syrian Arab Republic,SYR,1976,976.48924016597,20.6875631951466,77.3370334095114
Syrian Arab Republic,SYR,1977,951.240398587355,19.8719135231185,76.3956904995103
Syrian Arab Republic,SYR,1978,1107.78304477534,22.0259964802865,76.2270105560997
Syrian Arab Republic,SYR,1979,1146.36179260974,18.4097090367938,75.960387419741
Syrian Arab Republic,SYR,1980,1458.23976434095,20.8738053442559,76.5153988464468
Syrian Arab Republic,SYR,1981,1675.79747403807,19.158672484303,76.803787136794
Syrian Arab Republic,SYR,1982,1702.68062491316,19.9104494970053,76.7929045597998
Syrian Arab Republic,SYR,1983,1775.83203705709,21.0380537855944,76.1290673631516
Syrian Arab Republic,SYR,1984,1706.21944810524,19.3318467786892,76.0311241702035
Syrian Arab Republic,SYR,1985,1543.7649395519,20.6332231901472,75.9114158232669
Syrian Arab Republic,SYR,1986,1208.16084262217,23.4597180110674,75.7427358798564
Syrian Arab Republic,SYR,1987,997.128134355135,25.3398271109998,75.6719991293938
Syrian Arab Republic,SYR,1988,897.70876335774,30.551419802523,74.7252149308956
Syrian Arab Republic,SYR,1989,809.044028162459,23.6490626735346,73.4138644030907
Syrian Arab Republic,SYR,1990,978.489616979607,28.2851584627769,73.430188268582
Syrian Arab Republic,SYR,1991,1000.07798684947,30.675880396965,73.522690173033
Syrian Arab Republic,SYR,1992,990.138251191708,31.712455937357,74.0722603112417
Syrian Arab Republic,SYR,1993,992.771367475098,29.0084711967227,74.2300576776581
Syrian Arab Republic,SYR,1994,712.387716635783,27.8410831039654,75.0136032212428
Syrian Arab Republic,SYR,1995,779.699100153744,28.2015850081002,75.0299270867341
Syrian Arab Republic,SYR,1996,918.195857362788,27.7173134237621,75.0353683752313
Syrian Arab Republic,SYR,1997,940.826589804978,25.7738720359886,75.1115464141909
Syrian Arab Republic,SYR,1998,960.837504927725,29.386395494178,74.8394819893351
Syrian Arab Republic,SYR,1999,978.17453169496,24.3458610266002,74.9102187397976
Syrian Arab Republic,SYR,2000,1138.18722723683,24.7339772855403,74.6055065839591
Syrian Arab Republic,SYR,2001,1177.53806921268,25.4975511779491,74.6708020459245
Syrian Arab Republic,SYR,2002,1189.98119453595,24.8635435252136,74.8666884318207
Syrian Arab Republic,SYR,2003,1220.179077256,24.6554759380094,75.2383027398006
Syrian Arab Republic,SYR,2004,1368.11263904001,22.4332996039678,75.7476711881026
Syrian Arab Republic,SYR,2005,1533.90017615946,20.293121708002,75.3282126709157
Syrian Arab Republic,SYR,2006,1718.78469956591,21.4567815802916,75.5704405598214
Syrian Arab Republic,SYR,2007,1937.61199094087,19.4588025950103,75.6752341537791
Syrian Arab Republic,SYR,2008,2429.1247629459,18.7564030905377,75.6806795905032
Syrian Arab Republic,SYR,2009,2462.20127278738,22.7950178570023,75.7351339577434
Syrian Arab Republic,SYR,2010,2730.61487784917,19.4389724414256,75.7392582911289
Syrian Arab Republic,SYR,2011,2952.14372909443,20.6469030981773,75.7773784240048
Syrian Arab Republic,SYR,2012,1897.66115018696,23.432298282026,75.8100528236127
Syrian Arab Republic,SYR,2013,985.892669221634,25.1049303727798,75.8100528236127
Syrian Arab Republic,SYR,2014,1060.59105887433,26.8601256182656,75.7991613570767
Syrian Arab Republic,SYR,2015,847.731545352582,33.1304655969871,75.7882698905408
Syrian Arab Republic,SYR,2016,656.349017520952,34.1668749627531,75.7835103196645
Syrian Arab Republic,SYR,2017,851.501972646386,40.6356090849324,75.804775908076
Syrian Arab Republic,SYR,2018,1098.06667935023,39.0098877578608,75.7920165550291
Syrian Arab Republic,SYR,2019,1109.53933821464,40.7410419328786,75.7574143658444
Syrian Arab Republic,SYR,2020,593.911771822527,32.652890568598,75.7685345531776
Syrian Arab Republic,SYR,2021,688.566109726934,38.6743054965317,74.9930675815499
Syrian Arab Republic,SYR,2022,1056.78264718197,42.8517272820162,74.0946468441976
Tajikistan,TJK,1992,337.833145514813,29.5208655332303,32.0734495570163
Tajikistan,TJK,1993,287.620123754917,20.9798319803128,32.4592740783081
Tajikistan,TJK,1994,261.271254544865,19.6381188118812,31.9376964847099
Tajikistan,TJK,1995,207.034457343036,36.6916905444126,32.7379251214633
Tajikistan,TJK,1996,172.035088688368,36.0359273670558,32.7593598170906
Tajikistan,TJK,1997,150.088550171239,32.0118294094944,32.5950271506145
Tajikistan,TJK,1998,213.749145581577,25.1013069345557,32.4878536724779
Tajikistan,TJK,1999,175.023764735625,25.3886394052045,32.6378965418691
Tajikistan,TJK,2000,136.925716400723,25.1245312587452,32.6736210345813
Tajikistan,TJK,2001,168.676285365186,23.8084093923083,32.6736210345813
Tajikistan,TJK,2002,186.951638285222,22.2320978875952,32.6593312374964
Tajikistan,TJK,2003,233.58124845289,24.1945646238501,32.8379537010574
Tajikistan,TJK,2004,305.745158587502,19.222350137013,33.2237782223492
Tajikistan,TJK,2005,333.927150941684,21.1916853994949,33.3809659902829
Tajikistan,TJK,2006,401.018403316427,21.4510669294712,33.8310945984567
Tajikistan,TJK,2007,516.997210618914,19.4347255630877,33.7882252072021
Tajikistan,TJK,2008,703.327375898643,19.8672841249223,33.7739354101172
Tajikistan,TJK,2009,664.795655734657,18.5520032964103,34.0054301228923
Tajikistan,TJK,2010,737.338883219356,19.5866775137511,27.2092026293227
Tajikistan,TJK,2011,833.601978202852,23.8355098416752,26.8076593312375
Tajikistan,TJK,2012,952.452819695469,23.3268165616333,26.2146327522149
Tajikistan,TJK,2013,1028.19704279396,21.32088784652,26.4568448128037
Tajikistan,TJK,2014,1081.54402932039,23.7737836738595,26.800974161659
Tajikistan,TJK,2015,956.916310930656,21.5905747207608,27.076158224656
Tajikistan,TJK,2016,788.710481734485,20.8569765086156,27.3643634267599
Tajikistan,TJK,2017,829.45714764957,20.2832963188861,27.6799481230636
Tajikistan,TJK,2018,834.288404578801,19.7719647842925,27.7728943007421
Tajikistan,TJK,2019,871.022372934846,20.8670733588001,27.8406225232365
Tajikistan,TJK,2020,834.311715460625,22.6904308448361,27.8312558541682
Tajikistan,TJK,2021,896.748053372182,22.4490805460825,27.7887455868578
Tajikistan,TJK,2022,1052.17949484894,22.9348537040845,28.0726277109302
Tajikistan,TJK,2023,1178.47990060249,22.8588621065173,27.9465379350097
Tanzania,TZA,1990,243.611557006836,28.954719959076,35.2110973131632
Tanzania,TZA,1991,276.452453613281,30.1999257092237,35.631056671935
Tanzania,TZA,1992,250.329925537109,30.7850361075011,36.0510160307067
Tanzania,TZA,1993,224.491546630859,30.8676697945141,36.4709753894784
Tanzania,TZA,1994,228.890029907227,28.636588661415,36.8909347482502
Tanzania,TZA,1995,258.418334960938,30.0588767042841,37.3108941070219
Tanzania,TZA,1996,313.658386230469,30.3090191289217,37.7308534657936
Tanzania,TZA,1997,363.597686767578,29.3368816157901,38.0480921201174
Tanzania,TZA,1998,386.378448486328,26.7620753192211,38.1575976518401
Tanzania,TZA,1999,392.621765136719,26.4413895204429,38.2704899525852
Tanzania,TZA,2000,401.698150634766,26.2172723620722,38.3833822533303
Tanzania,TZA,2001,396.638732910156,25.8091623025794,38.4962745540754
Tanzania,TZA,2002,402.649047851563,25.1717362899073,38.6091668548205
Tanzania,TZA,2003,422.18359375,24.9192926509551,38.6881914653421
Tanzania,TZA,2004,450.385284423828,25.7058139887433,39.2380898622714
Tanzania,TZA,2005,483.334869384766,24.6488410843814,39.8670128697223
Tanzania,TZA,2006,475.746734619141,23.6693107278646,40.4959358771732
Tanzania,TZA,2007,543.198303222656,23.245488236772,41.1135696545496
Tanzania,TZA,2008,675.977233886719,24.7654938768997,41.7412508466923
Tanzania,TZA,2009,693.823547363281,26.0351903601219,41.9809212011741
Tanzania,TZA,2010,736.530151367188,25.582406886144,42.2205915556559
Tanzania,TZA,2011,775.392761230469,24.9768644460885,42.4602619101377
Tanzania,TZA,2012,861.969909667969,26.5509265207861,42.3318965906525
Tanzania,TZA,2013,963.05712890625,26.7908679172376,42.9396026191014
Tanzania,TZA,2014,1022.74841308594,25.8025774475571,43.1792729735832
Tanzania,TZA,2015,939.127319335938,26.745885729563,43.418943328065
Tanzania,TZA,2016,953.0107421875,27.4441425717754,43.6586136825469
Tanzania,TZA,2017,986.674011230469,28.7534809528128,43.8982840370287
Tanzania,TZA,2018,1023.10626220703,27.868599477377,44.1379543915105
Tanzania,TZA,2019,1063.32250976563,26.5943119516018,44.3776247459923
Tanzania,TZA,2020,1117.41528320313,25.254901665343,44.6163919620682
Tanzania,TZA,2021,1159.85656738281,24.7884506158783,44.6163919620682
Tanzania,TZA,2022,1207.52062988281,24.2569694569552,44.6163919620682
Tanzania,TZA,2023,1224.00219726563,23.6871473778631,44.6163919620682
Thailand,THA,1961,109.728794269464,35.8382304747796,22.8092152909628
Thailand,THA,1962,116.179493337844,34.0027004911291,23.4492747949656
Thailand,THA,1963,120.658598748696,33.0655231256479,24.3888116815753
Thailand,THA,1964,128.642226903734,30.6341992934479,24.8390064397424
Thailand,THA,1965,140.899873696781,31.923245627807,25.3283485681849
Thailand,THA,1966,164.533414431069,33.4002074220439,25.8568380669029
Thailand,THA,1967,170.666971518706,29.2437763343072,26.3461801953454
Thailand,THA,1968,178.839752885801,28.6829270021221,26.8159486386502
Thailand,THA,1969,191.438734515692,28.6847176406452,27.2465697116796
Thailand,THA,1970,197.097903475424,25.9158755967296,27.8885865841962
Thailand,THA,1971,199.662201986255,23.9243808216285,28.1841492297755
Thailand,THA,1972,215.582022917854,25.338036819162,29.8107224647184
Thailand,THA,1973,278.285062967675,27.6902292272749,31.474485701423
Thailand,THA,1974,342.978897633446,27.0057313583991,33.0462526179804
Thailand,THA,1975,363.526350179478,26.8710847751989,33.7058858071209
Thailand,THA,1976,405.408734060752,26.6955264718511,34.3479026796375
Thailand,THA,1977,461.659141640678,24.783097761103,35.1641253498796
Thailand,THA,1978,548.233113208345,24.4981552661241,35.9686038090391
Thailand,THA,1979,612.08876018577,23.9935595031534,36.6067059445282
Thailand,THA,1980,708.729450091584,23.2398777723942,37.0686449137779
Thailand,THA,1981,748.156726132308,21.3571007576909,37.8574644248273
Thailand,THA,1982,770.398953205891,18.548449515227,38.7147918338586
Thailand,THA,1983,826.932302137698,20.0601739342431,38.9477186869972
Thailand,THA,1984,846.934168430884,17.5738564214472,39.247196069604
Thailand,THA,1985,773.823923674613,15.809370205056,40.2767719078471
Thailand,THA,1986,842.098436226451,15.6641498962633,40.6643308735736
Thailand,THA,1987,970.452522513385,15.7334375187687,41.5745072324767
Thailand,THA,1988,1164.20096229495,16.1780589023433,41.750670398716
Thailand,THA,1989,1341.72978395303,15.075292612001,41.7643719783124
Thailand,THA,1990,1559.11209344755,12.4996278305399,41.8544109299458
Thailand,THA,1991,1765.62267359529,12.6498265961915,42.1147409422772
Thailand,THA,1992,1971.60879910694,12.2973357445063,41.8367946133218
Thailand,THA,1993,2245.13688708983,8.02582929718645,41.5842940750455
Thailand,THA,1994,2517.70732641683,8.62754771501915,41.7663293468261
Thailand,THA,1995,2864.36515719866,9.08122459760424,41.9483646186067
Thailand,THA,1996,3054.65690806473,9.06341649341052,42.1303998903874
Thailand,THA,1997,2473.14096982086,9.06490231003904,42.312435162168
Thailand,THA,1998,1847.70379269771,10.2592271107015,42.4925130654348
Thailand,THA,1999,2033.24490520569,8.8929952779078,42.6745483372154
Thailand,THA,2000,2005.97694514234,8.49984812084058,42.8565836089961
Thailand,THA,2001,1889.93432467144,8.57928745008654,43.0386188807767
Thailand,THA,2002,2089.75183111554,8.6921781801026,43.2206541525573
Thailand,THA,2003,2347.54001286066,9.44135495796228,43.4026894243379
Thailand,THA,2004,2641.56268717857,9.29111013904814,43.5847246961185
Thailand,THA,2005,2867.70383436062,9.19435528237181,43.7667599678992
Thailand,THA,2006,3331.32043511773,9.40199346621521,43.9487952396798
Thailand,THA,2007,3918.52817434581,9.3476847010693,44.1288731429466
Thailand,THA,2008,4309.13509292986,10.0724338253633,44.3109084147272
Thailand,THA,2009,4135.43986952819,9.78703375942043,44.4929436865079
Thailand,THA,2010,4973.86288823778,10.5221756369849,44.6749789582885
Thailand,THA,2011,5373.6232832898,11.5917917775207,44.6828084323436
Thailand,THA,2012,5725.52802835463,11.5041001535767,44.6906379063986
Thailand,THA,2013,6018.08244729255,11.3222153379773,44.6989868660573
Thailand,THA,2014,5801.1978916205,10.0889216151042,44.7102115915363
Thailand,THA,2015,5688.85335397884,8.87272364786793,44.7180410655914
Thailand,THA,2016,5833.57715617098,8.47807696285562,44.7102115915363
Thailand,THA,2017,6413.09182530343,8.40641258665047,44.7199984341052
Thailand,THA,2018,7099.77650081458,8.20181926195524,44.7174470042475
Thailand,THA,2019,7605.69657797759,8.1285680400948,45.019475816712
Thailand,THA,2020,6983.03412836245,8.70610471503835,45.5516837283955
Thailand,THA,2021,7055.18760721422,8.69539558179486,45.9981600735971
Thailand,THA,2022,6910.00995211206,8.71589001488812,45.9981600735971
Thailand,THA,2023,7210.54130832685,8.55515003809495,43.7980778641195
Timor-Leste,TLS,2000,492.457669429651,28.4272805044528,22.6630800268998
Timor-Leste,TLS,2001,587.700692767858,21.5592112691635,22.6361802286483
Timor-Leste,TLS,2002,533.982476434866,24.6752674108622,22.6092804303968
Timor-Leste,TLS,2003,534.901153697657,24.8736693301982,22.4478816408877
Timor-Leste,TLS,2004,474.420767344689,30.7884121495921,22.4209818426362
Timor-Leste,TLS,2005,487.464555404292,28.912513952945,22.3940820443847
Timor-Leste,TLS,2006,464.667001844159,32.2042854838468,22.3671822461332
Timor-Leste,TLS,2007,540.154584237662,29.9974170746473,22.3402824478816
Timor-Leste,TLS,2008,628.153219252849,30.1555101464311,22.649630127774
Timor-Leste,TLS,2009,686.579295832381,24.9628647732997,22.7572293207801
Timor-Leste,TLS,2010,813.060177250597,25.5964077031504,22.7303295225286
Timor-Leste,TLS,2011,939.045241112693,22.160242931026,22.7706792199059
Timor-Leste,TLS,2012,1022.61903188429,25.7964939188578,22.8043039677202
Timor-Leste,TLS,2013,1204.56841532931,21.3199869831315,22.8379287155346
Timor-Leste,TLS,2014,1224.74957758801,21.0507074370281,22.871553463349
Timor-Leste,TLS,2015,1319.59297370991,17.8277581390576,22.9051782111634
Timor-Leste,TLS,2016,1335.54390089814,17.0630746923768,22.9388029589778
Timor-Leste,TLS,2017,1266.17767952941,17.1293898636009,22.9724277067922
Timor-Leste,TLS,2018,1219.46598597604,17.7713577078907,23.0060524546066
Timor-Leste,TLS,2019,1562.36458881813,14.1291551737167,22.9589778076664
Timor-Leste,TLS,2020,1630.86935439232,13.2621545207774,22.9589778076664
Timor-Leste,TLS,2021,2684.92673717299,8.67018187988423,22.9589778076664
Timor-Leste,TLS,2022,2343.24955542816,10.324624768579,22.9589778076664
Timor-Leste,TLS,2023,1502.4114958903,17.1798122405238,22.9589778076664
Togo,TGO,1963,114.616211257053,56.1728222232541,56.4441993013422
Togo,TGO,1964,130.360610675638,51.8228906257078,56.4441993013422
Togo,TGO,1965,144.098515583253,47.1264386210453,56.5361279646994
Togo,TGO,1966,162.919341838376,43.8794721278832,56.5361279646994
Togo,TGO,1967,171.069637256,44.210528069783,56.5361279646994
Togo,TGO,1968,174.910439992564,44.5742891488536,56.5361279646994
Togo,TGO,1969,185.029288995797,42.9597543106358,56.5361279646994
Togo,TGO,1970,166.861793379275,32.1573959296494,56.5361279646994
Togo,TGO,1971,182.2883269979,30.5250299146699,52.9509100937672
Togo,TGO,1972,207.562328319841,29.6803641553597,52.9509100937672
Togo,TGO,1973,244.840492887662,32.0796454647734,52.9509100937672
Togo,TGO,1974,329.182274184227,25.4016840091862,52.9509100937672
Togo,TGO,1975,353.836797732978,27.4356975835973,52.9509100937672
Togo,TGO,1976,346.61611702864,35.069699560048,52.9509100937672
Togo,TGO,1977,424.884142466883,40.1066343010561,52.9509100937672
Togo,TGO,1978,439.835706566761,23.7288135592446,54.7894833609119
Togo,TGO,1979,463.966023357797,22.6033890978867,55.7087699944843
Togo,TGO,1980,574.920225193386,26.4681208052352,55.8006986578415
Togo,TGO,1981,471.976047235317,27.209302325616,55.8006986578415
Togo,TGO,1982,391.787096992045,26.8817204300088,55.8006986578415
Togo,TGO,1983,356.531424888936,30.1006711409131,55.8006986578415
Togo,TGO,1984,326.546681169977,33.3970681962785,56.7199852914139
Togo,TGO,1985,337.014048169162,32.6131386861752,56.8119139547711
Togo,TGO,1986,454.510025928692,34.8938486663324,56.8119139547711
Togo,TGO,1987,519.18142138477,32.8982418753821,57.1796286082
Togo,TGO,1988,556.09976573928,33.7539432176025,57.7312005883434
Togo,TGO,1989,529.714170208593,32.2289156625908,57.7312005883434
Togo,TGO,1990,619.184841877398,15.1986157962116,58.0989152417724
Togo,TGO,1991,591.939138361428,14.3214224838542,58.5585585585586
Togo,TGO,1992,607.946006940374,15.4479055385704,58.9262732119875
Togo,TGO,1993,448.033969931112,18.701101006047,59.3859165287737
Togo,TGO,1994,355.429579368426,14.965637734458,59.7536311822026
Togo,TGO,1995,449.85596910209,16.7474394694461,60.1213458356315
Togo,TGO,1996,482.27462715388,19.573823325697,60.4890604890605
Togo,TGO,1997,476.890484883584,21.2818560757086,61.2244897959184
Togo,TGO,1998,492.493381462559,19.7297297327748,61.5922044493473
Togo,TGO,1999,477.217016566667,20.6555079118336,61.9599191027763
Togo,TGO,2000,440.420399069497,14.8052104263334,62.5114910829197
Togo,TGO,2001,426.883605884489,15.1644610248179,62.8792057363486
Togo,TGO,2002,479.438373869587,15.7403641419633,63.2469203897775
Togo,TGO,2003,579.728195854724,14.5723915809563,63.6146350432065
Togo,TGO,2004,604.311329116751,15.4058695261762,63.9823496966354
Togo,TGO,2005,595.200212014134,17.3325641240129,64.7177790034933
Togo,TGO,2006,596.249203137762,16.9609148487036,65.6370656370656
Togo,TGO,2007,654.083697666439,16.9297833739432,66.0967089538518
Togo,TGO,2008,771.351190404751,20.68166838543,66.8321382607097
Togo,TGO,2009,770.172869777254,21.3483480008088,67.1998529141386
Togo,TGO,2010,750.323421086121,21.077801220787,67.3837102408531
Togo,TGO,2011,834.14671980279,19.8649717432319,67.3837102408531
Togo,TGO,2012,813.611525037432,20.975947911624,70.7850707850708
Togo,TGO,2013,885.698522723929,19.1395466909651,70.2334988049274
Togo,TGO,2014,921.539748631461,19.3388381580273,70.2334988049274
Togo,TGO,2015,813.894676975085,18.9218601496344,70.2334988049274
Togo,TGO,2016,843.114204338675,20.385078914717,70.2334988049274
Togo,TGO,2017,872.076408845752,20.3155597844213,70.2334988049274
Togo,TGO,2018,942.480774393154,19.6494784155019,70.2334988049274
Togo,TGO,2019,917.718016777619,19.5287220037284,70.2334988049274
Togo,TGO,2020,961.219781201934,19.1736551821772,70.2334988049274
Togo,TGO,2021,1076.29520076949,20.550806619999,70.2334988049274
Togo,TGO,2022,1071.61539220759,21.2198485197121,70.2334988049274
Togo,TGO,2023,1182.32951436696,20.7728226848382,70.2334988049274
Tonga,TON,1975,349.470975414391,42.40754835514,47.2222222222222
Tonga,TON,1976,315.094854046623,39.9706250915423,45.8333333333333
Tonga,TON,1977,352.953092694597,38.0210414169663,45.8333333333333
Tonga,TON,1978,427.631287521076,35.7026227025539,45.8333333333333
Tonga,TON,1979,457.916448085709,36.2317970124452,45.8333333333333
Tonga,TON,1980,544.754241437563,33.4026040664486,47.2222222222222
Tonga,TON,1981,635.712889829014,33.8182892380407,47.2222222222222
Tonga,TON,1982,633.477863554833,32.7357704312585,47.2222222222222
Tonga,TON,1983,621.073531745178,31.0839414437751,45.8333333333333
Tonga,TON,1984,655.66235882708,32.508776003606,45.8333333333333
Tonga,TON,1985,612.943575629463,31.8612060745599,45.8333333333333
Tonga,TON,1986,695.805077185729,32.9343958596759,45.8333333333333
Tonga,TON,1987,830.153019585043,32.7511853014052,45.8333333333333
Tonga,TON,1988,1077.6835915018,31.6453160926447,45.8333333333333
Tonga,TON,1989,1069.83546760253,30.4367317966152,44.4444444444444
Tonga,TON,1990,1139.0553819198,29.913153388241,44.4444444444444
Tonga,TON,1991,1323.40098550339,30.6547966303409,44.4444444444444
Tonga,TON,1992,1370.36142598699,32.7856067416947,44.4444444444444
Tonga,TON,1993,1383.47386584881,34.1101893880106,44.4444444444444
Tonga,TON,1994,1956.66180354821,21.5373455104652,44.4444444444444
Tonga,TON,1995,2084.02759539718,20.7042248215328,45.8333333333333
Tonga,TON,1996,2214.91474789811,20.3094453076087,45.8333333333333
Tonga,TON,1997,2135.52111086276,20.2134650166009,43.0555555555556
Tonga,TON,1998,1888.83194028282,21.2612603784124,43.0555555555556
Tonga,TON,1999,1952.14626248861,22.3840696232441,43.0555555555556
Tonga,TON,2000,1995.07667546271,19.6369230036126,41.6666666666667
Tonga,TON,2001,1753.51667576626,18.2874396196592,41.6666666666667
Tonga,TON,2002,1759.4805324576,18.1062295253149,41.6666666666667
Tonga,TON,2003,1936.04104012389,19.1629815067882,41.6666666666667
Tonga,TON,2004,2195.44890047673,20.2479896638834,41.6666666666667
Tonga,TON,2005,2477.72620144825,17.7608711887512,41.6666666666667
Tonga,TON,2006,2750.34778600857,15.7717863584054,43.0555555555556
Tonga,TON,2007,2797.06560109144,16.7079851952487,43.0555555555556
Tonga,TON,2008,3218.45303993196,14.7436009055831,43.0555555555556
Tonga,TON,2009,2914.23774004564,15.5131326816281,44.4444444444444
Tonga,TON,2010,3416.08356601207,16.4379858757354,44.4444444444444
Tonga,TON,2011,3849.99375750134,17.0659562210843,44.4444444444444
Tonga,TON,2012,4384.17058724217,16.6359974823467,45.8333333333333
Tonga,TON,2013,4219.24670113014,17.0733080496623,45.8333333333333
Tonga,TON,2014,4136.59010898445,16.3195876391853,47.2222222222222
Tonga,TON,2015,4123.90347238813,16.8506590508632,48.6111111111111
Tonga,TON,2016,3987.98618837043,16.6067373060163,48.6111111111111
Tonga,TON,2017,4365.92929788648,16.8193728219433,48.6111111111111
Tonga,TON,2018,4675.04776047973,17.2484083539677,48.6111111111111
Tonga,TON,2019,4788.83350468584,18.5717274171571,48.6111111111111
Tonga,TON,2020,4792.35872413906,17.0936649170189,48.6111111111111
Tonga,TON,2021,4922.8015864044,16.5218701236255,48.6111111111111
Tonga,TON,2022,5298.01942454298,17.4256295666446,48.6111111111111
Tonga,TON,2023,5651.59357939286,18.9589244958951,48.6111111111111
Trinidad and Tobago,TTO,1966,767.537870840813,6.70589183525429,19.1033138401559
Trinidad and Tobago,TTO,1967,796.703860051473,6.47085472666868,19.1033138401559
Trinidad and Tobago,TTO,1968,783.173633599792,6.76637282687922,19.1033138401559
Trinidad and Tobago,TTO,1969,794.529655166788,6.76976386036961,19.1033138401559
Trinidad and Tobago,TTO,1970,828.919857464313,6.64963192796739,19.1033138401559
Trinidad and Tobago,TTO,1971,894.45305348288,6.61772972231905,19.6881091617934
Trinidad and Tobago,TTO,1972,1067.46412567566,7.11025702618304,19.6881091617934
Trinidad and Tobago,TTO,1973,1273.3221357336,5.70548341414412,21.4424951267057
Trinidad and Tobago,TTO,1974,1962.02689234886,4.58177319106478,21.6374269005848
Trinidad and Tobago,TTO,1975,2318.69169815563,5.03575394736413,20.6627680311891
Trinidad and Tobago,TTO,1976,2344.93028321949,4.87316304288379,20.6627680311891
Trinidad and Tobago,TTO,1977,2907.3734770717,4.10206032285472,20.6627680311891
Trinidad and Tobago,TTO,1978,3258.0927567116,3.65163269679402,20.6627680311891
Trinidad and Tobago,TTO,1979,4155.1594201721,3.36055336291218,20.6627680311891
Trinidad and Tobago,TTO,1980,5559.05209507101,2.58786582921288,19.6881091617934
Trinidad and Tobago,TTO,1981,6159.70947284839,2.59698468506049,18.5185185185185
Trinidad and Tobago,TTO,1982,7091.40621892043,2.38880073706301,17.1539961013645
Trinidad and Tobago,TTO,1983,6689.80831238034,2.13170181935276,14.4249512670565
Trinidad and Tobago,TTO,1984,6613.11947420709,1.32674437342214,14.4249512670565
Trinidad and Tobago,TTO,1985,6212.00065299742,2.43484035194511,13.8401559454191
Trinidad and Tobago,TTO,1986,3984.99609719733,2.7630359212051,13.8401559454191
Trinidad and Tobago,TTO,1987,3941.12013972631,2.76806391848078,13.8401559454191
Trinidad and Tobago,TTO,1988,3655.81977035897,2.71622794330344,14.0350877192982
Trinidad and Tobago,TTO,1989,3481.84505761067,2.45033473031078,14.0350877192982
Trinidad and Tobago,TTO,1990,4047.25093594674,2.54097218998096,15.009746588694
Trinidad and Tobago,TTO,1991,4205.37778348016,2.47710407560753,15.7894736842105
Trinidad and Tobago,TTO,1992,4277.47436935604,2.53567550966559,15.7894736842105
Trinidad and Tobago,TTO,1993,3646.71231742803,2.51491781693607,15.7894736842105
Trinidad and Tobago,TTO,1994,3839.96290233114,2.22232077975689,15.7894736842105
Trinidad and Tobago,TTO,1995,4114.68908475464,2.31282988033606,14.8148148148148
Trinidad and Tobago,TTO,1996,4427.27832448289,2.08491149751638,14.8148148148148
Trinidad and Tobago,TTO,1997,4393.94496943068,2.16722840647102,13.8401559454191
Trinidad and Tobago,TTO,1998,4612.70900312686,2.05805858400105,12.8654970760234
Trinidad and Tobago,TTO,1999,5179.08350809274,1.93592311333183,13.0604288499025
Trinidad and Tobago,TTO,2000,6178.58975559687,1.3571938867876,13.0604288499025
Trinidad and Tobago,TTO,2001,6657.41466937221,1.28637705609447,11.6959064327485
Trinidad and Tobago,TTO,2002,6762.93080808096,1.39847219754841,11.6959064327485
Trinidad and Tobago,TTO,2003,8445.04653518298,0.947884612682488,11.6959064327485
Trinidad and Tobago,TTO,2004,9871.03419820086,0.761483945963904,10.7212475633528
Trinidad and Tobago,TTO,2005,12346.4373094075,0.483999190377517,10.5263157894737
Trinidad and Tobago,TTO,2006,14152.6607422113,0.566876991369423,10.5263157894737
Trinidad and Tobago,TTO,2007,16606.675360681,0.371661707526332,10.5263157894737
Trinidad and Tobago,TTO,2008,21298.9945258063,0.365514424327618,10.5263157894737
Trinidad and Tobago,TTO,2009,14634.0565003912,0.595145826393538,10.5263157894737
Trinidad and Tobago,TTO,2010,16815.424737361,0.52014610527508,10.5263157894737
Trinidad and Tobago,TTO,2011,19151.0870229722,0.456542570355529,10.5263157894737
Trinidad and Tobago,TTO,2012,20332.1389531925,0.623861527345923,10.5263157894737
Trinidad and Tobago,TTO,2013,21304.9777496628,0.712770738302384,10.5263157894737
Trinidad and Tobago,TTO,2014,21908.3014555644,0.668563339608001,10.5263157894737
Trinidad and Tobago,TTO,2015,19887.2327716498,0.922053426020572,10.5263157894737
Trinidad and Tobago,TTO,2016,17449.1538801956,0.992434424479726,10.5263157894737
Trinidad and Tobago,TTO,2017,17566.0999700656,1.08634326162954,10.5263157894737
Trinidad and Tobago,TTO,2018,17571.498737278,0.964517699370851,10.5263157894737
Trinidad and Tobago,TTO,2019,17212.6128892163,0.765052940992269,10.5263157894737
Trinidad and Tobago,TTO,2020,15283.6270531554,1.06202921275842,10.5263157894737
Trinidad and Tobago,TTO,2021,17712.5674104655,0.908362622380658,10.5263157894737
Trinidad and Tobago,TTO,2022,20750.5202434652,0.762815650228413,10.5263157894737
Trinidad and Tobago,TTO,2023,18308.4536298575,0.835855107201165,10.5263157894737
Tunisia,TUN,1965,217.269013478937,20.7956947914665,56.1534500514933
Tunisia,TUN,1966,223.750680246593,17.8591033851784,56.1405767250257
Tunisia,TUN,1967,228.044765187406,16.2982456140351,56.1277033985582
Tunisia,TUN,1968,248.91225549272,17.578798808217,56.1148300720906
Tunisia,TUN,1969,257.738832521682,15.9184878913172,57.0803295571576
Tunisia,TUN,1970,280.476910228346,17.0328215987295,58.2711122554068
Tunisia,TUN,1971,320.272102901124,19.3826600090785,58.3032955715757
Tunisia,TUN,1972,414.626612581104,21.4519906323185,58.9340885684861
Tunisia,TUN,1973,493.172121667472,19.7428993311908,59.5005149330587
Tunisia,TUN,1974,623.75935280482,18.7298100529784,59.8094747682801
Tunisia,TUN,1975,741.35491566103,18.4793844033536,60.2471678681771
Tunisia,TUN,1976,751.741946408618,17.7547853078117,60.6848609680741
Tunisia,TUN,1977,829.983963323177,15.8173274328208,60.9745108135942
Tunisia,TUN,1978,945.964678061001,15.0891742823785,60.2278578784758
Tunisia,TUN,1979,1113.44445018775,13.5420944558522,59.8159114315139
Tunisia,TUN,1980,1323.62643763339,14.1307724897613,58.322605561277
Tunisia,TUN,1981,1247.12801268551,13.6665064872657,58.7538619979403
Tunisia,TUN,1982,1177.30518554913,13.1546082757472,59.3202883625129
Tunisia,TUN,1983,1183.8417233031,12.3780455531836,59.9961380020597
Tunisia,TUN,1984,1143.2812867658,14.2115276651488,60.1313079299691
Tunisia,TUN,1985,1134.99813055736,15.8143710015246,59.783728115345
Tunisia,TUN,1986,1186.50651525734,13.0118429138037,59.1786817713697
Tunisia,TUN,1987,1244.76663577347,16.4673378716414,59.2559217301751
Tunisia,TUN,1988,1266.07583258953,11.830589104681,59.024201853759
Tunisia,TUN,1989,1239.23860226784,12.9156716962638,59.3395983522142
Tunisia,TUN,1990,1476.43160477311,15.7206653291049,59.1593717816684
Tunisia,TUN,1991,1537.87916511306,16.7207036445863,59.2816683831102
Tunisia,TUN,1992,1784.81850188268,16.1223715507303,60.2149845520082
Tunisia,TUN,1993,1649.18537309075,14.7091318284116,60.6462409886715
Tunisia,TUN,1994,1733.46614673506,12.558018945478,59.7515447991761
Tunisia,TUN,1995,1968.16600944373,11.3665419486506,60.1699279093718
Tunisia,TUN,1996,2107.40815649257,13.7132007783366,60.0154479917611
Tunisia,TUN,1997,2202.06090620956,11.2346034153613,60.163491246138
Tunisia,TUN,1998,2285.01933541864,10.6007451414762,60.6333676622039
Tunisia,TUN,1999,2376.06566791596,10.606338964866,61.3156539649845
Tunisia,TUN,2000,2199.04465936314,10.006319351485,61.476570545829
Tunisia,TUN,2001,2235.71981624751,9.4218557064738,61.1418640576725
Tunisia,TUN,2002,2320.7723805785,8.29848151435206,62.8411431513903
Tunisia,TUN,2003,2725.8643148859,9.2914975178949,62.9763130792997
Tunisia,TUN,2004,3067.41936376975,9.90254515493647,63.2723995880536
Tunisia,TUN,2005,3146.8260743927,9.16983114804996,63.2337796086509
Tunisia,TUN,2006,3322.56933570096,9.28070949947767,63.1179196704428
Tunisia,TUN,2007,3726.91672935667,8.64201987385816,63.1114830072091
Tunisia,TUN,2008,4255.05008019523,7.8486499786515,63.6006694129763
Tunisia,TUN,2009,4080.09032448781,8.45660665471427,63.0084963954686
Tunisia,TUN,2010,4291.86120891575,6.846146170059,64.6112255406797
Tunisia,TUN,2011,4420.64772206537,7.57684450427472,64.8300720906282
Tunisia,TUN,2012,4297.26782454273,8.30025725587419,63.8645726055613
Tunisia,TUN,2013,4369.79345826358,7.96930864809374,63.9997425334707
Tunisia,TUN,2014,4458.97895464547,8.57165956609159,62.8282698249228
Tunisia,TUN,2015,4014.94773686432,9.20589918732503,63.2981462409887
Tunisia,TUN,2016,3847.80354448809,8.52541115305462,62.45236869207
Tunisia,TUN,2017,3619.03247319953,8.986045690927,62.7117662203914
Tunisia,TUN,2018,3628.10366464236,9.88852551876126,62.4388516992791
Tunisia,TUN,2019,3528.87213306798,9.76625873287072,62.4388516992791
Tunisia,TUN,2020,3548.65363663803,10.3917002295357,62.4388516992791
Tunisia,TUN,2021,3906.93926319391,10.0900379034943,62.4388516992791
Tunisia,TUN,2022,3707.29283414381,10.8217247722212,62.4388516992791
Tunisia,TUN,2023,3951.11683376921,9.47367928951245,62.4388516992791
Turkiye,TUR,1961,274.350890943262,51.7385257301808,47.4474747605992
Turkiye,TUR,1962,298.241020884883,52.8019925280199,47.6176864207476
Turkiye,TUR,1963,337.019856859205,53.3261802575107,48.5557995400387
Turkiye,TUR,1964,354.365541117168,50.4970178926441,48.4544521393397
Turkiye,TUR,1965,369.967082204625,46.1467038068709,48.4596494419396
Turkiye,TUR,1966,424.984610131778,47.2025216706068,48.7039226641373
Turkiye,TUR,1967,459.449369053159,44.53125,48.4648467445396
Turkiye,TUR,1968,501.12130904111,41.5873015873016,48.8559437651859
Turkiye,TUR,1969,543.947401329478,40.8675799086758,50.209841092473
Turkiye,TUR,1970,487.565086682435,39.0839694656489,49.6056546652287
Turkiye,TUR,1971,430.897259673783,37.360824742268,49.7823629536271
Turkiye,TUR,1972,537.337529232528,34.3133863714977,50.4476176864207
Turkiye,TUR,1973,661.080821885172,33.956043956044,50.3969439860712
Turkiye,TUR,1974,880.728167716848,36.0024203307785,49.8005535127269
Turkiye,TUR,1975,1121.54326914976,35.3707725721378,49.3250003248314
Turkiye,TUR,1976,1227.92409658199,32.519436345967,49.2483401114821
Turkiye,TUR,1977,1371.96185651463,31.4399318375462,49.4120551433806
Turkiye,TUR,1978,1510.18531064944,31.803527403755,49.4328443537804
Turkiye,TUR,1979,2013.37374286503,27.9075627227242,50.5333731793199
Turkiye,TUR,1980,1515.64589850068,26.1461400221772,50.1266842508738
Turkiye,TUR,1981,1536.66562064101,24.1627642070624,50.1708613229734
Turkiye,TUR,1982,1360.23825219775,22.3537484988849,48.3232202486909
Turkiye,TUR,1983,1275.68337617131,20.9150138791008,47.7086392162468
Turkiye,TUR,1984,1209.05149383313,21.2014310977356,48.8715356729857
Turkiye,TUR,1985,1326.42701445307,19.6905586186263,49.5432870340293
Turkiye,TUR,1986,1461.49658654754,19.5126009949236,50.001948988475
Turkiye,TUR,1987,1649.96264794402,17.8184708900603,51.2285124020633
Turkiye,TUR,1988,1685.69479240535,17.258956312464,51.0154229954654
Turkiye,TUR,1989,1948.59179454794,16.5859815004054,51.8391954575575
Turkiye,TUR,1990,2689.52621921233,17.4762288321229,51.5533438145603
Turkiye,TUR,1991,2649.27259974439,15.2470755823245,52.0600808180554
Turkiye,TUR,1992,2743.65320297936,14.9836651520805,51.8482907371074
Turkiye,TUR,1993,3057.93737480422,15.4160185614868,51.8599846679573
Turkiye,TUR,1994,2176.2801813809,15.4628347718716,52.1666255213544
Turkiye,TUR,1995,3845.98997887841,11.4932219399825,51.3142678949625
Turkiye,TUR,1996,4041.36210281686,12.1491868936681,51.1466548861141
Turkiye,TUR,1997,4197.37636165642,10.5914720419092,50.9881371568156
Turkiye,TUR,1998,4331.02761275037,12.4484631042041,51.8677806218572
Turkiye,TUR,1999,3973.77763854116,10.4493651539506,52.3654223458025
Turkiye,TUR,2000,4199.3798635759,10.01837794564,52.5954029858503
Turkiye,TUR,2001,3052.2256706793,8.77213969287109,53.2307732286943
Turkiye,TUR,2002,3591.08628982587,10.1712688801184,53.5270194768915
Turkiye,TUR,2003,4649.63668068586,9.77425990072158,52.8097917180983
Turkiye,TUR,2004,5979.6054216148,9.30334217653319,53.5452100359913
Turkiye,TUR,2005,7331.85429430255,9.1349746278064,53.5621012694412
Turkiye,TUR,2006,7990.08251407245,8.06197674009426,52.6135935449502
Turkiye,TUR,2007,9766.91734545294,7.41825141005247,51.3298598027624
Turkiye,TUR,2008,10913.4079047769,7.38022403324347,50.8322180788171
Turkiye,TUR,2009,9076.92472236977,8.01952664747498,50.5580603666697
Turkiye,TUR,2010,10698.9699409757,8.90737962747164,50.6892922573184
Turkiye,TUR,2011,11373.6355760885,8.1265846445357,49.6953081350779
Turkiye,TUR,2012,11776.7593362033,7.658344974583,49.9032002390759
Turkiye,TUR,2013,12635.5570016068,6.64997261417217,49.9239894494757
Turkiye,TUR,2014,12209.3862327674,6.53828042868413,50.0942011096241
Turkiye,TUR,2015,11064.6494504662,6.87689834308907,50.0903031326741
Turkiye,TUR,2016,10984.3643169061,6.26556196399699,49.8005535127269
Turkiye,TUR,2017,10756.3877677883,6.19642323537778,49.3275989761314
Turkiye,TUR,2018,9684.11819884721,6.00418639185492,49.1171082208334
Turkiye,TUR,2019,9395.23378001368,6.6541535628227,49.0053662149344
Turkiye,TUR,2020,8798.11791709313,6.89122590909685,49.0651351948339
Turkiye,TUR,2021,9981.76398411336,5.70488171636816,49.4900146823798
Turkiye,TUR,2022,10897.8397861365,6.69360961922604,50.0253368501748
Turkiye,TUR,2023,13375.0947282864,6.38984597795627,50.1383781817237
Turkmenistan,TKM,1992,811.354156451902,10.875,75.2239695273764
Turkmenistan,TKM,1993,788.418914207107,18.1636726546906,75.4367671780904
Turkmenistan,TKM,1994,622.13478015809,32.6834862385321,75.4367671780904
Turkmenistan,TKM,1995,592.247247321132,16.2116564417178,75.5431660034473
Turkmenistan,TKM,1996,557.894220051334,12.6322580645161,75.5431660034473
Turkmenistan,TKM,1997,565.022638048501,20.2340234023402,75.5431660034473
Turkmenistan,TKM,1998,590.791293266381,25.1589853519114,75.5431660034473
Turkmenistan,TKM,1999,545.519003106054,24.8416853652456,75.6282850637329
Turkmenistan,TKM,2000,633.835487638011,22.538770821367,75.5431660034473
Turkmenistan,TKM,2001,756.034976276398,23.0980446540008,75.5431660034473
Turkmenistan,TKM,2002,935.540801478466,20.9328028293546,75.2239695273764
Turkmenistan,TKM,2003,1228.94870289404,19.1196027270432,74.8834932862341
Turkmenistan,TKM,2004,1379.23009682692,18.3554592251422,74.5855765752346
Turkmenistan,TKM,2005,1604.01618452312,18.5319970886289,74.2238205690209
Turkmenistan,TKM,2006,1996.59310717308,17.1978740617556,73.8407847977358
Turkmenistan,TKM,2007,2414.96071986964,18.8548148148148,73.5215883216649
Turkmenistan,TKM,2008,3605.50395120549,10.7216494845361,73.0959930202371
Turkmenistan,TKM,2009,3707.97850699617,10.5153529707868,72.7874364267018
Turkmenistan,TKM,2010,4058.53937000739,11.3405425561667,72.3512012427383
Turkmenistan,TKM,2011,5143.61929334647,8.88435455800276,72.0064690485817
Turkmenistan,TKM,2012,6053.8748468749,8.50146680237083,73.5761177196604
Turkmenistan,TKM,2013,6599.64529055481,8.47439420658294,75.145766390739
Turkmenistan,TKM,2014,7164.14536184006,8.2954435522879,76.7154150618177
Turkmenistan,TKM,2015,5759.497903834,9.30653875928778,78.2850637328964
Turkmenistan,TKM,2016,5238.00827202546,10.5274383259738,79.8547124039751
Turkmenistan,TKM,2017,5125.54920055808,11.1178074761568,81.4243610750537
Turkmenistan,TKM,2018,3911.98557297865,11.0415688363389,82.9940097461324
Turkmenistan,TKM,2019,4365.1152919542,10.8735150244584,84.5636584172111
Turkmenistan,TKM,2020,3935.37749365223,11.5838634249365,84.5587640712447
Turkmenistan,TKM,2021,3713.20113171765,11.9345152162615,84.5536569276275
Turkmenistan,TKM,2022,5198.18947409551,11.0661103129735,84.5536569276275
Turkmenistan,TKM,2023,5298.46421949276,11.7692627442089,84.2215632115421
Turks and Caicos Islands,TCA,2001,18325.7458111974,1.33981036101429,1.05263157894737
Turks and Caicos Islands,TCA,2002,17803.9471767733,1.08173289967301,1.05263157894737
Turks and Caicos Islands,TCA,2003,18859.1890274773,1.28001315912783,1.05263157894737
Turks and Caicos Islands,TCA,2004,21246.00980049,1.28338455531603,1.05263157894737
Turks and Caicos Islands,TCA,2005,24122.3028180757,1.14828449459065,1.05263157894737
Turks and Caicos Islands,TCA,2006,28734.2873064523,0.972514567632394,1.05263157894737
Turks and Caicos Islands,TCA,2007,29443.8523030072,0.898524867806953,1.05263157894737
Turks and Caicos Islands,TCA,2008,31453.8228752689,0.568806190911156,1.05263157894737
Turks and Caicos Islands,TCA,2009,24596.8938015951,0.70082027828026,1.05263157894737
Turks and Caicos Islands,TCA,2010,23093.8498268267,0.611251215804586,1.05263157894737
Turks and Caicos Islands,TCA,2011,27327.4006354146,0.552233193070452,1.05263157894737
Turks and Caicos Islands,TCA,2012,25923.6156503875,0.515940483737729,1.05263157894737
Turks and Caicos Islands,TCA,2013,25653.819867471,0.531547685236666,1.05263157894737
Turks and Caicos Islands,TCA,2014,27292.5820256776,0.513482576403009,1.05263157894737
Turks and Caicos Islands,TCA,2015,29457.0140691162,0.411861920068554,1.05263157894737
Turks and Caicos Islands,TCA,2016,31373.5612684327,0.367779794655588,1.05263157894737
Turks and Caicos Islands,TCA,2017,30014.2309523213,0.377058294197292,1.05263157894737
Turks and Caicos Islands,TCA,2018,31625.616593277,0.342988703741605,1.05263157894737
Turks and Caicos Islands,TCA,2019,31780.5217068989,0.296536471507569,1.05263157894737
Turks and Caicos Islands,TCA,2020,20690.9160546118,0.437506192923027,1.05263157894737
Turks and Caicos Islands,TCA,2021,27329.2885087196,0.355127019982062,1.05263157894737
Turks and Caicos Islands,TCA,2022,31280.5418020808,0.433018459416548,1.05263157894737
Turks and Caicos Islands,TCA,2023,35470.2151608295,0.366825679384226,1.05263157894737
Tuvalu,TUV,1990,1084.66707221699,23.680981595092,66.6666666666667
Tuvalu,TUV,1991,1134.33175551477,22.35212675948,66.6666666666667
Tuvalu,TUV,1992,1165.63710360353,21.4220982920878,66.6666666666667
Tuvalu,TUV,1993,1141.17904410247,21.8021547502449,66.6666666666667
Tuvalu,TUV,1994,1278.65870076399,21.8109551608496,66.6666666666667
Tuvalu,TUV,1995,1284.76446104166,22.2332753046506,66.6666666666667
Tuvalu,TUV,1996,1427.80960501753,24.039448750066,66.6666666666667
Tuvalu,TUV,1997,1461.08618049276,22.8179106413332,66.6666666666667
Tuvalu,TUV,1998,1459.64937141718,20.1320612946561,66.6666666666667
Tuvalu,TUV,1999,1558.60396569869,19.1535923066528,66.6666666666667
Tuvalu,TUV,2000,1559.22072281826,16.5501120093503,66.6666666666667
Tuvalu,TUV,2001,1475.03705936258,17.0914065614907,56.6666666666667
Tuvalu,TUV,2002,1729.16968588975,16.1369528449126,56.6666666666667
Tuvalu,TUV,2003,2020.10103886055,16.1830837599592,56.6666666666667
Tuvalu,TUV,2004,2330.77403351989,17.5855684418957,56.6666666666667
Tuvalu,TUV,2005,2298.44257265761,19.4873131908721,56.6666666666667
Tuvalu,TUV,2006,2413.97836453913,21.5004730662448,56.6666666666667
Tuvalu,TUV,2007,2803.75365477849,22.0038866596124,60.0
Tuvalu,TUV,2008,3062.00125965971,21.1910405214949,60.0
Tuvalu,TUV,2009,2662.42865634448,23.5276986707214,60.0
Tuvalu,TUV,2010,3054.96154183353,26.2526592133255,60.0
Tuvalu,TUV,2011,3679.5325726267,25.5213358263488,60.0
Tuvalu,TUV,2012,3558.89749224226,19.8429043536568,60.0
Tuvalu,TUV,2013,3524.00277634143,18.9401127073419,60.0
Tuvalu,TUV,2014,3518.13249227107,18.2998089541933,60.0
Tuvalu,TUV,2015,3352.66722400181,15.940855929328,60.0
Uganda,UGA,1961,56.1759278091596,49.9228420707764,45.1328762324208
Uganda,UGA,1962,55.5048704604887,49.1808253843748,45.6133326660327
Uganda,UGA,1963,61.9553768191835,47.5129212741544,46.3340173164506
Uganda,UGA,1964,68.6259930194368,47.2433981066268,49.4119413442771
Uganda,UGA,1965,99.9527652325075,49.0661601772713,49.4019318352435
Uganda,UGA,1966,101.435414620908,48.0332829046899,49.4719983984786
Uganda,UGA,1967,102.80034732844,45.8387610363294,49.4870126620289
Uganda,UGA,1968,106.851228104531,44.4264507422402,49.6721885791502
Uganda,UGA,1969,116.682296330854,45.3695938660597,49.79730744207
Uganda,UGA,1970,122.030929585629,51.028120484606,49.9474500775737
Uganda,UGA,1971,133.468088316131,54.0452435048899,50.1976878034132
Uganda,UGA,1972,136.964736487473,54.4976525821596,50.5480206195886
Uganda,UGA,1973,152.709417587824,58.5965778216519,50.9484009809319
Uganda,UGA,1974,183.71757196626,60.4877054747996,51.3688003603423
Uganda,UGA,1975,201.237292844799,70.6159352043699,52.0844802562434
Uganda,UGA,1976,203.309813650809,71.8710415560005,52.740103097943
Uganda,UGA,1977,237.584889064205,73.2872596153846,52.740103097943
Uganda,UGA,1978,190.690145097606,73.6553731182409,53.100445423152
Uganda,UGA,1979,164.513012181127,65.2177978284499,53.100445423152
Uganda,UGA,1980,93.7506991135184,71.7630422381308,53.4507782393274
Uganda,UGA,1981,98.6467550654109,58.3264787257908,53.8511586006706
Uganda,UGA,1982,156.952422909331,50.2411021814007,54.2515389620139
Uganda,UGA,1983,157.527216922525,53.0575807171552,56.5537260397378
Uganda,UGA,1984,247.516937638636,49.7566802991231,57.5546769430959
Uganda,UGA,1985,234.276502777526,48.375717866593,58.055152394775
Uganda,UGA,1986,253.643058810817,53.0979734447245,59.1411841249187
Uganda,UGA,1987,392.97074320479,54.7544975282531,59.1411841249187
Uganda,UGA,1988,395.187660960924,54.2743958976549,59.1411841249187
Uganda,UGA,1989,310.186025249445,54.376227755144,59.3663980781743
Uganda,UGA,1990,244.987168126806,53.282907395037,59.8668735298534
Uganda,UGA,1991,182.955897348348,49.3725406407326,60.2172063460287
Uganda,UGA,1992,152.113542415537,48.2029434921098,60.3173014363645
Uganda,UGA,1993,165.616476211716,48.2848821835563,60.4674440718683
Uganda,UGA,1994,198.441987998795,46.1698486683772,60.5675391622041
Uganda,UGA,1995,278.520835668767,45.2953876100708,60.6676342525399
Uganda,UGA,1996,284.698259285733,41.0372015173252,60.9178719783795
Uganda,UGA,1997,286.846637912964,38.1199597496033,60.9178719783795
Uganda,UGA,1998,292.453037058835,38.2510485122684,61.2682047945548
Uganda,UGA,1999,257.921949601357,34.7859787484548,61.3682998848906
Uganda,UGA,2000,258.050338731086,27.5091068813608,62.6194885140884
Uganda,UGA,2001,236.021188853993,27.8502414795273,63.1199639657675
Uganda,UGA,2002,241.984688408335,23.4334280026675,64.1209148691257
Uganda,UGA,2003,250.71543664681,24.5070225774825,65.622341224163
Uganda,UGA,2004,292.38185796262,21.6703526422179,66.3730544016816
Uganda,UGA,2005,330.405402707025,25.0749361336647,66.3730544016816
Uganda,UGA,2006,346.518255310647,24.0349329838703,67.3777588709274
Uganda,UGA,2007,401.389130865581,22.2781136788689,68.3824633401732
Uganda,UGA,2008,472.842681495852,21.3845985625607,69.6374055352585
Uganda,UGA,2009,798.947089938247,34.872859937466,70.6421100045043
Uganda,UGA,2010,823.488144282,32.8680090776536,71.1400359066427
Uganda,UGA,2011,835.620060555838,28.9692474777902,71.6387392778775
Uganda,UGA,2012,795.222867553127,27.177257747558,71.8880909634949
Uganda,UGA,2013,818.285427416713,26.0303237402959,71.8880909634949
Uganda,UGA,2014,896.054795546394,24.8199759353437,71.8880909634949
Uganda,UGA,2015,862.934610355811,23.4723696930371,71.8880909634949
Uganda,UGA,2016,752.696571725656,22.6603227869887,71.8880909634949
Uganda,UGA,2017,765.218332297361,23.4588353827426,71.8880909634949
Uganda,UGA,2018,792.16570022814,23.2502935412734,71.8880909634949
Uganda,UGA,2019,822.171150036357,22.9455088065564,71.8880909634949
Uganda,UGA,2020,845.766463890124,23.9290337205103,71.8880909634949
Uganda,UGA,2021,882.791717542504,23.8418038272172,71.8880909634949
Uganda,UGA,2022,963.067314117178,24.0117220529553,71.8880909634949
Uganda,UGA,2023,1002.30913917142,24.0895746897278,71.8880909634949
Ukraine,UKR,1992,1413.24011230469,20.851976952116,72.3724864071805
Ukraine,UKR,1993,1254.02868652344,21.5406715990099,72.3051695866057
Ukraine,UKR,1994,1009.09405517578,14.5723971958075,72.2551134892552
Ukraine,UKR,1995,933.191772460938,13.769759643058,72.2413049106758
Ukraine,UKR,1996,869.846069335938,12.2290508961101,72.2188659704842
Ukraine,UKR,1997,987.489807128906,12.5153965618808,72.2430309829982
Ukraine,UKR,1998,831.336791992188,12.0680748199195,71.8235954086476
Ukraine,UKR,1999,631.910461425781,11.8750095828031,71.5508759817036
Ukraine,UKR,2000,653.294311523438,13.951785065407,71.4697505825494
Ukraine,UKR,2001,800.49072265625,13.9760861844442,71.4335030637784
Ukraine,UKR,2002,903.011901855469,12.6032510741528,71.4537232022646
Ukraine,UKR,2003,1076.48156738281,10.4995403003371,71.3829530155004
Ukraine,UKR,2004,1401.01806640625,10.4370371199069,71.3812269133842
Ukraine,UKR,2005,1875.33508300781,8.87530749467009,71.2899996548034
Ukraine,UKR,2006,2366.494140625,7.23906141043294,71.2579397956366
Ukraine,UKR,2007,3160.32763671875,6.28300133403275,71.2305594393524
Ukraine,UKR,2008,4017.806640625,6.53540152136768,71.2766691983705
Ukraine,UKR,2009,2607.08764648438,6.90539595920772,71.2490506110613
Ukraine,UKR,2010,3039.63232421875,7.40220509822994,71.2335151556998
Ukraine,UKR,2011,3656.69799804688,8.15022183877887,71.2576814195954
Ukraine,UKR,2012,3951.34228515625,7.76131248389414,71.2853000069046
Ukraine,UKR,2013,4129.89697265625,8.69230562102956,71.6805910377684
Ukraine,UKR,2014,3054.908203125,10.1546081548161,71.658409432236
Ukraine,UKR,2015,2094.47387695313,12.0593761063371,71.6532306789345
Ukraine,UKR,2016,2158.46118164063,11.7257009089167,71.665314436638
Ukraine,UKR,2017,2604.28759765625,10.1776550393512,71.6191955808735
Ukraine,UKR,2018,3059.0517578125,10.1395331070229,71.3306869175009
Ukraine,UKR,2019,3619.86157226563,8.96518101437243,71.2996202968588
Ukraine,UKR,2020,3709.76928710938,9.31015109807472,71.2996202968588
Ukraine,UKR,2021,4775.94580078125,10.8857721063269,71.2996202968588
Ukraine,UKR,2022,4199.6708984375,8.57297627041519,71.2996202968588
Ukraine,UKR,2023,5139.59814453125,7.55194546256383,71.2996202968588
United Arab Emirates,ARE,1975,27117.1912424652,0.540660329221332,3.02731624894396
United Arab Emirates,ARE,1976,31197.0663668344,0.545058452686382,3.04139678963672
United Arab Emirates,ARE,1977,35020.1986905139,0.484661838609546,3.05547733032948
United Arab Emirates,ARE,1978,29379.0712926859,0.628854954412667,3.06955787102225
United Arab Emirates,ARE,1979,34238.1739475153,0.54691680772609,3.08363841171501
United Arab Emirates,ARE,1980,42925.208420888,0.490293732070833,3.13996057448606
United Arab Emirates,ARE,1981,44854.5234553512,0.548185738345662,3.19628273725711
United Arab Emirates,ARE,1982,39972.4918171729,0.640528000020266,3.19628273725711
United Arab Emirates,ARE,1983,34650.0446364828,0.730614821379407,3.26668544072092
United Arab Emirates,ARE,1984,32012.2967090452,0.842292487343602,3.26668544072092
United Arab Emirates,ARE,1985,29467.5280764905,0.92577889660548,3.30892706279921
United Arab Emirates,ARE,1986,23132.0442453994,1.18433041037144,3.3511686848775
United Arab Emirates,ARE,1987,23112.5558111632,1.14289258209736,3.3511686848775
United Arab Emirates,ARE,1988,21569.6710149303,1.19742469119676,3.36524922557026
United Arab Emirates,ARE,1989,23166.7140459133,1.19299206570459,3.36524922557026
United Arab Emirates,ARE,1990,26709.9567949611,1.05855404896862,4.01295409743734
United Arab Emirates,ARE,1991,25690.9151233865,1.2978134015565,4.36496761475641
United Arab Emirates,ARE,1992,25648.2807476605,1.37886293925245,4.77330329484652
United Arab Emirates,ARE,1993,25032.8269272198,1.48106638229036,4.99859194593072
United Arab Emirates,ARE,1994,25472.6470660889,1.83021461055186,5.23796113770769
United Arab Emirates,ARE,1995,27003.1753753727,1.78716708113676,5.39284708532808
United Arab Emirates,ARE,1996,28323.1586889615,1.79252432271019,5.44916924809913
United Arab Emirates,ARE,1997,27982.752550093,2.00386330887506,5.56181357364123
United Arab Emirates,ARE,1998,24889.4426807231,2.18094077443637,5.60405519571952
United Arab Emirates,ARE,1999,25855.8379155488,2.33324699029143,7.2655589974655
United Arab Emirates,ARE,2000,29865.5285002232,2.26254149328885,7.70205575894114
United Arab Emirates,ARE,2001,27745.1684523079,2.23828179426872,7.91326386933258
United Arab Emirates,ARE,2002,27753.5810466782,2.20343142455223,7.96958603210363
United Arab Emirates,ARE,2003,29659.5710296993,1.92764969241608,7.80061954379048
United Arab Emirates,ARE,2004,33376.6880534412,1.6654481417792,7.80061954379048
United Arab Emirates,ARE,2005,38719.3138285388,1.39543999107146,7.84286116586877
United Arab Emirates,ARE,2006,44342.603055045,1.09428885881102,7.58377921712194
United Arab Emirates,ARE,2007,45854.7352436978,0.976706775849298,7.49929597296536
United Arab Emirates,ARE,2008,50054.1700685968,0.827305489980101,7.5978597578147
United Arab Emirates,ARE,2009,37803.0663737818,1.03685999938512,5.46184173472261
United Arab Emirates,ARE,2010,44795.2846234991,0.732325154252682,5.52379611377077
United Arab Emirates,ARE,2011,51921.8890746408,0.65018165697003,5.47029005913827
United Arab Emirates,ARE,2012,53141.6251661086,0.627730308351473,5.30413967896367
United Arab Emirates,ARE,2013,53247.2278745159,0.631291108343877,5.34215713883413
United Arab Emirates,ARE,2014,52725.2307981936,0.625619164911727,5.3858068149817
United Arab Emirates,ARE,2015,44910.3458860776,0.716283676441238,5.39003097718952
United Arab Emirates,ARE,2016,42721.1136110991,0.740828105142589,5.40411151788229
United Arab Emirates,ARE,2017,43733.6242018215,0.753711714951803,5.40411151788229
United Arab Emirates,ARE,2018,47135.3478795605,0.705621193856789,5.37524640946212
United Arab Emirates,ARE,2019,45938.6084572227,0.734600479758574,5.49704308645452
United Arab Emirates,ARE,2020,37991.738387966,0.96297291257111,5.48859476203886
United Arab Emirates,ARE,2021,44118.4936214315,0.890366137304479,5.51339763446916
United Arab Emirates,ARE,2022,50759.7590190204,0.740907378602023,5.51339763446916
United Arab Emirates,ARE,2023,49850.6945082084,0.764071417912981,5.51539988735567
United Kingdom,GBR,1990,19095.4669984608,1.27440638130956,75.2407721241681
United Kingdom,GBR,1991,19900.7266505069,1.25016374315936,74.9927665027074
United Kingdom,GBR,1992,20487.1707852878,1.23987354389515,74.6910263299301
United Kingdom,GBR,1993,18389.0195675099,1.25089299086945,72.4755094448807
United Kingdom,GBR,1994,19709.2380983653,1.29313777851733,71.9588310668375
United Kingdom,GBR,1995,23252.6157127423,1.23005517468866,71.8348282561071
United Kingdom,GBR,1996,24503.3829602903,1.0706987343601,72.3101723639069
United Kingdom,GBR,1997,26910.1381529902,0.94602306218109,72.6863142231224
United Kingdom,GBR,1998,28396.3523548013,0.934878600404466,72.4093746124912
United Kingdom,GBR,1999,28858.0065333126,0.856765899800043,71.1734799322118
United Kingdom,GBR,2000,28383.8761094996,0.805152979066022,70.1194560410036
United Kingdom,GBR,2001,28013.8729635508,0.758425159620422,70.0739883437358
United Kingdom,GBR,2002,30158.7017807858,0.899764449050179,70.1690571652957
United Kingdom,GBR,2003,34556.7726095905,0.831206604029142,70.0863886248088
United Kingdom,GBR,2004,40504.4118103928,0.741442331384033,70.4790641921217
United Kingdom,GBR,2005,42240.2462987547,0.547158772249259,70.0863886248088
United Kingdom,GBR,2006,44695.161023424,0.575070361550119,73.7320712602819
United Kingdom,GBR,2007,50629.0799172887,0.553318266269432,72.9425866986318
United Kingdom,GBR,2008,47652.4030691881,0.669821878060213,73.0955234985326
United Kingdom,GBR,2009,39009.3715547821,0.680900728162344,71.6116231967925
United Kingdom,GBR,2010,39778.3220528565,0.565712301782542,71.1941470673335
United Kingdom,GBR,2011,42295.9273835322,0.704214809469773,70.9461414458728
United Kingdom,GBR,2012,42688.3263728372,0.62478654917094,71.020543132311
United Kingdom,GBR,2013,43607.6636827371,0.640890919985333,71.3024428553714
United Kingdom,GBR,2014,47746.9810645521,0.737947357586346,71.2272144835283
United Kingdom,GBR,2015,45256.040227057,0.633552833586443,70.8386723432398
United Kingdom,GBR,2016,41258.5374285695,0.590496095532871,71.7148836440293
United Kingdom,GBR,2017,40918.0520870944,0.606135163563991,72.1950667548465
United Kingdom,GBR,2018,43704.3162296687,0.563097756036101,71.7185202331253
United Kingdom,GBR,2019,43160.6843971799,0.576929649470186,72.4229988013062
United Kingdom,GBR,2020,40815.1255364787,0.683760683760684,71.3400491877816
United Kingdom,GBR,2021,47695.6491523474,0.698210493866494,71.1575290373248
United Kingdom,GBR,2022,47034.7795621476,0.681106058275464,71.9816417972141
United Kingdom,GBR,2023,49919.6896621586,0.648180849687737,70.3073227793163
United States,USA,1997,31459.1299691554,1.33691209333386,45.2982653052312
United States,USA,1998,32853.6725949234,1.21399707177139,45.2658380427472
United States,USA,1999,34515.3813073394,1.15124131310291,45.1893009686689
United States,USA,2000,36329.9702595751,1.1505549143143,45.2305848555761
United States,USA,2001,37133.6203973517,1.12925705700728,45.2900702036254
United States,USA,2002,37997.7424300242,0.973712301131986,45.0848730397122
United States,USA,2003,39490.3023903176,1.1210468251509,45.0803674339003
United States,USA,2004,41724.6411982614,1.26548334003973,45.0758618280884
United States,USA,2005,44123.3996470026,1.15050675283148,45.0713562222766
United States,USA,2006,46301.9876485519,1.00948747512139,45.0668506164647
United States,USA,2007,48050.227412195,1.07512389607238,45.0623450106528
United States,USA,2008,48570.0594269601,1.05300030562235,45.3549551239585
United States,USA,2009,47194.9500893872,0.960285754997542,45.576134822715
United States,USA,2010,48642.6312088213,1.02943688973818,45.7973145105396
United States,USA,2011,50024.8812320773,1.20055880447177,46.0184942092962
United States,USA,2012,51708.3940614082,1.14932980065793,46.2396739080528
United States,USA,2013,53297.3862901595,1.31815003575389,46.3330187965568
United States,USA,2014,55153.3940182967,1.16824049198161,46.4263636850609
United States,USA,2015,56849.4697923159,1.02890409132672,46.519708562633
United States,USA,2016,57976.628204291,0.937140437714336,46.613053451137
United States,USA,2017,60047.7190728307,0.940362226343714,46.7063983396411
United States,USA,2018,62875.6661382728,0.898498260790929,46.5817145490204
United States,USA,2019,65227.9565911038,0.83262086291437,46.4570307583996
United States,USA,2020,64465.2971415748,0.934873150907349,46.3323469677789
United States,USA,2021,71441.2319805947,0.942961672907101,46.2076631880902
Uruguay,URY,1983,1707.14462849135,13.401180193278,85.6587818535024
Uruguay,URY,1984,1615.40647277136,14.6280284474872,85.4873728716718
Uruguay,URY,1985,1568.43216486363,13.5951131463716,85.3216775225688
Uruguay,URY,1986,1938.8108486947,12.6518194753433,85.1045594789167
Uruguay,URY,1987,2415.6541994875,13.7118635090988,84.8931550679922
Uruguay,URY,1988,2677.19777690993,12.3494750240354,84.7845960461661
Uruguay,URY,1989,2734.36623871535,11.548673992878,84.6874642897955
Uruguay,URY,1990,2995.36105663465,9.20845767653624,85.2302593989258
Uruguay,URY,1991,3589.01541942634,8.49783072201469,85.2531139298366
Uruguay,URY,1992,4101.71054155291,8.81564371126246,85.2759684607473
Uruguay,URY,1993,4753.00924682647,7.36675786246185,85.3045366243858
Uruguay,URY,1994,5507.56481300056,7.92533605710963,85.3273911552965
Uruguay,URY,1995,6050.48632253644,8.61611136382544,85.3502456862073
Uruguay,URY,1996,6398.43575184095,8.01605820451305,85.3673865843904
Uruguay,URY,1997,7436.29342620682,6.55147000680854,85.3902411153011
Uruguay,URY,1998,7836.89183322307,6.82374487122373,85.4188092789395
Uruguay,URY,1999,7370.56995453931,5.81525119210805,85.4416638098503
Uruguay,URY,2000,6987.70098766257,5.99419379958816,85.4645183407611
Uruguay,URY,2001,6382.76104740859,5.5867032330245,85.4873728716718
Uruguay,URY,2002,4149.76140312687,7.52965904535852,85.264541195292
Uruguay,URY,2003,3671.12329256883,9.63878300629108,85.2873957262027
Uruguay,URY,2004,4168.66065438387,10.9967908719866,84.7274597188893
Uruguay,URY,2005,5284.25677987129,8.74583674336276,84.7446006170723
Uruguay,URY,2006,6001.33294783172,8.91384522998833,83.961832933379
Uruguay,URY,2007,7222.05403645877,8.49936418864264,83.1333561878643
Uruguay,URY,2008,9423.96562595893,9.16892403649034,83.8418466460976
Uruguay,URY,2009,9881.39573127081,7.88699609562802,84.6417552279739
Uruguay,URY,2010,12641.0576849008,7.20206450749149,82.4648611587247
Uruguay,URY,2011,15132.2675725587,8.82916199856249,82.9962290023997
Uruguay,URY,2012,16259.5940814256,8.12177248512393,81.3449891440978
Uruguay,URY,2013,18335.2594772322,7.61620062705491,81.9717746543252
Uruguay,URY,2014,18322.4276767157,6.73546217242537,82.7054050965604
Uruguay,URY,2015,17125.9016800298,6.13144194290358,82.6625528511027
Uruguay,URY,2016,17009.7584207276,6.67871972637662,81.5066849502914
Uruguay,URY,2017,19184.6626114272,5.40639556316395,81.2644269226374
Uruguay,URY,2018,19249.9404677501,5.82386636841924,81.0810193120786
Uruguay,URY,2019,18315.7350377437,6.50279444770078,80.7182036338704
Uruguay,URY,2020,15757.5341990356,7.20670354093992,80.3531025025711
Uruguay,URY,2021,17881.8119616753,7.73427066102582,80.3908124785739
Uruguay,URY,2022,21009.2883798725,6.86639189064101,80.8735287395726
Uruguay,URY,2023,23378.6399733516,6.01413612088737,81.3541309564621
Uzbekistan,UZB,1992,602.920525827048,35.1391853548148,65.1716031969911
Uzbekistan,UZB,1993,595.777099596612,27.5850886870416,64.9905970850964
Uzbekistan,UZB,1994,574.229079896619,34.3455984808316,64.974141984015
Uzbekistan,UZB,1995,582.54213674034,28.0499215125601,64.9811941701928
Uzbekistan,UZB,1996,597.33228695111,22.3647561421471,64.974141984015
Uzbekistan,UZB,1997,620.59129581366,28.1986118362458,64.9670897978373
Uzbekistan,UZB,1998,621.048904301242,26.8,64.2548189938881
Uzbekistan,UZB,1999,697.763539790812,29.0229534073079,64.2477668077104
Uzbekistan,UZB,2000,555.149231099186,30.05590367367,62.6839310495109
Uzbekistan,UZB,2001,454.415812256778,29.973808702008,62.6848141019612
Uzbekistan,UZB,2002,381.409296889283,30.1226812703015,62.0447751949366
Uzbekistan,UZB,2003,394.164028897235,28.4620073141,61.6343601520612
Uzbekistan,UZB,2004,462.171492867885,26.4440094608923,61.2224763853868
Uzbekistan,UZB,2005,542.835808692209,26.3310599495083,60.8077568148602
Uzbekistan,UZB,2006,649.118167003925,25.0794086599227,60.3923368131238
Uzbekistan,UZB,2007,824.028192334768,23.235899255055,59.9586223347646
Uzbekistan,UZB,2008,1074.72928796701,19.6896057973097,59.5457913098927
Uzbekistan,UZB,2009,1205.7993547038,18.6326849699042,59.1336063035475
Uzbekistan,UZB,2010,1956.78127255673,24.0815269392886,58.7255558716379
Uzbekistan,UZB,2011,2338.55462817306,26.469076721652,58.3214206223369
Uzbekistan,UZB,2012,2573.95586785056,25.9172267873847,57.907296925195
Uzbekistan,UZB,2013,2781.38869470315,24.5690997967973,57.5048934231933
Uzbekistan,UZB,2014,3021.00331668049,25.3540246715931,58.6109332727536
Uzbekistan,UZB,2015,3172.89899391083,25.7597922930163,57.984566500227
Uzbekistan,UZB,2016,3128.42307170099,25.7139411156526,57.9805306962693
Uzbekistan,UZB,2017,2271.4730109511,24.7588478005735,57.9525543137807
Uzbekistan,UZB,2018,1894.09088741408,22.962221977009,57.9234067278426
Uzbekistan,UZB,2019,2128.66067138334,21.1335355089228,58.0070592775022
Uzbekistan,UZB,2020,2087.96374711792,21.5708620304833,58.2832179734483
Uzbekistan,UZB,2021,2370.36480555669,21.4018272914351,58.3012029873846
Uzbekistan,UZB,2022,2698.60262953369,20.3856963443599,58.4792534698583
Uzbekistan,UZB,2023,3015.97705069457,19.6622079976968,58.0551458073301
Vanuatu,VUT,1979,1055.01446687478,21.9512221891734,10.5004101722724
Vanuatu,VUT,1980,1047.77362587983,17.6872897535041,10.5004101722724
Vanuatu,VUT,1981,962.222055354043,18.5289702791954,10.746513535685
Vanuatu,VUT,1982,946.023154648384,17.1187354756718,10.8285479901559
Vanuatu,VUT,1983,946.705222595573,23.5490784397771,11.0746513535685
Vanuatu,VUT,1984,1136.68202384045,25.0959056985422,11.0746513535685
Vanuatu,VUT,1985,1011.51017753831,26.099706744868,11.2387202625103
Vanuatu,VUT,1986,945.998619022206,22.4658545588778,11.5668580803938
Vanuatu,VUT,1987,1016.59904763078,19.1057441253264,11.7309269893355
Vanuatu,VUT,1988,1125.00616977712,18.7832607643928,12.059064807219
Vanuatu,VUT,1989,1066.62512806351,19.0297672336616,12.2231337161608
Vanuatu,VUT,1990,1140.59020311724,19.5811624260205,12.4692370795734
Vanuatu,VUT,1991,1326.37321256212,15.5348009784301,12.6333059885152
Vanuatu,VUT,1992,1343.68942861831,15.1967607237758,12.8794093519278
Vanuatu,VUT,1993,1257.29387486656,16.9552018378733,13.0434782608696
Vanuatu,VUT,1994,1430.99367776483,15.2771651227761,13.1255127153404
Vanuatu,VUT,1995,1491.78967004617,15.4258934640289,13.5356849876948
Vanuatu,VUT,1996,1529.27573115021,16.5102739726027,13.6997538966366
Vanuatu,VUT,1997,1562.03090670153,15.7090425868506,13.7817883511075
Vanuatu,VUT,1998,1470.97189048658,26.0980058002212,14.109926168991
Vanuatu,VUT,1999,1472.17751741462,24.8460671234065,14.1919606234619
Vanuatu,VUT,2000,1460.23817692229,22.9641302315643,14.3560295324036
Vanuatu,VUT,2001,1350.18338238522,23.5298826040555,14.5200984413454
Vanuatu,VUT,2002,1340.71537528287,24.2661341066397,14.6021328958162
Vanuatu,VUT,2003,1566.51396790858,22.8288874430709,14.766201804758
Vanuatu,VUT,2004,1774.31867585894,23.5987549935054,14.8482362592289
Vanuatu,VUT,2005,1873.99142640619,22.2744970798183,15.0123051681706
Vanuatu,VUT,2006,2034.79289624351,20.9849622513423,15.1763740771124
Vanuatu,VUT,2007,2333.70506748914,20.9592045067866,15.3404429860541
Vanuatu,VUT,2008,2603.60883136724,20.0140320398243,15.3404429860541
Vanuatu,VUT,2009,2546.38324565986,19.3907393648134,15.3404429860541
Vanuatu,VUT,2010,2815.18828985779,19.5427410917595,15.3404429860541
Vanuatu,VUT,2011,3163.1861645138,20.8591539075539,15.3404429860541
Vanuatu,VUT,2012,3004.78416664293,21.6186956898294,15.3404429860541
Vanuatu,VUT,2013,3392.56675091682,23.1527878171594,15.3404429860541
Vanuatu,VUT,2014,3378.36411965135,25.5565710536183,15.3404429860541
Vanuatu,VUT,2015,3214.41948587141,23.3757039420756,15.3404429860541
Vanuatu,VUT,2016,3339.83436471043,22.5921642623816,15.3404429860541
Vanuatu,VUT,2017,3585.31798081216,22.954961314472,15.3404429860541
Vanuatu,VUT,2018,3626.18862522473,22.8862270194375,15.3404429860541
Vanuatu,VUT,2019,3635.62344878185,22.8278897154211,15.3404429860541
Vanuatu,VUT,2020,3404.30359167624,24.9982962483388,15.3404429860541
Vanuatu,VUT,2021,3576.13770954363,25.570905932076,15.3404429860541
Vanuatu,VUT,2022,3679.53524327491,26.9665542778012,15.3404429860541
Vanuatu,VUT,2023,3708.18942411253,25.5423185087831,15.3404429860541
"Venezuela, RB",VEN,1968,938.015078662499,6.44978407706788,22.4000906978062
"Venezuela, RB",VEN,1969,931.598755748143,7.09072445606378,22.4930559492092
"Venezuela, RB",VEN,1970,1015.21990755986,6.46535319557905,22.5984921489711
"Venezuela, RB",VEN,1971,1106.08824294225,6.31665529129697,22.7039283487331
"Venezuela, RB",VEN,1972,1155.26236263344,5.9074501642223,22.7481435292784
"Venezuela, RB",VEN,1973,1366.83361997071,6.0150437524743,22.8773879031801
"Venezuela, RB",VEN,1974,2033.51900797712,4.86875634834364,22.9510798707556
"Venezuela, RB",VEN,1975,2078.1534203511,5.54607190638283,23.0123008899722
"Venezuela, RB",VEN,1976,2309.19293494983,5.14536949313122,23.2073011734029
"Venezuela, RB",VEN,1977,2585.22051087846,5.55932334014103,23.4499178051131
"Venezuela, RB",VEN,1978,2727.13746585327,5.70821010292204,23.5134062694859
"Venezuela, RB",VEN,1979,3256.64908738452,5.35224827546369,23.6948018819795
"Venezuela, RB",VEN,1980,3874.40470623155,5.29746145766539,23.8308485913497
"Venezuela, RB",VEN,1981,4228.0988152685,5.4248127682253,23.8535230429114
"Venezuela, RB",VEN,1982,4201.54283466342,5.71284864798055,23.9895697522816
"Venezuela, RB",VEN,1983,4078.94233103427,6.11799980722361,24.1256164616518
"Venezuela, RB",VEN,1984,3519.80146489308,4.95324611019063,24.2503259452412
"Venezuela, RB",VEN,1985,3548.70434276284,5.6067573121373,24.5337565897625
"Venezuela, RB",VEN,1986,3376.34960597843,6.42009354582846,24.7718383311604
"Venezuela, RB",VEN,1987,2610.98837126004,5.91573200693259,24.8965478147497
"Venezuela, RB",VEN,1988,3191.47633742656,6.41382003313931,24.953233943654
"Venezuela, RB",VEN,1989,2250.08459665588,5.89725899966962,24.726489428037
"Venezuela, RB",VEN,1990,2451.5523114567,5.21213674081204,24.7831755569412
"Venezuela, RB",VEN,1991,2632.53969814106,0.0,24.779774389207
"Venezuela, RB",VEN,1992,2907.30334439434,0.0,24.4963437446857
"Venezuela, RB",VEN,1993,2824.69144366441,0.0,24.4918088543733
"Venezuela, RB",VEN,1994,2688.98325145295,0.0,24.4952100221076
"Venezuela, RB",VEN,1995,3486.98350635919,0.0,24.5065472478884
"Venezuela, RB",VEN,1996,3112.825848106,0.0,24.5178844736693
"Venezuela, RB",VEN,1997,3710.82688355096,0.0,24.5292216994501
"Venezuela, RB",VEN,1998,3869.98258848894,0.0,24.5292216994501
"Venezuela, RB",VEN,1999,4070.90619189484,0.0,24.5258205317159
"Venezuela, RB",VEN,2000,4776.2816763938,0.0,24.5280879768721
"Venezuela, RB",VEN,2001,4920.39313600453,0.0,24.5314891446063
"Venezuela, RB",VEN,2002,3652.09896501865,0.0,24.5314891446063
"Venezuela, RB",VEN,2003,3229.50557082079,0.0,24.420384331954
"Venezuela, RB",VEN,2004,4269.08970872392,0.0,24.4770704608582
"Venezuela, RB",VEN,2005,5432.4854184654,0.0,24.4827390737487
"Venezuela, RB",VEN,2006,6739.38065342218,0.0,24.4373901706252
"Venezuela, RB",VEN,2007,8331.62096991844,0.0,24.4419250609376
"Venezuela, RB",VEN,2008,11262.4514256759,0.0,24.4884076866391
"Venezuela, RB",VEN,2009,11596.6021921731,0.0,24.3750354288306
"Venezuela, RB",VEN,2010,13646.3046622664,0.0,24.3750354288306
"Venezuela, RB",VEN,2011,10843.9229703167,0.0,24.3750354288306
Viet Nam,VNM,1986,436.419296772225,38.0634390651085,20.6611570247934
Viet Nam,VNM,1987,595.247488701606,40.5574912891986,20.6150726596823
Viet Nam,VNM,1988,404.559305078888,46.2970168612192,20.6150726596823
Viet Nam,VNM,1989,98.1070172159577,42.0674189299826,20.6304341147193
Viet Nam,VNM,1990,98.7983370311401,38.73674174711,20.6642293158008
Viet Nam,VNM,1991,143.715270231936,40.4891339773424,20.7410365909859
Viet Nam,VNM,1992,144.549392371677,33.9385879202403,21.5828443270147
Viet Nam,VNM,1993,189.418573584332,29.8699539420211,21.7733263694737
Viet Nam,VNM,1994,229.857787265757,27.4278288729318,21.9361577928661
Viet Nam,VNM,1995,287.802661028593,27.1826887789875,21.7487480414145
Viet Nam,VNM,1996,337.051231790277,27.7588260377303,23.6013395188792
Viet Nam,VNM,1997,361.643884085566,25.7717067944634,24.0990506620787
Viet Nam,VNM,1998,361.350928411167,25.7807804064629,24.747304064641
Viet Nam,VNM,1999,375.994455900496,25.4344379935091,25.8471842452917
Viet Nam,VNM,2000,404.029784055118,24.5345819955349,28.2260657107953
Viet Nam,VNM,2001,419.205677580901,23.2410475903552,30.4831399273522
Viet Nam,VNM,2002,445.132861817313,23.0294421776834,30.4459829335051
Viet Nam,VNM,2003,497.117089249256,22.5424367056108,30.7575708710936
Viet Nam,VNM,2004,565.452284586212,21.8076993514673,31.5915760957203
Viet Nam,VNM,2005,710.746759994861,19.2999788840494,32.1384618827057
Viet Nam,VNM,2006,807.756645117054,18.7267854535521,32.2191850892757
Viet Nam,VNM,2007,925.640338348717,18.655099701709,32.1943447296182
Viet Nam,VNM,2008,1163.83195772873,20.4131439246507,32.7399677741119
Viet Nam,VNM,2009,1226.16976051536,19.1684598670425,32.9068109297165
Viet Nam,VNM,2010,1683.16182443979,15.3750906872381,34.3450560815081
Viet Nam,VNM,2011,1950.92504174913,16.2591484896283,34.3732843043373
Viet Nam,VNM,2012,2185.11767654291,16.199507640393,34.4331120376958
Viet Nam,VNM,2013,2359.51736472828,15.2156122465127,34.6726704451298
Viet Nam,VNM,2014,2546.38464459903,14.8803489262722,34.6991265943562
Viet Nam,VNM,2015,2577.56885340113,14.4747261789547,38.7634300520449
Viet Nam,VNM,2016,2735.0604380416,13.8182553730866,38.8407942894887
Viet Nam,VNM,2017,2956.10992127753,12.9298794852362,38.8279627189274
Viet Nam,VNM,2018,3222.31003125366,12.3066684310428,38.7344502263671
Viet Nam,VNM,2019,3440.90025375434,11.7845285540387,39.5241027473527
Viet Nam,VNM,2020,3534.03953482647,12.6554035685556,39.4347683207361
Viet Nam,VNM,2021,3704.1935590038,12.6030904652745,39.4347683207361
Viet Nam,VNM,2022,4147.69777213621,11.8802998248459,39.2911951351024
Viet Nam,VNM,2023,4322.82572261566,11.8713266425191,39.2147376279795
West Bank and Gaza,PSE,1994,1201.58154213882,13.2627580628143,77.5464451827242
West Bank and Gaza,PSE,1995,1326.56285737146,11.8191787498477,78.8924750830565
West Bank and Gaza,PSE,1996,1317.46675131385,13.0161895823557,78.0698504983389
West Bank and Gaza,PSE,1997,1389.16497137651,11.4181605404543,77.8294352159468
West Bank and Gaza,PSE,1998,1465.04605685868,11.7139485717095,78.0892857142857
West Bank and Gaza,PSE,1999,1499.49217657019,10.6504026971343,74.3521262458472
West Bank and Gaza,PSE,2000,1476.17185000238,9.68100890207715,77.7762624584718
West Bank and Gaza,PSE,2001,1335.55319529359,8.47216324899468,77.2273920265781
West Bank and Gaza,PSE,2002,1156.21747345769,8.0319478035885,77.8709468438538
West Bank and Gaza,PSE,2003,1257.69857009689,6.98084677419355,77.3250664451827
West Bank and Gaza,PSE,2004,1422.19088643544,11.1403184810237,77.3916611295681
West Bank and Gaza,PSE,2005,1543.70141392774,8.98999161090193,77.6106146179402
West Bank and Gaza,PSE,2006,1570.10439962728,11.3867958042743,77.4817774086379
West Bank and Gaza,PSE,2007,1664.24571669276,8.92583867806111,77.6293853820598
West Bank and Gaza,PSE,2008,2035.20234121766,10.1280367695338,77.9329568106312
West Bank and Gaza,PSE,2009,2191.78178736868,10.0213957975191,71.3870431893688
West Bank and Gaza,PSE,2010,2557.07562356699,9.00273717915612,62.2757475083056
West Bank and Gaza,PSE,2011,2880.79843707909,8.34249649118102,64.3249833887043
West Bank and Gaza,PSE,2012,3067.43872735614,8.10589430228367,66.5519435215947
West Bank and Gaza,PSE,2013,3315.29753909282,7.59868299359994,68.8420431893688
West Bank and Gaza,PSE,2014,3352.11259506043,7.83505007255338,69.8431063122924
West Bank and Gaza,PSE,2015,3272.15432360708,7.40889181529301,71.4953156146179
West Bank and Gaza,PSE,2016,3527.61382413178,7.60382722941306,72.1624916943522
West Bank and Gaza,PSE,2017,3620.36048715937,7.0405505952381,71.3877906976744
West Bank and Gaza,PSE,2018,3562.33094270256,7.3596451347333,71.2277242524917
West Bank and Gaza,PSE,2019,3656.85827137011,7.05401698427058,70.6523754152824
West Bank and Gaza,PSE,2020,3233.56863835858,7.10160510439939,67.7514285714286
West Bank and Gaza,PSE,2021,3678.63565662194,6.31674857805511,64.9294605809129
West Bank and Gaza,PSE,2022,3799.95527015163,5.74521927421669,64.9294605809129
West Bank and Gaza,PSE,2023,3607.41611858821,4.87628185520872,64.9294605809129
"Yemen, Rep.",YEM,1990,910.422465960748,27.3913641864474,44.7487546640908
"Yemen, Rep.",YEM,1991,1016.30223044813,26.1614388072582,44.758224899142
"Yemen, Rep.",YEM,1992,1198.13031674085,27.4603916232406,44.474117847605
"Yemen, Rep.",YEM,1993,1396.61544419009,25.6621536893959,44.9362653181052
"Yemen, Rep.",YEM,1994,1735.04419543214,27.5741328443987,44.9457355531564
"Yemen, Rep.",YEM,1995,764.414656090937,22.5769161913509,44.9570998352179
"Yemen, Rep.",YEM,1996,375.214994663363,18.1576133493873,44.9930867284126
"Yemen, Rep.",YEM,1997,382.584928722421,17.4405569717889,44.926795083054
"Yemen, Rep.",YEM,1998,342.73940747773,21.1746993379149,44.8510332026441
"Yemen, Rep.",YEM,1999,401.448141660801,17.4447082464531,44.8283046385211
"Yemen, Rep.",YEM,2000,493.235182634814,14.4669153987821,44.8301986855314
"Yemen, Rep.",YEM,2001,487.141257946318,14.9385276406187,44.6900392067731
"Yemen, Rep.",YEM,2002,513.241486570603,14.3141488130768,44.8055760743982
"Yemen, Rep.",YEM,2003,548.905883049973,13.7449719708526,44.5006345057484
"Yemen, Rep.",YEM,2004,627.632023395762,12.4153666524933,44.6180654203837
"Yemen, Rep.",YEM,2005,734.159908450927,11.0932421339435,44.5536678220353
"Yemen, Rep.",YEM,2006,809.713127624703,10.70558242967,44.750648711101
"Yemen, Rep.",YEM,2007,890.305768114988,10.419289027741,44.750648711101
"Yemen, Rep.",YEM,2008,1071.63583282105,10.1968587173722,44.5423035399739
"Yemen, Rep.",YEM,2009,969.243509864478,10.0190704935917,44.4191904843078
"Yemen, Rep.",YEM,2010,1155.20305261418,9.87370902755356,44.6597344546092
"Yemen, Rep.",YEM,2011,1186.47500581215,9.75264427533183,44.4191904843078
"Yemen, Rep.",YEM,2012,1245.05068272078,16.9903322750241,44.5119987878099
"Yemen, Rep.",YEM,2013,1378.75002954928,17.6849846837323,44.5082106937894
"Yemen, Rep.",YEM,2014,1430.16420964026,17.6765738204232,44.4184328655037
"Yemen, Rep.",YEM,2015,1362.1738120601,20.2059373997207,44.382445972309
"Yemen, Rep.",YEM,2016,975.359417003225,25.0909130885165,44.2938045722295
"Yemen, Rep.",YEM,2017,811.165970405745,26.9610663621827,44.4191904843078
"Yemen, Rep.",YEM,2018,633.887202451545,28.7451403146812,44.4191904843078
Zambia,ZMB,1961,209.693206426951,12.7615921214608,25.9715627059821
Zambia,ZMB,1962,202.28103119051,12.3454245671888,26.0428577193667
Zambia,ZMB,1963,203.219451227586,13.0192804611409,26.1020460323652
Zambia,ZMB,1964,229.979245632097,11.9809394145677,26.1760314236134
Zambia,ZMB,1965,287.42547598963,14.3139841688654,26.2486716259299
Zambia,ZMB,1966,325.025847276562,13.4463276836158,26.3751193855177
Zambia,ZMB,1967,340.579940386412,12.8446115288221,26.4477595878341
Zambia,ZMB,1968,387.087288652294,11.3868872876079,26.5473035687862
Zambia,ZMB,1969,458.981650783744,9.66569767441861,26.6401216050794
Zambia,ZMB,1970,413.904675224945,10.6519527275573,26.7342848303044
Zambia,ZMB,1971,372.144071511389,13.040901007706,26.975073649094
Zambia,ZMB,1972,409.781146356948,12.8747663551402,27.0288812063654
Zambia,ZMB,1973,517.630055161873,11.309111516907,27.0974858418865
Zambia,ZMB,1974,601.101371432691,10.6454540601143,27.17550679993
Zambia,ZMB,1975,489.505018740558,13.1109979633401,27.2225884125425
Zambia,ZMB,1976,533.231631721853,14.1987829614604,27.2602537026325
Zambia,ZMB,1977,474.362362443019,16.3914619412002,27.2723604030186
Zambia,ZMB,1978,514.334878626644,16.1283156351357,27.1122829201361
Zambia,ZMB,1979,595.455849101956,14.9300857013983,26.6078370707166
Zambia,ZMB,1980,669.419722015371,13.9835487661575,26.6966195402144
Zambia,ZMB,1981,669.886829361684,15.6251793194468,26.8405547559155
Zambia,ZMB,1982,626.532533448195,13.4620198592607,26.956241004049
Zambia,ZMB,1983,520.45583354177,14.1992729359992,27.0867243304322
Zambia,ZMB,1984,413.269974271735,14.5447170959237,27.2024105785658
Zambia,ZMB,1985,332.173737253298,13.0827641793577,27.3463457942668
Zambia,ZMB,1986,238.23379616097,12.1713774376697,27.4741387427864
Zambia,ZMB,1987,314.999602622841,10.8838805416435,27.6046220691696
Zambia,ZMB,1988,504.486020154114,16.4017130065211,27.733760206621
Zambia,ZMB,1989,526.361769256072,19.1407580842751,27.9261222238663
Zambia,ZMB,1990,422.336298804219,18.2025763190401,27.9947268593874
Zambia,ZMB,1991,423.071256835592,15.8140297733418,28.0149046933642
Zambia,ZMB,1992,389.254665832226,21.2675485107907,28.3364048480609
Zambia,ZMB,1993,390.916673784646,30.4787304635698,28.5206957317155
Zambia,ZMB,1994,426.386598390102,11.826502598294,28.8852419322294
Zambia,ZMB,1995,433.312782642118,14.089372097349,29.1273759399508
Zambia,ZMB,1996,399.511304742449,13.2982447838973,29.3708551366039
Zambia,ZMB,1997,465.871942164799,13.9825484776443,29.6035728218028
Zambia,ZMB,1998,373.084763057408,15.86841123023,29.828219373411
Zambia,ZMB,1999,349.515723095687,18.1899716550729,30.0703533811324
Zambia,ZMB,2000,359.429500988221,16.1497734560385,30.3017258773995
Zambia,ZMB,2001,396.548952993504,15.5274822358648,30.3407363564213
Zambia,ZMB,2002,393.864625518616,15.361429938368,30.4227928812602
Zambia,ZMB,2003,446.290104839041,15.6170996158156,30.8169332382733
Zambia,ZMB,2004,548.685974566277,15.5809428822284,30.8007909710919
Zambia,ZMB,2005,710.982068171696,14.5885513717285,30.6191904653008
Zambia,ZMB,2006,1051.71714895686,13.2062710587766,31.0039144997915
Zambia,ZMB,2007,1118.73162626953,12.1055962375597,30.9178224081572
Zambia,ZMB,2008,1375.50211006997,11.4539997547605,31.0563768681311
Zambia,ZMB,2009,1136.24168316848,11.5527836333973,31.7276261450921
Zambia,ZMB,2010,1451.10616017155,9.42094610981773,31.5258478053243
Zambia,ZMB,2011,1624.86817763443,9.64805782176724,31.7948855916814
Zambia,ZMB,2012,1710.05061343728,9.32163953570601,32.0639233780384
Zambia,ZMB,2013,1820.71854827391,8.22652318427817,31.9307496737917
Zambia,ZMB,2014,1707.48573136694,6.77959785217865,31.9320948627235
Zambia,ZMB,2015,1295.87788680068,4.98083656431146,31.9334400516553
Zambia,ZMB,2016,1239.08527877713,6.22847198956029,31.9334400516553
Zambia,ZMB,2017,1483.46577328065,4.0242711937365,32.0679589448338
Zambia,ZMB,2018,1463.89997855593,3.34112399209449,32.0679589448338
Zambia,ZMB,2019,1258.98619844462,2.86077493680796,32.0679589448338
Zambia,ZMB,2020,951.644316655957,2.97263384548847,32.0679589448338
Zambia,ZMB,2021,1127.16077872857,3.00091831533747,32.0679589448338
Zambia,ZMB,2022,1447.12310138035,3.09401583407622,32.0679589448338
Zambia,ZMB,2023,1330.72780576709,2.23012034259343,32.0679589448338
Zimbabwe,ZWE,1965,294.295520209542,18.7643802311939,26.6691074059713
Zimbabwe,ZWE,1966,278.709727530089,21.1267178181071,26.7068514928267
Zimbabwe,ZWE,1967,294.360765229111,21.8570624809414,26.9739800956443
Zimbabwe,ZWE,1968,302.086211635024,16.9032520210363,27.1143567274137
Zimbabwe,ZWE,1969,345.754984688223,19.5367811465317,27.4377086726121
Zimbabwe,ZWE,1970,361.425992338609,16.312040778125,27.6936923872302
Zimbabwe,ZWE,1971,405.571258550669,18.4947209510481,28.0010756107018
Zimbabwe,ZWE,1972,483.378111388597,18.9701916855377,28.360024557322
Zimbabwe,ZWE,1973,578.81284112321,15.92594698856,28.6003722373013
Zimbabwe,ZWE,1974,674.335381210306,19.4716417069383,28.9287142303218
Zimbabwe,ZWE,1975,717.130326238498,18.5971077212785,29.1672322605661
Zimbabwe,ZWE,1976,687.212457369771,18.5886556322614,29.3744779630348
Zimbabwe,ZWE,1977,677.045095606361,17.4806325963072,29.6713147214683
Zimbabwe,ZWE,1978,665.358361846219,14.0692901381917,29.8586167765284
Zimbabwe,ZWE,1979,779.249232367068,13.085373494189,30.1003125242342
Zimbabwe,ZWE,1980,949.011610530352,15.0775306510765,30.3501243375986
Zimbabwe,ZWE,1981,1068.92311090177,16.6081203201379,30.7641320925423
Zimbabwe,ZWE,1982,1095.88472887835,14.8085166497697,31.0990283055448
Zimbabwe,ZWE,1983,959.205194217604,9.92392131598042,31.6554240661755
Zimbabwe,ZWE,1984,757.359025240321,13.4365724709581,31.8490624272974
Zimbabwe,ZWE,1985,649.27581323637,20.7265647688053,32.0817585627504
Zimbabwe,ZWE,1986,692.529276865648,16.1358805918183,32.4761380379992
Zimbabwe,ZWE,1987,726.43141011947,13.1238283733151,32.2985200982293
Zimbabwe,ZWE,1988,815.89246404532,14.8253142399673,32.6701282150704
Zimbabwe,ZWE,1989,840.417972601175,13.3988228578161,33.3802230838826
Zimbabwe,ZWE,1990,866.928868406131,14.8320467570777,33.7200752229546
Zimbabwe,ZWE,1991,830.961354818769,13.5467268100856,34.2024172159752
Zimbabwe,ZWE,1992,631.149149280088,6.75055514433753,33.870503037353
Zimbabwe,ZWE,1993,604.70311652877,13.7386272793026,34.4681641463099
Zimbabwe,ZWE,1994,634.062003018813,17.0794502665265,35.5080361897376
Zimbabwe,ZWE,1995,648.315259628165,13.4645115952214,35.7827183662918
Zimbabwe,ZWE,1996,766.913775859535,19.3426818580193,36.4801876696394
Zimbabwe,ZWE,1997,750.583100340929,16.6949847668151,36.5193488432209
Zimbabwe,ZWE,1998,552.448328691252,18.890753678623,36.9859591572961
Zimbabwe,ZWE,1999,582.299355588147,15.4813087517307,37.9975876954892
Zimbabwe,ZWE,2000,562.833757496076,15.6687707765286,39.0780881478609
Zimbabwe,ZWE,2001,566.388746448872,15.6288021236589,39.2816766188445
Zimbabwe,ZWE,2002,524.936478570323,12.5684567195934,39.8788080651415
Zimbabwe,ZWE,2003,468.471932927213,14.7936480237327,40.3513447072509
Zimbabwe,ZWE,2004,469.719298949304,18.0640440733408,41.2496238852268
Zimbabwe,ZWE,2005,461.271387547912,17.1493075153041,41.5032089957348
Zimbabwe,ZWE,2006,431.034994414964,19.2316519025107,42.0098622204989
Zimbabwe,ZWE,2007,413.521244592925,21.1955238679824,41.7441240791004
Zimbabwe,ZWE,2008,340.917447588572,19.018786781349,42.3663220886649
Zimbabwe,ZWE,2009,735.821693871697,10.7437375591345,41.9757303864547
Zimbabwe,ZWE,2010,902.010759067388,9.60967815567222,41.7133537546853
Zimbabwe,ZWE,2011,1037.77565157218,8.66645403643065,42.2313842574641
Zimbabwe,ZWE,2012,1239.22709745709,8.04450024819692,41.8512917151351
Zimbabwe,ZWE,2013,1362.99498323368,7.14500739499758,41.8442528111671
Zimbabwe,ZWE,2014,1372.91526173161,8.74496936761426,41.8387654129508
Zimbabwe,ZWE,2015,1387.12632595026,8.28483096141089,41.8325022618586
Zimbabwe,ZWE,2016,1408.13945253431,7.87358488271703,41.8275321183921
Zimbabwe,ZWE,2017,3445.44941020134,7.24788152959223,41.8217862220499
Zimbabwe,ZWE,2018,2270.89531874302,7.31920056282215,41.8168160785834
Zimbabwe,ZWE,2019,2184.52155388801,22.7056524805476,41.8196029468786
Zimbabwe,ZWE,2020,2059.63704025274,20.8470510913708,41.8169598035414
Zimbabwe,ZWE,2021,2613.6167414057,21.4856530160599,41.8091454051958
Zimbabwe,ZWE,2022,2536.40197087505,17.0612308931471,41.7977107405971
Zimbabwe,ZWE,2023,2195.22502010174,11.4948694011417,41.791706346129
