"Data Source","World Development Indicators",

"Last Updated Date","2026-07-13",

"Country Name","Country Code","Indicator Name","Indicator Code","1960","1961","1962","1963","1964","1965","1966","1967","1968","1969","1970","1971","1972","1973","1974","1975","1976","1977","1978","1979","1980","1981","1982","1983","1984","1985","1986","1987","1988","1989","1990","1991","1992","1993","1994","1995","1996","1997","1998","1999","2000","2001","2002","2003","2004","2005","2006","2007","2008","2009","2010","2011","2012","2013","2014","2015","2016","2017","2018","2019","2020","2021","2022","2023","2024","2025",
"Aruba","ABW","Agriculture, forestry, and fishing, value added (% of GDP)","NV.AGR.TOTL.ZS","","","","","","","","","","","","","","","","","","","","","","","","","","","","","","","","","","","","0.505922165820643","0.48582995951417","0.429978118161926","0.407916806440792","0.383268482490272","0.0186075360521011","0.0186174866510853","0.0180539339920836","0.0180105822419485","0.0175662581169615","0.0173277773977134","0.0175077037289373","0.0178385963799542","0.0169973987102413","0.0199068534264945","0.0204920878910203","0.0203949029261921","0.0214687486582032","0.0178174631618829","0.0148129732019303","0.0125197907912791","0.018611754127868","0.023918578557175","0.0222530069695395","0.0184193332670534","0.0215538601290844","0.029903187516918","0.0341749381905228","0.0395294607296221","","",
"Africa Eastern and Southern","AFE","Agriculture, forestry, and fishing, value added (% of GDP)","NV.AGR.TOTL.ZS","","","","","","","","","","","","","","","","","","","","","","","","","","","","","","","18.0272540580389","19.5845473547484","12.867801231706","13.1881185365274","12.6467392242307","12.3265786381658","12.7648036707231","13.3368960702485","13.5096650192353","12.6881456643546","12.9160508960364","12.8118931796382","12.9237830907944","11.1610450606128","10.051766073987","9.96436288555505","10.2560367419369","11.1649563923847","12.3879447951835","12.6547908198563","11.4159970622903","10.546172060112","11.0093306004538","11.5245196586785","12.2306766086674","12.9967804168671","13.3076537916556","12.8881203649654","11.9677340616494","12.9302223183278","14.7194232329177","14.1516391820699","15.1040322030724","15.3059332806366","15.1791286245805","15.4172954728674",
"Afghanistan","AFG","Agriculture, forestry, and fishing, value added (% of GDP)","NV.AGR.TOTL.ZS","","","","","","","","","","","","","","","","","","","","","","","","","","","","","","","","","","","","","","","","","","","38.6278918638443","37.4188554431481","29.7210671376957","31.114854912062","28.6359685844686","30.1050113574013","24.8922700059742","29.2975010547259","26.2100685374552","23.7436639877543","24.390873626371","22.8106627361766","22.1370413719574","20.6343227166798","25.7403140364582","26.4201990834448","22.0428967527575","25.7739707394105","29.9755825210461","33.5976188725451","33.7014323213923","34.7432471445174","34.2931004992905","",
"Africa Western and Central","AFW","Agriculture, forestry, and fishing, value added (% of GDP)","NV.AGR.TOTL.ZS","","","","","","","","","","","","","","","","","","","","","","15.5968505648134","16.4071578260421","17.1910533458885","18.5415913792363","18.142336584415","22.5964840960783","24.6483885697628","26.3344317425976","25.5675307270336","24.298922561921","24.4088231932689","24.1927283224019","24.1321954185478","25.1141379321268","25.4665328976254","25.5059762650281","26.318634951389","26.9805577236414","23.5355770585319","20.7002515422348","22.8197387333367","29.6943611586559","27.5122638908295","23.8523787498181","23.3733434501698","22.3471365216395","22.0524207375484","22.6036427782338","23.7054751605336","22.1321259180508","20.5195249624757","20.3387845184124","19.6196663473348","19.1932924778117","20.178596052816","20.6240059330953","20.4016017984325","20.5504188600349","23.449284730465","25.4033896036197","25.6473762194663","25.3748726834852","24.3213810279709","22.7813339750865","21.9297928085365",
"Angola","AGO","Agriculture, forestry, and fishing, value added (% of GDP)","NV.AGR.TOTL.ZS","","","","","","","","","","","","","","","","","","","","","","","","","","","","","","","","","","","","","","","","","","","9.38679060353171","10.000076846311","10.3635914451084","8.56536731672033","8.4410089784559","8.616240421891","7.81831803296579","10.3661474572377","10.0913068589156","9.55630602212879","9.69697932366603","10.3295507034721","11.4782158930435","13.663772327968","14.4558424371022","14.709941688499","13.1933917283997","12.3210508241048","15.1097674669231","16.8317967997029","19.4301170178768","20.9093369427559","21.5526709882832","25.2409853888143",
"Albania","ALB","Agriculture, forestry, and fishing, value added (% of GDP)","NV.AGR.TOTL.ZS","","","","","","","","","","","","","","","","","","","","","","","","","","","","","","","","","","","","32.8374497626885","33.5616611921297","28.9413145088437","26.2610428305328","23.6225672955948","22.1790139473687","20.4524054141319","19.7639164696809","19.8076203314692","18.5630799913995","17.1247178955729","16.0415750334868","15.5325494481234","15.422100399492","15.2792217271528","16.3586081914252","16.7202229491786","17.5913685516371","18.924817420614","19.2377589164282","18.7471602773412","19.167190753497","18.079078214296","17.9155558179549","18.1603973706713","18.8061378649169","17.793224984541","16.9844754476574","16.2742388313006","15.4519031294331","14.7972607481894",
"Andorra","AND","Agriculture, forestry, and fishing, value added (% of GDP)","NV.AGR.TOTL.ZS","","","","","","","","","","","","","","","","","","","","","","","","","","","","","","","","","","","","","","","","","0.517055747893417","0.441953155279431","0.385887245890569","0.419117893036526","0.414741997881256","0.380576808035011","0.353522338328863","0.368796683946436","0.406917963904405","0.418928933319218","0.466508601972863","0.490560827241276","0.601164453935572","0.585558984254785","0.537623493009676","0.513420109683398","0.521999648433619","0.559538512516191","0.546367882815281","0.522633248415779","0.559442769715814","0.531844879169824","0.487491862156614","0.47849213558896","0.49084154971042","0.484029292810106",
"Arab World","ARB","Agriculture, forestry, and fishing, value added (% of GDP)","NV.AGR.TOTL.ZS","","","","","","","","","15.6279651821362","15.027992526568","15.53503951642","14.7637901562311","14.6228067126141","12.4711466269752","7.75808729546155","7.98992936785936","7.39708694608184","7.00888915484578","7.35744052471213","5.65090659635672","4.7886160777192","5.18588737813338","6.08795643024293","6.80712307920131","7.45322195116356","8.05722433235107","9.43555430628632","9.66776693546269","10.593576682353","11.2314876025194","10.4898264621692","12.2222894972626","8.8675977355826","9.01730602282913","9.96240889364267","9.2469498251138","8.95563134456738","8.4709190036198","9.35486563485853","8.41493378181048","7.34328266054369","7.80219439202118","7.81951300351033","7.45583308713493","6.61714013924701","5.82687632076631","5.59918440295303","5.60533192232516","5.09725899731339","6.1612191078672","5.6693378637011","5.19791711275499","4.61444063525697","4.78279929579302","4.96982889091286","5.61293677385509","5.57041610888197","5.14531708398897","4.62371587556792","4.79167073862031","5.6054841229575","5.02968597409171","4.62674598439256","4.95813067276023","5.35056724674834","5.94545337595166",
"United Arab Emirates","ARE","Agriculture, forestry, and fishing, value added (% of GDP)","NV.AGR.TOTL.ZS","","","","","","","","","","","","","","","","0.540660329221332","0.545058452686382","0.484661838609546","0.628854954412667","0.54691680772609","0.490293732070833","0.548185738345662","0.640528000020266","0.730614821379407","0.842292487343602","0.92577889660548","1.18433041037144","1.14289258209736","1.19742469119676","1.19299206570459","1.05855404896862","1.2978134015565","1.37886293925245","1.48106638229036","1.83021461055186","1.78716708113676","1.79252432271019","2.00386330887506","2.18094077443637","2.33324699029143","2.26254149328885","2.23828179426872","2.20343142455223","1.92764969241608","1.6654481417792","1.39543999107146","1.09428885881102","0.976706775849298","0.827305489980101","1.03685999938512","0.732325154252682","0.65018165697003","0.627730308351473","0.631291108343877","0.625619164911727","0.716283676441238","0.740828105142589","0.753711714951803","0.705621193856789","0.734600479758574","0.96297291257111","0.890366137304479","0.740907378602023","0.764071417912981","0.76944375258092","",
"Argentina","ARG","Agriculture, forestry, and fishing, value added (% of GDP)","NV.AGR.TOTL.ZS","","","","","","12.9041629886915","10.2787574725073","9.98038631665412","9.72127698537181","9.18580964838541","9.6375609641048","10.8658823843399","10.984869871837","11.9525224881086","10.2308377488651","6.5839104917193","8.15217071197931","8.0871421139688","7.5044274778029","7.79627735939132","6.35350500487903","6.47552296063439","9.59615604621897","8.65832496118367","8.3459768371011","7.63430725730443","7.80040264019792","8.09435846444628","8.97786821775225","9.61606509643166","8.12367620787488","6.71649176009431","5.99078709147934","5.13682648211779","5.08266800031075","5.351464616273","5.61086611323361","5.22197210944516","5.25272256987622","4.45782610229152","4.67991094417297","4.56858960891786","10.2066467144411","10.328166939117","8.36248661319513","7.9387542736316","6.93557229395092","7.45235394455624","7.31895459702249","5.27362346634198","7.13216744789716","6.99873377085717","5.78174420692637","6.05291843703277","6.7127035133689","5.15668590274786","6.2645658204639","5.23162237679509","4.53787889696835","5.31855599661392","6.35703367590492","7.29128249619051","6.5415694049027","5.8467786039042","5.80601710916249","5.53265388071299",
"Armenia","ARM","Agriculture, forestry, and fishing, value added (% of GDP)","NV.AGR.TOTL.ZS","","","","","","","","","","","","","","","","","","","","","","","","","","","","","","","","","","","","","","","","","","","","","","","","","","","","","17.9126819526397","18.4347628834968","18.0720363470662","17.2231200318056","16.39047353385","14.9942601242776","13.9423116554146","11.5256107379588","11.3498051554549","11.3435484176857","10.1467039255683","8.10223799188799","7.80588621754673","7.93468177320685",
"American Samoa","ASM","Agriculture, forestry, and fishing, value added (% of GDP)","NV.AGR.TOTL.ZS","","","","","","","","","","","","","","","","","","","","","","","","","","","","","","","","","","","","","","","","","","","","","","","","","","","","","","","","","","","","","","","","","","",
"Antigua and Barbuda","ATG","Agriculture, forestry, and fishing, value added (% of GDP)","NV.AGR.TOTL.ZS","","","","","","","","","","","","","","","","","","4.96965642471448","4.459215009886","3.51458213646041","2.98920642022258","2.85855956365439","2.5923453493547","2.54838321913692","1.92153303780237","1.99639206253758","1.74130591720395","1.76180408738548","1.61599611080602","1.5435690049391","1.59917681464403","1.58256897577311","1.58407741243846","1.5177209305371","1.35330505060081","1.39598638883211","1.3595611011736","1.42767809414304","1.36745403131639","1.35374140613572","1.28909734411418","1.28987886024836","1.36173371548756","1.36022532394223","1.24102789876908","1.32911556344139","1.23269847041978","1.17905441578912","1.13038950169178","1.11203119991452","1.21464881302167","1.41518526297013","1.37701946118754","1.48400040236501","1.44123185699971","1.44568317612291","1.45850375317323","1.66091151055353","1.62679191195975","1.64671204635507","2.27894065728784","2.08080004808426","1.9656137257913","2.21508602503399","1.61106058348278","1.4857923090448",
"Australia","AUS","Agriculture, forestry, and fishing, value added (% of GDP)","NV.AGR.TOTL.ZS","","","","","","","","","","","","","","","","","","","","","","","","","","","","","","","4.17677382101021","3.15825667117102","3.03013860218225","3.23930870769341","3.32173444100615","2.99940193194106","3.36814606624927","3.22527993858659","3.02751531970189","3.04342312057626","3.10630676229169","3.50187086251559","3.94425123897134","2.88733584935682","3.05821916621123","2.88921493532413","2.74011319183189","2.21281034154067","2.35417910776003","2.31423570641201","2.21824837320556","2.30485962261499","2.27317856495351","2.29076813252161","2.22695769265967","2.37664391487055","2.41300232330254","2.72098319651067","2.47191752630847","2.12424911197662","2.01512715396535","2.30537875480088","2.67242699950618","2.57169831894523","2.03565265249391","2.26658274847898",
"Austria","AUT","Agriculture, forestry, and fishing, value added (% of GDP)","NV.AGR.TOTL.ZS","","","","","","","","","","","","","","","","","5.16882898010092","4.46412297942607","4.46865633996143","4.3414296563035","4.37936589803283","4.01549749233118","3.6906724257583","3.45398012529909","3.62620278551257","3.17354454391586","3.26646617250846","3.2366358109153","3.08577996292332","3.04842141172211","3.13503392093378","2.84569687770774","2.48336784032364","2.23142704311096","2.40057756945597","2.18502137013502","1.97649891499438","1.96702623453595","1.83846734685464","1.78102549667367","1.67089601150509","1.70825527346988","1.59223426298384","1.4869307559019","1.4931762753994","1.28239498294254","1.32751796800624","1.46196340335606","1.38504114785417","1.17655306368833","1.29288595990855","1.46130648071081","1.41768134316306","1.27784992108872","1.27555801772568","1.14362854172989","1.14928264077268","1.19990203076681","1.10911414021412","1.04463413653499","1.07138113272871","1.2152388657488","1.34649596457301","1.24176172038934","1.21663375792448","1.25694809585953",
"Azerbaijan","AZE","Agriculture, forestry, and fishing, value added (% of GDP)","NV.AGR.TOTL.ZS","","","","","","","","","","","","","","","","","","","","","","","","","","","","","","","26.5006821282401","30.4827844311377","26.0596253189768","27.1095541401274","32.3456631972244","25.3444559002718","24.9615750567225","20.1279169173289","18.1479974423066","18.3995125956928","16.0848646701003","14.8374595530138","13.9546391752577","12.4256629119149","10.9880190382406","9.14753443801158","7.09103711685568","6.54008215652051","5.57089184098542","6.12193306461806","5.54456611326975","5.07622595138436","5.13976950772418","5.3662644804235","5.31940671805552","6.17763883780802","5.60511177455763","5.60736901068842","5.21238076212356","5.69538024963307","6.7389474235341","5.72598365721349","4.61220830811053","5.51058894617326","5.58264743029397","5.92521728352983",
"Burundi","BDI","Agriculture, forestry, and fishing, value added (% of GDP)","NV.AGR.TOTL.ZS","","","","","","","","","","","65.3313935147911","64.7617713131167","60.7731276105096","63.3136386218903","61.0342227698192","61.3036042313296","59.4754832504215","55.5801551193022","53.9640169481958","53.8322491966597","57.5719356233857","58.1425960451394","52.6126768285996","53.4821872081702","54.6598573254013","55.9519709491249","52.5195880496498","50.5563503190181","48.2156300176358","47.1220925298314","51.0568501841364","48.5979103153404","48.0045217057559","47.1698116933114","40.7323254524441","42.0226931283613","53.3809215127328","42.4218641481914","44.538704047976","47.6353041282389","44.1070401093686","43.8431420582797","43.3336112421252","42.8412837005394","41.9026049689034","40.8481233922949","40.6376822658218","34.9341719197591","38.0048233017065","36.8532403738342","38.4305452876335","36.7043515146528","35.5104159871754","38.3671182602277","34.9578238431604","35.2477391830275","35.5553158342758","37.4034350043265","35.3539025487206","34.2483545998177","31.1053893979777","33.9937846199417","35.331208452642","34.0372399254206","35.051222340227","34.289723106363",
"Belgium","BEL","Agriculture, forestry, and fishing, value added (% of GDP)","NV.AGR.TOTL.ZS","","","","","","","","","","","","","","","","","","","","","","","","","","","","","","","","","","","","1.30662347836539","1.32831141025288","1.34082101190755","1.25567547258707","1.07623533062933","1.17600527973714","1.10935029767163","1.03313414275776","1.0294445025288","1.02291054131515","0.840639973990251","0.907269380581052","0.887523940039387","0.712338067185966","0.718679660856589","0.847918635049212","0.726239843441003","0.84457469539348","0.764565477908541","0.716518219283319","0.750617272066574","0.673190543684684","0.729532583142538","0.664625571120094","0.718789583537128","0.712818023641571","0.654899384879513","0.670989189183415","0.775221747679926","0.792093358711035","0.730169514651754",
"Benin","BEN","Agriculture, forestry, and fishing, value added (% of GDP)","NV.AGR.TOTL.ZS","46.1577230946704","46.1937857251441","44.7092726752393","43.7183697135422","45.5281522642709","44.6194250281919","45.1478198273001","42.0810132043619","38.8680689997636","38.4966628316752","36.3278523843779","34.357736013712","34.2310223417357","33.6239203142795","31.5336957738479","30.5386665532365","33.1965062561477","31.8550853762966","34.5421439063843","34.9928860436256","35.4326884671216","32.664652346085","32.5011996849539","33.1576442965202","33.3115605274576","31.5455488860391","33.6710590159502","33.2799507625574","34.3800931861193","37.8568847933107","34.6549453638938","35.0437734981583","33.9419041358772","34.1194607988571","32.2939945673508","33.0901595921974","35.7053003917894","35.7819301606788","36.5766497896743","24.5343349115333","23.5412339925262","25.0481627427766","25.38272927764","24.4539837351198","26.5208492800284","26.6894285026991","26.631803428758","26.9710869666408","26.8261561852139","26.9789553760994","25.8411354962681","25.7970008253273","25.7689758312295","25.2754046390823","25.6184529738008","26.3920850925037","27.7536354980493","28.4890165273264","28.0647739127077","26.8758016258337","27.1091750361118","28.5289506098592","26.8966787968124","25.4019723667563","24.2317229519649","22.9191586398898",
"Burkina Faso","BFA","Agriculture, forestry, and fishing, value added (% of GDP)","NV.AGR.TOTL.ZS","38.4845333396091","38.3070083278146","37.8587829243045","38.4936340831014","38.6811102601106","35.4147844310128","36.2671973724948","33.4119811530932","31.5939326737211","32.0176636526134","30.5118697875711","30.5994111277863","31.9021036655741","29.3985209203471","30.8246234459247","28.8661589240903","29.0154648732085","28.4224865122019","30.1205951406855","29.3799509159701","28.4463449795614","29.8039802853452","27.5193113010989","27.614830855479","28.498839800914","33.9041678089027","29.3604276148032","27.8163251717463","28.5466961309047","27.6277083164397","27.9500222744042","29.793265328148","28.8098112792292","30.2310515664871","32.9477702743622","33.2172170930601","36.3791732658042","33.7387786954986","36.5635560806964","27.2522866567535","24.9140364618327","26.9204304323679","26.3724484751209","25.9609768246545","23.3814384513092","26.7709190270281","25.2289761645165","21.8394874058463","27.314280245881","23.2048471286094","24.1433866229434","23.043650452489","23.7560050181575","23.6410927919708","23.6937727725999","22.6464984902029","21.7147178290213","20.5855872188282","20.9974732840091","18.2205245524421","17.9151635677562","17.2902157538449","20.6297585441708","19.0108450154804","20.9246381216982","19.9429410767908",
"Bangladesh","BGD","Agriculture, forestry, and fishing, value added (% of GDP)","NV.AGR.TOTL.ZS","57.4743123752637","57.9882359513306","57.0185740229353","57.146668173399","53.3568366475041","52.8186947728848","53.9473705792359","55.8524783666106","53.555739970899","55.4128189249571","54.5614999911132","51.0313112066753","59.6099059973143","56.6388529969867","56.6365531249665","61.9541391335466","51.9144569344659","48.898056925939","54.2503083024678","52.4520120556112","32.8238918515406","31.9515169185203","31.4416963304952","31.0460304619363","34.6986320797597","33.0067315667626","32.3691528885324","32.6639009291872","31.3191777996177","30.5616428363458","30.4898330963098","31.6770232352381","30.5175252361271","27.3210858173117","26.7255375508155","27.3043698025967","23.266208049769","23.2461437492233","22.5874157614312","22.6584111161909","22.7181480755923","21.8483405815259","20.5841344226366","19.8127182977042","19.2669595662859","18.5710395455964","18.0340165108542","17.8065367823955","17.5956955421992","17.1046290519632","17.0011812592919","16.8099867573503","16.1775631732753","15.4932779975908","15.3516208986344","14.7829964369364","13.4647923176039","12.9572760433733","12.4800771856196","11.9753231358984","11.9996868602485","11.6328584271282","11.2176010351595","11.0036900209598","11.1648014276903","11.4240222467121",
"Bulgaria","BGR","Agriculture, forestry, and fishing, value added (% of GDP)","NV.AGR.TOTL.ZS","","","","","","","","","","","","","","","","","","","","","14.4168057030184","16.62916608072","17.1779141104294","14.4787771436069","15.8102766798419","11.8691869186919","12.9204545454545","11.7952561974621","11.4613618974751","10.941438102298","17.7446460119791","15.3908243128324","11.617735871111","9.93475856743687","11.4914725682027","9.21821841926527","9.59252986319892","20.4768427791748","13.4115654447131","12.9586212325784","10.9704746688549","10.6032534631014","9.71056751991239","9.09563006141251","8.45218622885426","7.28368203189987","6.09628560605444","4.65178408309384","5.86962646103548","4.23578648782646","4.03250004576982","4.66136930031581","4.43013962620169","4.51541815914857","4.55871742933618","4.06197367734098","4.05489960163599","4.043177034114","3.40461503236071","3.20205655345515","3.43600026603917","4.32894772861096","3.7113640947999","2.52244731680068","2.35105689831119","2.47498607309854",
"Bahrain","BHR","Agriculture, forestry, and fishing, value added (% of GDP)","NV.AGR.TOTL.ZS","","","","","","","","","","","","","","","","","","","","","","","","","","","","","","","","","","","","","","","","","","","","","","","0.268763501054214","0.29227169028013","0.264810236570707","0.337284356568349","0.285542784290186","0.279873967809159","0.265180259339138","0.264280047210277","0.287965783699072","0.301911232209971","0.315996684624948","0.27707464645461","0.275112316804637","0.268674381904261","0.303155113748103","0.268626041292218","0.246160469147506","0.251492806718451","0.244977877737017","0.240579157170771",
"Bahamas, The","BHS","Agriculture, forestry, and fishing, value added (% of GDP)","NV.AGR.TOTL.ZS","","","","","","","","","","","","","","","","","","","","","","","","","2.04301602077311","1.90459783274865","1.81193124368049","1.82756086321153","","2.0125081645983","2.2085281111813","2.83373404132221","2.66301061434545","2.4612871927555","2.67508438171218","2.83414989792943","2.64691050152397","1.56181897428447","1.37855944927867","1.26759041993162","1.34464685685702","1.19862993112386","1.51331582811254","1.34722421080282","1.16175185996252","1.06443545271548","1.17042464776611","1.09339124571261","1.04313129393882","0.9096409923502","1.09749043162674","1.09230471329484","1.07272116712063","0.927897053067693","0.838487849108097","0.815199026829763","0.877037934836586","0.770472969173047","0.677109335996006","0.53475935828877","0.775822139879574","0.454432167483592","0.414483909964884","0.454447231080524","0.514754181193472","",
"Bosnia and Herzegovina","BIH","Agriculture, forestry, and fishing, value added (% of GDP)","NV.AGR.TOTL.ZS","","","","","","","","","","","","","","","","","","","","","","","","","","","","","","","","","","","35.8533228470311","20.6999985084032","20.7000003100819","17.5180457264676","15.9604100187793","13.2629920286002","9.00146376331907","9.12058070196707","8.8735063619681","8.10502114135478","8.58349407590767","8.29736825390212","8.05428927250657","7.70495340963332","7.20727201234942","7.07660163466849","6.79676215913764","6.75774539555131","6.13767155368512","6.84139087123356","5.951057525171","6.0375681759839","6.16559062107215","5.4310487956715","5.71878250722931","5.45004156140876","5.91443908988891","5.01931841754809","4.82624927062683","4.65322230628352","4.4959659036757","4.35590102154996",
"Belarus","BLR","Agriculture, forestry, and fishing, value added (% of GDP)","NV.AGR.TOTL.ZS","","","","","","","","","","","","","","","","","","","","","","","","","","","","","","","22.8637413394919","22.2222222222222","22.8260869565217","17.1573604060914","13.589613893104","15.766496709307","15.098598303786","13.4179320121037","12.0617636126188","12.7005575559539","12.0968271694147","10.3504297393613","10.1284322239778","8.63562770752199","8.85025144123636","8.51859080856531","8.57872759155765","8.30316995882275","8.66625369440669","8.13089893610657","8.89193022882009","8.00188774430829","8.13094268308472","6.80909244753712","7.30305697730942","6.2832075832437","6.89528062433517","7.56580253848292","6.59010772590188","6.79466882799274","7.07723976895662","6.70661864890688","8.04181871674039","7.2485995714987","7.04092359721265","6.89927975485292",
"Belize","BLZ","Agriculture, forestry, and fishing, value added (% of GDP)","NV.AGR.TOTL.ZS","","","","","","","","","","","","","","","","","","","28.980190755686","28.0632411067194","18.026418026418","17.0469798657718","14.2426071213036","13.7898149914171","13.3459617702773","13.0351548903585","13.2905296950241","14.6995419024522","14.0348795823941","13.3272245978416","13.3900173668854","12.2399180401088","11.8424000075315","11.1918608998556","11.4077954182095","11.9836022967535","11.8187026799073","11.3277559737846","10.6424486597556","11.0647700357618","10.6436380611457","9.5094118174543","9.17879604108667","10.4615047120065","10.3458143896381","9.74017200317114","9.51992221636579","8.69270778065837","8.33436394275924","8.54570263168925","8.74676184244561","8.86425886505326","10.3744672571643","10.079376070492","10.1795484159839","9.6138851978219","7.70348583128466","8.56166290071626","7.16456851710216","6.5560913222365","8.3571697847969","7.89550385123154","7.74858121747759","8.13711634166406","7.94787809260727","",
"Bermuda","BMU","Agriculture, forestry, and fishing, value added (% of GDP)","NV.AGR.TOTL.ZS","","","","","","","","","","","","","","","","","","","","","","","","","","","","","","","","","","","","","0.79999925799235","0.799999454451286","0.699998850115052","0.699999067510159","0.668952155022428","0.692327610262023","0.795458124345352","0.821851057858248","0.844158464897229","0.80164153178958","","","","","0.286094289177554","0.312941026259641","0.281396534564362","0.328283343819346","0.211116703055883","0.227889496811275","0.307018452846711","0.274700811333467","0.234985525140753","0.220961505173123","0.255496878050877","0.29106848154543","0.218128900998007","0.191993824950362","0.178160876410993","",
"Bolivia","BOL","Agriculture, forestry, and fishing, value added (% of GDP)","NV.AGR.TOTL.ZS","","","","","","","","","","","19.508359543122","19.8448063921328","19.2523923444976","20.1210826210826","21.2463712939609","20.8445903819776","20.6138986957397","20.177761261052","18.4955187362038","18.0501053098326","16.948741225429","17.2792845177278","16.0862105042896","19.4581425898651","21.5458321339619","19.0156279822215","16.9331807919147","16.2961456362267","15.735381118996","15.2631401377697","15.3535992693103","15.5420957531421","14.4042043052046","14.6479622916899","15.2442867266742","14.8592991083324","14.1846793837749","14.9182592343414","12.6254313762121","13.2579915795139","12.9658118842238","13.2556536661742","12.955118631021","13.4272369562791","13.3223836388477","11.7927215329112","10.9375480546288","10.011155665672","10.4424041155226","11.1524074497311","10.3899057010594","9.7695858816954","9.8121619148328","9.9669794768463","9.74021753770169","10.2394941144455","11.1718754150532","7.67713722474752","7.45035399971013","7.63288264501605","9.12405586834666","8.81001912255763","8.66028481306177","9.31098009756551","8.82625884280481","",
"Brazil","BRA","Agriculture, forestry, and fishing, value added (% of GDP)","NV.AGR.TOTL.ZS","0","0","0","0","0","0","0","0","0","0","0","0","0","0","0","0","0","0","0","0","0","11.4508006149716","5.6490539026237","10.0561007922548","11.8573320632089","11.1453640115501","10.3636386654384","9.36152021128553","9.79723660427779","8.44158737716968","6.96343671917276","6.84138937730153","6.80608488408303","6.77810923883982","8.72198937517673","5.01166646465693","4.76841121077967","4.68504702949228","4.7500447835131","4.64598154008681","4.75045997570861","4.80104301642181","5.47527489339298","6.1671843856504","5.66531157603221","4.65116882283132","4.3700437788908","4.41691543634403","4.56785118025741","4.47677399209847","4.11575648779356","4.34203412783304","4.16832822439069","4.50688618256533","4.32561053879483","4.31914942964047","4.89135358790863","4.60059169568986","4.4203993038464","4.20501409463474","5.71148511499007","6.5587626121061","5.76747490819457","6.02306023526246","5.75227640931944","6.08621695565171",
"Barbados","BRB","Agriculture, forestry, and fishing, value added (% of GDP)","NV.AGR.TOTL.ZS","","","","","","","","","","","","","","","","11.5066817159646","8.79219763726432","9.22992223937711","8.24629164174944","8.14358822220574","7.475442043222","5.75100401606426","5.21144809910295","5.45454545454545","5.13842746400886","4.86772486772487","4.70285897847735","5.00583430571762","4.74218321448162","3.72242874845105","3.4445268099827","3.45718503937008","3.43638221768012","3.21927710843374","2.44048994684539","3.20251177394035","3.33403449726546","2.6726368159204","1.99435227673844","2.33451237998989","1.99542408890342","2.11818628253397","1.8895863511991","1.9785013241938","1.64319930323704","1.58659510407121","1.45016267901105","1.34702257839806","1.29586496388702","1.43755847574072","1.67748044611002","1.58993660808425","1.73171496111228","1.82045606338746","1.73293958856979","1.63003084162211","1.69589629439235","1.75316076515342","2.16849354932179","2.25994788015679","3.09376013250699","1.98021547040137","1.44818197319859","1.6524151949563","1.55475800099254","",
"Brunei Darussalam","BRN","Agriculture, forestry, and fishing, value added (% of GDP)","NV.AGR.TOTL.ZS","","","","","","","","","","","","","","","0.175712068215537","0.200844809369056","0.15583105911968","0.136117368335717","0.137555642355602","0.0974242065043215","0.0515711906104725","0.0695446843321894","0.111028527822795","0.135781363678066","0.138438734141999","0.166982526805242","0.342778524320279","0.390456866642861","0.524939407201023","0.578052221118683","0.574692028219198","0.590984440114965","0.645461650670348","0.744869394720749","0.856251608686862","0.725955289117546","0.892474457082103","0.943620597174824","1.15034843728791","1.08055722659612","1.06879058453918","1.18819267076199","1.15449001142175","1.2372583372265","1.17049480864283","0.974611267785546","0.754742504053329","0.726342513402553","0.69216612734937","0.979917546380161","0.733349877488411","0.572775314042004","0.655156683935105","0.684937439812632","0.862827317122997","1.10321250063154","1.20365462606268","1.08645090330462","1.01764195887903","0.986055130118515","1.21750283610591","1.25629022275081","1.09616028876241","1.17312222164113","1.17447666573414","1.18136570943281",
"Bhutan","BTN","Agriculture, forestry, and fishing, value added (% of GDP)","NV.AGR.TOTL.ZS","","","","","","","","","","","","","","","","","","","","","39.8293528879095","37.6180727957566","38.3384672194591","38.1090258130749","38.4688632785655","39.486201203797","38.2865756201552","33.0118733747324","34.8471863123546","32.4139580836633","31.6107341048256","30.1666915925111","30.4929952537847","28.5904625577109","30.3900623434788","27.8478298867802","27.1774271052571","27.2914789766781","25.8386775141367","24.1399748469604","21.6206028723141","20.8835885609201","20.8199814492499","19.7868423892498","19.3785149554207","18.0339346830792","17.3412992346729","14.9062410213406","14.4876928759977","14.005454995288","12.4128589573486","11.7996340560809","11.5729895457402","11.8526302443834","12.0637822394106","11.9950705393551","12.0023717482714","12.9297924115136","13.5509200361014","12.9339527848851","15.703075564462","15.7947840049801","14.6710119560904","14.9931086909036","14.1490576006591","13.6806760206392",
"Botswana","BWA","Agriculture, forestry, and fishing, value added (% of GDP)","NV.AGR.TOTL.ZS","43.222960296131","41.9258950555596","40.6760461448299","39.7267915996858","38.5722469572558","33.8414634146341","39.2953929539295","41.2608948976801","43.6842105263158","38.7038703870387","32.994923857868","32.9845814977974","33.0055074744296","33.0776040129832","31.7864871363308","27.5461640967066","24.6676970633694","22.603550295858","18.4374680437673","14.4717150553726","12.7038990964769","12.3706176961603","10.2722357781924","7.97138079869347","6.893020080072","5.92187463165091","5.28678971301922","6.24488558872556","5.63195334794657","4.69699286237336","4.52615085751558","4.37689552426058","4.63278501125985","4.52119256312185","3.75614363423294","4.63772094370987","3.69099404898572","3.54270561660428","3.16686425607587","2.99076549401847","2.79469978903454","2.59029062025391","2.4256159925616","2.72238695522266","2.25958534959102","1.82838052405033","1.73893509424301","1.92668435755015","2.14007027610337","2.37598419625963","2.0910409188325","2.11892300680962","2.3148110827158","1.99354322327234","1.81959835253259","1.94776486758829","1.97588757367029","1.8419939490754","2.11731083204729","2.08342949351655","2.20806905804054","1.78859292903854","1.57978982179367","1.67651816572999","1.76210010863351","1.78116253805865",
"Central African Republic","CAF","Agriculture, forestry, and fishing, value added (% of GDP)","NV.AGR.TOTL.ZS","","","","","","","","","","","","","","","","","","","","","","","","","","","","","","","","","","","","","","","","","","","","","","","","","","38.3338681608926","37.3635795959409","37.5690227836114","36.8141664735428","32.2589062460725","33.9856217226143","31.5273810283745","31.9189914897237","32.7901712257048","31.2413315121572","28.3418324649438","29.4959372264099","35.7553299980455","36.2171100024119","28.6110555239693","27.8986367879887","27.6072515492258",
"Canada","CAN","Agriculture, forestry, and fishing, value added (% of GDP)","NV.AGR.TOTL.ZS","","","","","","","","","","","","","","","","","","","","","","","","","","","","","","","","","","","","","","2.30743106155502","2.36800639633912","2.30067862528772","2.12980634918626","2.10312484982984","2.0445023787603","1.99211950804307","2.02399445993749","1.74713436059047","1.58933158003052","1.58722411672984","1.76826927951219","1.54989031633571","1.49323070348344","1.76565550890832","1.81135268317938","1.89424545337458","1.58654648681462","1.86983406717295","1.86222405438563","1.88999021790618","1.69989005552688","1.69707568569413","1.83978682557174","1.59798849520844","1.93275289413659","","","",
"Central Europe and the Baltics","CEB","Agriculture, forestry, and fishing, value added (% of GDP)","NV.AGR.TOTL.ZS","","","","","","","","","","","","","","","","","","","","","","","","","","","","","","","","","","","","6.81718308986774","6.4148200381867","6.19927681932796","5.51795572551357","4.75278678539075","4.43595855005352","4.64741469728827","4.12714160559424","3.97439158227277","4.40558194463076","3.73166781819903","3.52025477248729","3.34006931526414","3.29429364653094","3.05127033079249","2.96057508863855","3.39886473416306","3.15473166863429","3.40490472015451","3.27921056436699","2.93241544957927","2.93956227292417","3.07649597092949","2.80864406039154","2.71592559171286","2.80604287189366","2.79550442609411","2.9313015179084","2.67550704145782","2.43511580207963","2.43617215738611",
"Switzerland","CHE","Agriculture, forestry, and fishing, value added (% of GDP)","NV.AGR.TOTL.ZS","","","","","","","","","","","","","","","","","","","","","","","","","","","","","","","2.07853870748386","1.95100537758941","1.78409549235025","1.63242369507968","1.49802665627844","1.38161743864045","1.20964155916236","1.24354701744304","1.16935596540973","1.08863976997282","1.05532230711956","0.918818366469321","0.929053938229138","0.832692201439406","0.93271953434793","0.814668099563013","0.74902602666042","0.770668450694314","0.781886159727224","0.721425305061788","0.660915423473041","0.676018757141646","0.633709414014706","0.660494448808131","0.704200947707509","0.616778703156649","0.654422804507368","0.63541491743859","0.631437161415847","0.642940291854216","0.696554620330853","0.61398916783592","0.59797791296259","0.609392602614754","0.609491823525514","0.644624328848247",
"Channel Islands","CHI","Agriculture, forestry, and fishing, value added (% of GDP)","NV.AGR.TOTL.ZS","","","","","","","","","","","","","","","","","","","","","","","","","","","","","","","","","","","","","","","","","","","","","","","","","","","","","","","","","0.77509060316217","0.807953278639483","0.767487166202","0.747910703064867","0.65071518437109","0.726325617227433","0.65038305783139","0.59887341153067","","",
"Chile","CHL","Agriculture, forestry, and fishing, value added (% of GDP)","NV.AGR.TOTL.ZS","10.2519226323888","9.8586742099403","8.98697179355335","7.78280943928041","8.41728254579301","8.73959862063361","9.14526540595763","8.50133543697839","7.57658573857333","6.78133447131963","6.69575345771814","8.01100172861686","8.14911598905393","6.50538704311853","5.56041309490388","6.42234030498294","8.29057551216963","9.61903965883771","7.42390436023242","7.12394291966297","7.09042624083891","6.34140908822716","6.23030219959497","5.81117354492524","7.03812743981795","7.37883164165532","8.43538238536869","8.65561213174041","8.43888848320251","8.25943829562004","8.16488254727689","9.16272830802187","9.08922702257989","7.92947970299973","7.44478422975848","6.9674031262015","5.01955588968009","5.00655339523575","5.39423074782406","5.29404180944574","5.0829621682823","4.06242104814605","4.06503230945783","4.09477687354893","3.75826748721938","3.92221090062123","3.71204530338249","3.55057064236787","3.42443227784249","3.69712533488977","3.47828416321217","3.6261825670011","3.27493332872821","3.47337489216733","3.94662053881596","3.70940380878663","4.19908992069599","4.28097139019722","3.92743590539619","3.98747725626258","4.04444700251173","3.50384190334655","3.23604704755112","3.39083152306151","3.8252849419574","3.45290754387223",
"China","CHN","Agriculture, forestry, and fishing, value added (% of GDP)","NV.AGR.TOTL.ZS","23.1249575782258","35.7194914567981","38.9027217309178","39.7713646174754","37.9574930399946","37.4798526364264","37.1141649048626","39.7351730277067","41.5646102781275","37.4523070661851","34.7420513269686","33.578511053316","32.3645609231371","32.8732884155618","33.3733493397359","31.9022435371021","32.3055852485302","28.9426798550101","27.6396049419236","30.6528466741332","29.58158601954","31.2594240378587","32.7232822349357","32.5056266837961","31.4795879134441","27.8824106473305","26.5896908592427","26.2744881224326","25.1945125302504","24.5682804386984","26.5326691193891","23.962990054778","21.2498856848723","19.2285186084752","19.384707585823","19.49813596726","19.2192456606094","17.7815242281084","17.0254631760262","15.921591740544","14.5272519499825","13.8221069560341","13.1294938258189","12.1757600914927","12.7288429360401","11.4828123533826","10.4758623658001","10.0934194559262","10.0099770734138","9.47299581661597","9.16649906130733","9.0338458593332","8.96505673533992","8.78442131602471","8.48242940933654","8.22401359479525","7.90065017505416","7.32839239286042","6.91714289236836","7.00621575788341","7.54018198521241","7.08935251618004","7.14788692830171","6.88951941080068","6.7975741844132","6.65869070601804",
"Cote d'Ivoire","CIV","Agriculture, forestry, and fishing, value added (% of GDP)","NV.AGR.TOTL.ZS","47.9079229501998","46.4068348778733","45.9040526835101","44.1671041468739","39.8013597797274","39.6184607037554","37.4403808861126","34.7597622296","35.5611587136181","33.5688041515201","31.8667651389485","30.8803289634375","29.8004716389671","31.0499011421664","25.4668464493839","28.2444581612681","24.4793521015097","24.265851604067","25.8806372127665","26.4023858645548","25.8802732626852","26.5339983531472","24.125313394537","21.8819571311816","24.1344709782802","26.5375789197823","28.4615445024844","29.182352573433","32.0393218910802","32.7164401115348","32.4984276683643","33.2939429328014","34.0096869237108","28.2152062734036","25.2636305085389","24.727605801392","16.526725263958","15.1463001011509","15.5416187703162","15.2177670996904","16.195154514693","17.2770975527184","18.737314157226","20.7760202202729","16.640018984398","16.0651853584803","15.9447949066292","15.5787463255399","16.1854841829726","15.2495816385759","17.4889170707842","18.4866714886447","16.3751498758861","15.3429019354945","15.2417555256185","18.3620416868752","17.4349684074971","16.9409871496938","17.8526014022659","15.6880480775561","16.9334154768944","16.1805529630135","16.5843332097616","15.9442578438607","15.8594343780948","16.7636825512357",
"Cameroon","CMR","Agriculture, forestry, and fishing, value added (% of GDP)","NV.AGR.TOTL.ZS","","","","","","32.731829088963","31.8507941615601","31.1333004600654","31.5057856984543","30.7235108052694","31.3639201762862","31.0041286172242","31.964969469334","30.7928262997919","29.5397657619248","29.1197132886849","27.6101070929386","33.6450824839208","31.3533545104281","30.8236028700586","28.6767848254781","27.1765766954851","27.0057545005353","23.1932790387557","21.9718307191695","20.5905290277908","21.6296279504288","23.9864353388071","23.9424312034613","25.5067599947869","23.9948703358418","24.2590264744828","26.5796651782489","18.2367271931746","19.60975420306","19.1448537215648","18.32231925338","18.9678877806491","19.001000498789","18.9787903350983","18.1177424642566","18.6209582669445","18.2716803952334","17.473784234889","17.5609527218813","16.734176851979","15.6250817945247","15.8575319059376","16.0011918854665","16.3871903453991","17.2697108767217","16.6973907363193","16.6572401682217","16.7236611922507","16.8258381780095","17.2094159041593","17.1926623891151","16.6929418227731","16.4988006978593","16.8022835644401","17.4968650540914","16.9592035415957","16.5461644132745","17.0996372773511","18.4616384352121","16.8466307383509",
"Congo, Dem. Rep.","COD","Agriculture, forestry, and fishing, value added (% of GDP)","NV.AGR.TOTL.ZS","","","","","","","","","","","","","","","","","","","","","","","","","","","","","","","","","","","56.5440280393599","56.5439892558885","33.2619815378394","47.50000059375","46.4999674321061","52.3661649268665","31.9723582652415","32.8709040200447","26.5837793204992","26.0538388066067","23.8793594908244","19.8446510872333","20.3859027537723","18.2652590798129","18.2329625593996","17.2150539616489","28.8558506334207","15.741544467002","15.3232580698254","13.6738761208634","12.488689362081","12.456053797914","12.2895509013421","12.2591059827241","12.3021936655493","13.1512157041087","13.7461066368954","11.3157062519","10.3370074738162","10.3773951595278","10.0830175169735","8.92986514046357",
"Congo, Rep.","COG","Agriculture, forestry, and fishing, value added (% of GDP)","NV.AGR.TOTL.ZS","23.6004633237329","20.4918008725547","19.8047222547018","20.954081981224","21.1097078757817","19.1358005893414","19.1881918819188","19.8630170998317","19.6141479099678","17.7068317601345","17.8947368421053","17.1364090857692","16.4251207729469","15.7284768211921","15.1171043293116","14.4768856447689","13.477537437604","15.4255319148936","16.036308623298","14.3137254901961","11.6814678135405","7.88259184050212","7.85915492957746","7.58258258258258","6.91704747000522","7.44743613514627","12.0897031210353","11.9372858842385","13.8670698027314","12.9345402954466","12.8608923884514","11.317809288409","11.527563111798","11.2485199315879","10.3139378639195","10.4525658019315","8.98668923597753","9.13919008630228","10.9555690809495","8.35575795211481","5.30425299890949","5.79993165063711","6.26158012257114","6.27522393936411","5.50940630344491","6.10423786651851","4.81314641849445","4.91981108062473","4.24815097163364","5.27993327507586","4.03853452122591","3.98393619152519","3.79877492298434","4.26008218811564","4.55765474287642","5.81058893116428","6.76365035154121","7.30993971951451","6.78839255400222","7.3469917082119","10.6904243097029","9.09674868938002","8.0419106943363","8.95211587630601","9.44033974046224","10.1087564987465",
"Colombia","COL","Agriculture, forestry, and fishing, value added (% of GDP)","NV.AGR.TOTL.ZS","","","","","","27.2864039148261","26.6084464760865","26.8922181198523","26.8593849766225","25.8672848345983","25.087370450711","23.5191101189331","24.1306021707258","24.1289685803586","24.3821033301901","23.8864697808979","23.6286095402709","25.0470302180498","23.0404612710242","21.4658774226815","19.3599007048185","19.2477404120391","18.7651213431477","18.7138952836759","17.4089297678982","16.9906943035106","17.4769253071175","18.0637386666618","16.7492942839987","16.0571909914629","17.0667810007027","17.4547981612428","16.7939433917586","14.9678292386502","14.8315378667055","14.0180659651442","12.768819026019","12.6064711492187","13.2357896548033","13.0007715171454","8.3057195333068","8.32097267667621","8.51000517684848","8.32877416512145","7.91098316231374","7.52726670177951","7.18676953071771","6.93455867595786","6.6873848504052","6.68974069628809","6.32485387641069","6.09169610822215","5.58268705354932","5.39271495449472","5.44695721474421","5.98042480849816","6.60641226605787","6.38966355268118","6.22570968960033","6.41072082168314","7.50848046663348","7.77187301385002","8.83154473689041","8.79586693548387","9.49567972282988","9.94576430260876",
"Comoros","COM","Agriculture, forestry, and fishing, value added (% of GDP)","NV.AGR.TOTL.ZS","","","","","","","","","","","","","","","","","","","","","29.3752927269889","29.3754919968512","29.3768398769556","29.3755135579293","29.3764869151467","29.3762233964314","29.37623465409","29.3765649953666","29.3759770959296","29.3758548832769","29.375908352569","29.3765619552425","29.3765384116105","29.3758480705404","29.376269625719","29.3764706402427","29.3761105577028","29.3759989799902","29.3758435025617","29.3763589412148","29.3763199309883","29.3762865752702","29.376012439903","29.3761272595016","29.376019929184","29.3762739037829","29.3763406198683","28.956646255431","29.138915008097","30.0330064008618","30.4159781880526","30.5642731101881","30.1730899304755","30.7898620674783","30.0114530891401","30.5986282117727","31.3684720287721","31.8988868689753","33.7201530586489","35.6200979878781","35.7974035819198","35.2409488047407","35.1643241181568","34.1551138143977","36.0674263241968","36.5776219773036",
"Cabo Verde","CPV","Agriculture, forestry, and fishing, value added (% of GDP)","NV.AGR.TOTL.ZS","","","","","","","","","","","","","","","","","","","","","18.560046504189","15.772648121333","12.5801202781565","12.0568200363058","11.8564890583652","12.9896083798557","13.6312728726347","17.6463441551989","17.6967326731358","16.2108718695929","14.3907045302362","13.3930068058835","11.7942002453434","10.136426067162","12.8589530313294","13.6805684818152","12.4484810722718","11.6806517652532","10.9472496429063","13.6433699432316","12.8717827032774","11.4157660193474","10.3514712488974","10.1436982527383","9.86346771915503","9.00118732269349","8.3187121345924","6.09468707137093","5.31578241870627","6.02632246585572","5.82909277007133","5.39925327001121","5.79088758494564","5.82359125603063","5.73506923863287","6.4082863760272","6.31352277353712","5.37533502619645","4.52276867410321","4.437360866953","6.19132745485182","5.97147405923183","4.95404868851136","4.85483833304009","4.94662582763129","5.03715103863143",
"Costa Rica","CRI","Agriculture, forestry, and fishing, value added (% of GDP)","NV.AGR.TOTL.ZS","26.3520345148027","25.8662417279319","25.8268969024168","24.4638946637807","24.5690344693715","23.5204264467137","23.1811409001558","23.2007591186526","23.2781325858375","23.1499651097207","22.5197340032105","20.4245489880012","20.0942087197838","20.2275051146628","19.4193271595097","20.3384788708953","20.3761922265859","21.8854801027979","20.4137262893122","18.5014049368836","17.804639136257","23.0190514369806","24.4947189136394","21.997463538364","21.2079069559152","18.8666318377444","20.8977395912796","18.0706377528965","17.9486468341879","17.2203938525142","15.78742116015","11.9445528075283","11.9001449669286","11.828232038992","12.3199658167958","12.7581293940096","12.1024941980247","12.5030924560432","12.6189694548626","11.1096934133681","9.24882276517189","8.37953595911904","8.42775058192746","8.84007836690117","8.85240860590112","8.6222364609325","8.42982799061767","7.91531076967818","6.97696073274764","7.04962945476736","6.48518943828866","5.59987200236542","5.13084175441445","4.78335102557187","4.88788395875916","4.74911027286369","4.91435592970492","4.69977628322676","4.47325083104707","4.18025788974533","4.31579869146708","4.34558711185467","4.02952141180054","3.73326442310783","3.42503373726182","3.36580665096026",
"Caribbean small states","CSS","Agriculture, forestry, and fishing, value added (% of GDP)","NV.AGR.TOTL.ZS","","","","","","","10.1436974390731","9.76534029788417","9.22542264659731","8.88878795979413","8.5884145418176","8.75517545029639","8.94648495494723","7.6667507274484","9.57605174908466","10.1239620579999","8.42533724619213","7.35514296507351","6.94751782277753","6.3314384142913","5.51403258389048","5.04129246840443","4.49080458833551","4.26008722447797","3.65438879456899","4.35128467952969","5.07185388804865","5.16489137324769","5.2108674217127","4.77946587523726","4.75406750350465","4.78734182710825","4.97510717119856","5.15519074436595","5.12750879785601","5.49439041349376","5.39923535091276","4.45335897818642","3.86699184860461","3.66704166369058","3.29931714845595","3.08090184200379","3.16975163537173","2.93377732939207","2.62836993207813","2.25496480906197","3.79274592838599","3.45494604460921","3.32890136727533","4.07201041944932","3.92390033395666","3.57328909735539","3.73138515279385","3.79451089478006","3.68736552254816","4.06144641549665","3.70301217163826","3.96635711485443","3.59494454602632","3.31603102803484","3.86574025219703","3.55175284378399","3.32509014723784","3.51894399212087","3.40715438526272","",
"Cuba","CUB","Agriculture, forestry, and fishing, value added (% of GDP)","NV.AGR.TOTL.ZS","","","","","","","","","","","12.1213572754158","12.1190411951514","12.1189137527985","12.1232424705138","12.1325954504947","12.1129919216796","12.1074651055828","12.1182763453933","12.1448829330445","12.1793628540898","12.0149722673701","12.0798309284975","12.1723302775881","12.2779186850881","12.3517614106826","11.1930215379002","12.4041228191342","12.6348277208091","12.8058601892687","12.72097416893","13.0405490537015","12.775946796913","12.4266193793043","9.57115301865687","7.89980770160529","6.88329772311116","7.13344405401036","7.18681149838274","6.11742205120518","6.12417967863001","6.60125501383918","6.37956720450471","5.94572870305592","5.74521185921362","5.4744391801691","4.36365221842694","3.40501452330934","3.90810167923978","3.81703869500364","3.93041237113402","3.61428926750404","3.60487027105378","3.85009775638835","3.92492352361694","3.93770588957314","3.83575415916853","3.9383388809409","3.80018101210528","3.78237294808932","3.56732632295441","2.7619420225054","0.882032508097678","0.800672255103121","1.40578740133741","1.23974637193497","",
"Curacao","CUW","Agriculture, forestry, and fishing, value added (% of GDP)","NV.AGR.TOTL.ZS","","","","","","","","","","","","","","","","","","","","","","","","","","","","","","","","","","","","","","","","","0.547435712443223","0.854068446202031","0.617357970979196","0.58814648704912","0.559760348644267","0.588865493053005","0.557540406312578","0.637151950359926","0.643381307320106","0.45835259199559","0.441001800600715","0.309495090731695","0.188964280562745","0.22782320389","0.207328308869147","0.205942605210667","0.16956720845354","0.166280974292915","0.214779296434087","0.231767604640278","0.268419351323097","0.259156337604847","0.266175017331497","0.268253249045421","0.278843437196496","",
"Cayman Islands","CYM","Agriculture, forestry, and fishing, value added (% of GDP)","NV.AGR.TOTL.ZS","","","","","","","","","","","","","","","","","","","","","","","","","","","","","","","","","","","","","","","","","","","","","","","0.233902026103342","0.249991704468987","0.262355470231399","0.314233319578041","0.312850351574142","0.329023759250102","0.330634392733331","0.34097402629238","0.357974783468847","0.378694095538705","0.399458774449959","0.418315712387287","0.408587365212128","0.414317853358841","0.435397889334994","0.454181072913047","0.469402852319854","0.407922277766161","0.452648655714737","",
"Cyprus","CYP","Agriculture, forestry, and fishing, value added (% of GDP)","NV.AGR.TOTL.ZS","","","","","","","","","","","","","","","","15.7198437022472","15.9029591482589","13.2120032208743","10.918070188048","10.2413469962936","9.5883167518533","9.25799218017833","9.26919497727659","7.9000609267801","8.94272275453192","7.48886905420959","7.32712682338318","7.43175041511978","7.17470720245926","6.92986006638551","6.8591767823588","6.19134855754697","5.72367756161448","5.61272712074519","5.06752181727584","4.77612601202217","4.57820894953766","3.92033854684487","4.33453178052136","3.89894323212311","3.64726364853406","3.86079645311557","3.78826774823824","3.3529015922721","3.08333142687938","2.73852781486715","2.2759759957395","2.02353280851406","2.09331209487447","1.98881944002316","2.05766089497283","2.14531860991971","2.00128009868188","2.03633566673278","1.84487621232733","1.86798451841109","2.14376219902412","1.85263298228741","1.71813809861456","1.74820535403514","1.82533569194245","1.50250271739903","1.186076126012","1.15495918435607","1.15512812146527","1.11541253313617",
"Czechia","CZE","Agriculture, forestry, and fishing, value added (% of GDP)","NV.AGR.TOTL.ZS","","","","","","","","","","","","","","","","","","","","","","","","","","","","","","","","","","4.22350146875076","4.24074163093722","4.00524760340161","3.8690482658501","3.46666680118219","3.48547916808829","3.19661267380446","3.23023711297245","3.18771526493166","2.64625253192312","2.43103462272479","2.40804306787699","2.28125770679761","2.16293341098596","2.08871530033094","1.92036584435566","1.75886230026321","1.52258196973334","1.96393230867654","2.23162666151254","2.34758315581321","2.39269564510297","2.25892571347988","2.14809736879598","2.10545968755889","1.96856224682798","1.89151770908811","1.94399138825301","1.75886666492278","2.07634975500264","2.14121915412639","1.89888309462287","1.94982686749134",
"Germany","DEU","Agriculture, forestry, and fishing, value added (% of GDP)","NV.AGR.TOTL.ZS","","","","","","","","","","","","","","","","","","","","","","","","","","","","","","","","1.06998573771213","0.988835539128248","0.977841510464679","0.993351541332521","1.03224855652577","1.06716928692911","1.03610244105776","0.97744658336259","0.96089041227783","0.996168402468","1.08333750848315","0.901338514680484","0.829342960804352","0.948871367267906","0.72605784900095","0.716599757643703","0.822076767549622","0.837028054130878","0.670417045914746","0.775984032180357","0.924638957956395","0.911412934754651","0.927130138706706","0.915606456087681","0.708512712866412","0.730531013610999","0.860007620510574","0.742451289010288","0.833126017731138","0.728659526127881","0.753895620719434","0.994638278032481","0.929156663056282","0.914397651173374","0.871426941482043",
"Djibouti","DJI","Agriculture, forestry, and fishing, value added (% of GDP)","NV.AGR.TOTL.ZS","","","","","","","","","","","","","","","","","","","","","","","","","","","","","","","","","","","","","","","","","","","","","","","","","","","","","","1.19392304728354","1.22411023326762","1.05900752644099","0.99558771996226","1.29424095183589","1.41671102035767","1.51935229833123","1.99744473588682","3.00716226184265","2.63101792247644","2.50202235262172","2.5119476858486","2.27199545061851",
"Dominica","DMA","Agriculture, forestry, and fishing, value added (% of GDP)","NV.AGR.TOTL.ZS","","","","","","","","","","","","","","","","","","24.6805674009853","25.835201482731","22.5661930882667","21.4602898500118","20.8753647819751","19.6207796218154","18.7618341906366","18.2702716351749","18.3794077851572","20.1174745398996","19.7571835156485","18.8713535619403","15.4908393924286","16.3424410693929","15.6818794660914","14.8221406418128","14.1600796476196","14.4057942589765","12.1665924636743","12.9718565074699","12.5441588128155","12.0653410069959","12.137315099079","11.9039950242678","11.2162095864201","10.6284055910922","11.2514385491488","11.5393233251176","11.9146963375058","10.9500275550657","10.9932120101612","12.357929336965","13.2921985102394","12.1671107564725","13.1398699725745","12.5284705614395","14.0710957769054","13.5810858914367","13.5413888147951","13.5004110450215","11.743783940147","9.64769551837572","10.1167002012072","12.2529146098099","14.0151066545603","12.9438199575573","12.1097217072814","12.2243249927419","12.1033350047584",
"Denmark","DNK","Agriculture, forestry, and fishing, value added (% of GDP)","NV.AGR.TOTL.ZS","","","","","","","6.68924060876016","5.75493896903453","5.4042485924281","5.62152711614051","4.60433455007898","4.55777369450511","4.78618460399117","5.27838191236212","5.16159777738465","4.42034536865508","4.30406721575534","4.67039341155922","4.71236806999629","3.97186855390761","4.09267654952705","4.35894875975102","4.67793580143557","4.05222646088553","4.67206470866529","4.23329294080071","3.89189336921901","3.45881482250819","3.16230679885588","3.50423498246977","3.2807399838791","3.01659707418614","2.770482903403","2.6666867919779","2.58125029411355","2.83084838376944","2.76583528047113","2.613583999477","2.12314558817745","1.92043851886527","2.14953012591578","2.30981410923114","1.7548454579579","1.58700357166721","1.5968233470381","1.13056388790591","1.14680871658905","1.17038366975969","0.841682850350501","0.806945931238911","1.1884393485634","1.26832807403315","1.61758219917433","1.25664041508446","1.35342720224903","0.908318060929302","0.92879780499665","1.25985806734514","0.99704488734783","1.24122741169144","1.33752008668451","1.08103120928969","1.00228533729664","1.03787056976317","0.927722262099888","1.16938005441414",
"Dominican Republic","DOM","Agriculture, forestry, and fishing, value added (% of GDP)","NV.AGR.TOTL.ZS","","","","","","23.2406260556244","21.9127960158553","20.3324313877078","20.3224909646928","21.3002844372206","23.2379670144732","22.2382238223822","20.5796518063802","22.2279085636302","22.1519636326349","21.471438097355","19.0484626091358","20.0671448191668","18.7204291990537","18.6731650541936","19.7595137029861","17.8540727123643","17.0670355855529","16.1052415244127","16.517164912886","13.1004082334509","17.3671452754953","11.8686287025299","15.747097304455","13.8277765197084","13.4228238663577","12.5057311640825","12.0128371082942","10.7814961902425","9.99448520139276","9.81477760955715","9.19340246436474","9.14429903486216","8.99180996244975","7.82103071357272","6.71834204747894","6.99751861270975","6.80511921829037","6.69384984394826","7.02047299255392","7.21193528375622","6.8587193196752","6.51157391056705","6.27099180121697","6.01021373970952","5.87493178504912","5.4136207001604","5.13892705786417","4.99410588425629","4.83780303264764","5.05883234424627","5.02704510564373","4.83760934052653","4.57147323875274","4.32511956961036","4.52252840237889","4.21567590284055","4.15371984188711","4.29425303998525","4.45398448187972","4.6027191760655",
"Algeria","DZA","Agriculture, forestry, and fishing, value added (% of GDP)","NV.AGR.TOTL.ZS","","","","","","","","","","","","","","","","","","","","","","","","","","","","","","","","","","","","","","","","11.1069798696683","8.39504849504573","8.886179657499","8.41302644785912","8.45671950735323","7.72217403415641","6.5592713699842","6.36600271426263","6.32601878401142","5.54975092049628","8.01121741497815","7.53171561491377","7.08352512171367","8.02697167412095","9.12007464194984","9.40707440856373","10.5327896965018","11.0683130545794","11.0318809304784","11.2438301354995","11.4791798857164","12.8341693887186","11.2354345605089","10.6470638553472","13.3692450434856","13.9597061505767","14.5120041000651",
"East Asia & Pacific (excluding high income)","EAP","Agriculture, forestry, and fishing, value added (% of GDP)","NV.AGR.TOTL.ZS","29.4071842137224","41.6723724392803","45.2125085642119","45.7204754294232","43.9196282505509","43.6320183806469","43.4009256606955","45.4486475630489","46.3043053727106","42.4599211377861","39.9688281097051","38.6980422931992","37.4400396508801","37.5901427601711","36.486076910566","34.8748251078922","33.8059575109098","30.4496482844786","28.1340867718403","30.9911476573202","28.2534598201609","28.1741157878825","28.5210194087689","29.7648950577546","29.253378579564","27.2992305185139","25.7760747534918","25.6396653520283","24.9013244982771","23.2391148392138","23.267551927293","21.3905557733118","19.7802273588053","17.5924872898247","17.7860187845736","17.9454794446057","17.6434657390073","16.8381918092308","16.857545479791","15.9682441573818","14.3969741744196","13.8058164558624","13.382977211544","12.6797941585707","12.9536983879783","11.8122058076026","11.0512246253584","10.8694855065506","10.9561527900841","10.5094060226705","10.1975239144332","10.0929421703453","9.88587818937772","9.614997469167","9.25081522453782","8.90622773484827","8.6222946306874","8.08637727062013","7.61414984272878","7.66632809031267","8.23912869367274","7.78088949121483","7.78085911526442","7.56589621276998","7.5213693079824","7.42464306427868",
"Early-demographic dividend","EAR","Agriculture, forestry, and fishing, value added (% of GDP)","NV.AGR.TOTL.ZS","","","","","","30.8054317309205","28.9375593314637","29.9720249419844","28.6475124341119","28.015818523931","27.1051260631409","25.9424494957808","24.8359529464684","24.3551690531691","21.2781194562012","21.0008990240441","18.6082769473617","18.9927849227629","18.6842202493481","17.5769066531258","15.4815109196451","15.0900030355629","15.4850452008025","15.8272665362247","15.7798376420816","16.2389343312459","16.9832523725178","16.675772502185","17.0268780498244","16.8553935843795","15.8001861889413","14.4948234194148","13.7193725540317","12.733083492471","12.7808778316992","12.7758856835533","12.8503345209761","12.0700391320494","12.0131142489532","11.4163975888398","10.5328983782311","10.2669304328856","10.6377211907251","10.7792595823189","10.0785240800833","9.64288103180173","9.31068517476181","9.56796227927438","9.39251195918805","10.2116571223563","10.2922869573998","10.1214959279926","9.88281860721677","10.0778964203437","10.2926246622503","10.5806255464345","10.8329507917112","10.7147335458636","10.4014468318521","10.8068033118006","12.019214515153","11.3861124101217","11.1899001202128","11.0167304101328","11.1177371889499","10.7326427853654",
"East Asia & Pacific","EAS","Agriculture, forestry, and fishing, value added (% of GDP)","NV.AGR.TOTL.ZS","24.2690606083082","28.839882562766","28.0070268863642","28.0551801760867","26.8869448014486","27.3243805636476","26.6129025833668","24.9686157576249","23.425245568367","21.0863442741134","19.3037218355955","18.1301576140785","16.1179454817535","15.3909096508286","14.855184028413","14.6281427017277","13.4745280066655","11.9255584955415","8.89496354023505","10.3470709708265","9.68577941646468","9.43075858626761","10.1315180680249","10.2827126623223","10.1856886528182","9.8492715833974","7.1816913528151","6.16401798127803","5.66974146822491","5.61207093628162","5.68385382923953","4.9875875650964","4.72415512362623","4.16893144890016","4.43231846233644","4.49023143882007","4.9385297215274","4.87567856401976","4.9125353156933","4.6845159795276","4.34128782999453","4.52456218000408","4.69167957943349","4.51009682383096","4.69007198274337","4.54810737298933","4.70501587798661","5.03077768837657","5.40752741357055","5.44164623822151","5.48747913574821","5.67171868190958","5.74644931632191","6.00079845432368","5.94963146640816","5.95297892123682","5.72705498487205","5.52338536593047","5.29230405344665","5.34544347768617","5.76385830204344","5.6374872585894","5.75469597511171","5.59468078069719","5.58945978859827","5.52858084732634",
"Europe & Central Asia (excluding high income)","ECA","Agriculture, forestry, and fishing, value added (% of GDP)","NV.AGR.TOTL.ZS","","","","","","","","","","","","","","","","","","","","","","","","","","","","20.2003677279675","19.9203195096346","20.5571349826801","21.7603676396763","20.9782815391679","19.4754729998593","18.4778500164417","17.2936437304472","13.6919018696148","13.7696058522795","12.706971463778","13.5021859994584","12.4877444723169","11.7832288516217","11.2101413356036","11.3826067360528","10.5589675013387","10.0468761237863","9.51884311927186","8.39946924092121","7.75312001930924","7.60123350350645","8.13914757636849","8.90294314700957","8.60549314426274","8.21628539729423","7.71754364491656","7.92002200341184","8.43913782621749","8.1998879387992","7.63766181549756","7.30673934262231","7.58367545714799","8.03049489183613","7.49017584268912","7.64912257036744","7.05465846789531","6.58274894435124","6.22022708646118",
"Europe & Central Asia","ECS","Agriculture, forestry, and fishing, value added (% of GDP)","NV.AGR.TOTL.ZS","","","","","","","","","","","","","","","","","","","","","","","","","","","","","","","4.6785325441895","4.15427830752008","3.32469118162729","3.2556810216773","2.93936482347233","2.87129928181824","2.85082094289518","2.76853761167982","2.63121263556947","2.43193477301207","2.38432558450343","2.33908545203845","2.26721418342186","2.1959068923532","2.20143385240544","2.02214004166967","1.92761438067417","1.96143865710523","1.99103265777918","1.90135952476226","2.06229888974787","2.13126908512505","2.10739530861661","2.12085562106606","2.11667893512465","2.08663205991677","2.02967645434805","2.05315184980615","1.92086255991804","1.95659724926832","2.03235002552174","1.97141693410432","2.09908548847955","2.00347772713578","1.97692438805462","1.99516871884043",
"Ecuador","ECU","Agriculture, forestry, and fishing, value added (% of GDP)","NV.AGR.TOTL.ZS","33.6548595411915","34.0353982997317","35.2529029760529","34.195749948199","31.8358566455411","31.3130788162474","28.0337459253875","28.4055380642007","29.2818942533795","26.2521799930883","26.0292779221651","25.2587816484435","25.8356518844639","25.3754990501017","24.0938427821548","22.3551822334737","20.1177300940648","18.7030722359671","18.2001239092383","16.0225688613038","16.1108945516136","15.7664394894899","15.9260653705014","16.900845128291","18.6133403784386","18.8789498131776","20.8114914655921","21.3475716289276","22.0108036177632","22.4006908587262","20.5210053878115","20.8630768323822","18.9221169961655","23.4031589633143","22.1459459595206","21.9121688235555","20.7500581031484","20.1087737333262","17.4759454640616","17.5713518152118","12.401175424691","10.4701484905882","9.43400389965372","9.05012813090098","7.96891951563388","7.72632554619423","7.71967865189029","7.64839421670263","7.3493757008365","8.61225542007853","8.33021025899583","7.90853917487421","6.99944108995073","6.96320880489033","7.40439967003185","8.02049629728797","8.07212585894998","7.90222040951574","7.64505994805811","7.78676459859086","8.38574905899645","8.07999983280318","7.39303992355462","8.05137468415854","9.23570415539851","9.70295482246867",
"Egypt, Arab Rep.","EGY","Agriculture, forestry, and fishing, value added (% of GDP)","NV.AGR.TOTL.ZS","27.6488257782632","27.1530794786609","24.6278257673222","24.4218621257896","23.1990231990232","25.6941072610903","24.8844722528933","24.1557519330914","25.3800708940528","25.5436799524976","24.109820089955","22.9315401250111","23.7496872480609","26.5749311983988","28.8074922893356","27.6655485621679","26.0149747934254","24.8188163071414","23.394542365248","20.0564426369863","16.5818608532384","21.6205656656919","18.0486284289277","19.0451127819549","18.1075949367089","17.1045576407507","17.390022675737","19.6330089320388","18.0454550324675","18.6948049350649","18.5125262004175","16.9866672","15.5859094176851","15.7390463917526","15.7142857142857","15.7107843137255","16.1150828247602","15.7510342233923","15.8844815588031","15.9086475942783","15.5380770361658","15.3512684694731","15.4048561625759","15.2867065868263","14.2699361219864","13.9816898792943","13.2372025254978","13.4201262083781","12.6302400893356","12.9979466513145","13.3407591579645","13.8691050980964","11.2727652713919","11.2743496022361","11.3377089201878","11.3940627685257","11.769316084742","10.9863806449848","10.8302490249025","10.6971354538956","11.1668239443487","11.4369326589725","10.9457535224737","10.6003111645036","13.7121128792805","16.551922508574",
"Euro area","EMU","Agriculture, forestry, and fishing, value added (% of GDP)","NV.AGR.TOTL.ZS","","","","","","","","","","","","","","","","","","","","","","","","","","","","","","","","2.67877202622224","2.51051543510797","2.30723249266315","2.34702840671704","2.32919309283121","2.36065546821616","2.33938263307004","2.24759522543384","2.13317551038295","2.08508070532178","2.08563669314863","1.95842772071411","1.89360200739658","1.86998339435399","1.65875252049","1.54582620703099","1.59513923143263","1.53423664958364","1.39860919250514","1.51671098383096","1.56291377483755","1.56745849516679","1.5806572576229","1.56156258831452","1.52409767738623","1.47617068020453","1.55734221835179","1.49520439758913","1.47455581106558","1.49532634889116","1.48906702297099","1.59634192566736","1.53655676230673","1.54037233957914","1.54642663375045",
"Eritrea","ERI","Agriculture, forestry, and fishing, value added (% of GDP)","NV.AGR.TOTL.ZS","","","","","","","","","","","","","","","","","","","","","","","","","","","","","","","","","27.3517171994329","19.4351344723289","21.9131656082071","18.8116670721488","16.2273737694506","15.1153427506646","23.3670870070068","22.7223359743613","12.5904217689804","15.163844400074","13.6018100565387","11.8299212236971","10.642274296598","22.6000002108942","24.59999989582","24.2659805873687","16.7763073752775","14.1242274354984","","","","","","","","","","","","","","","","",
"Spain","ESP","Agriculture, forestry, and fishing, value added (% of GDP)","NV.AGR.TOTL.ZS","","","","","","","","","","","","","","","","","","","","","","","","","","","","","","","","","","","","3.87455758605481","4.37962474383674","4.29484499133863","4.14483430202733","3.81323898515226","3.7443114170073","3.67425723081839","3.48212189760772","3.42077756723389","3.11780935959045","2.75836581828682","2.40075384884813","2.4946614560374","2.35367195478016","2.24960158062983","2.41740898393438","2.3625185975353","2.39776671776239","2.60946207875576","2.52697678134345","2.72327046339292","2.81522075003094","2.80344676690393","2.70128254621885","2.51980122994951","2.78468031745976","2.76824927112995","2.36964000049424","2.6062235563618","2.75300596488807","2.68233093402373",
"Estonia","EST","Agriculture, forestry, and fishing, value added (% of GDP)","NV.AGR.TOTL.ZS","","","","","","","","","","","","","","","","","","","","","","","","","","","","","","","","","","","","4.13064126210233","4.12813147933271","4.08873645802036","5.05182797296934","3.62814718696064","3.88500958820541","3.49644570652548","3.5524871000821","3.45928807770416","3.61869925607531","3.28668552534137","3.14382046697103","3.92534204177827","3.40126152586792","2.47104873277575","3.17092945309266","3.66566862923271","3.2843229052027","3.04742973666601","3.11496161660999","2.80642152865051","2.0715978609001","2.33885596628311","2.04938469969066","2.265648962634","1.93181527353408","1.94353771254558","2.44640859997873","1.71558125919165","1.76684782957851","1.64687016798416",
"Ethiopia","ETH","Agriculture, forestry, and fishing, value added (% of GDP)","NV.AGR.TOTL.ZS","","","","","","","","","","","","","","","","","","","","","","53.4066119020511","51.960077067069","53.0533806406888","46.7322626178872","51.2985216596386","49.745196243487","47.9289168011732","47.4101445822131","47.2129256923772","48.2864738498344","57.2379439418159","62.2774788790179","58.4860392352869","51.4165791514483","50.6606917388224","49.91984083124","52.713752061384","47.8675852235723","44.378202481993","44.6660179485759","42.3405711240311","38.6923716914638","37.2850554139561","38.6797549469264","41.1744985607337","42.5241701226393","42.2650121920913","45.1845583729593","45.8826942649105","41.4468200699758","41.2499638574537","44.3309427521463","41.2395055340925","38.5204496889284","36.0569753905786","34.6969564523634","33.7792813400479","31.218806650139","33.6333246910556","35.5582700358115","37.5791137563489","37.6422268391462","35.7864807851174","34.7737782046291","32.8186147009719",
"European Union","EUU","Agriculture, forestry, and fishing, value added (% of GDP)","NV.AGR.TOTL.ZS","","","","","","","","","","","","","","","","","","","","","","","","","","","","","","","","","","","","2.52111550468634","2.53164909829945","2.49467186139074","2.37760338765297","2.22541988495598","2.17596004668779","2.20510089866516","2.04873008281458","1.97921780287752","1.98971559868164","1.74734690674029","1.645040409548","1.69476984624252","1.63370965809204","1.48905319258028","1.6059698579926","1.6851908602296","1.67064931522173","1.69518127078257","1.66939466437924","1.60459753374033","1.56450313555158","1.66294834511547","1.58229937584076","1.56726218342388","1.59114669036535","1.57355749501237","1.68287485066608","1.63173483606995","1.61555987494979","1.63071467757896",
"Finland","FIN","Agriculture, forestry, and fishing, value added (% of GDP)","NV.AGR.TOTL.ZS","","","","","","","","","","","","","","","","9.79828845023601","9.30399746020017","8.66044975350407","8.25269461368784","8.13092640907517","8.57991681521093","7.66401303171225","7.77248083753973","7.56871124518183","7.2452378279256","6.88020609703736","6.55912949135235","5.28259520784708","5.19626119490542","5.22148213703479","5.39664042918078","4.82436459447954","4.27782888684453","4.37799322509053","4.1910288374556","3.80075974566803","3.45273934318523","3.42439781878589","2.90041600584567","2.8867978059391","2.95484873814028","2.76462005490516","2.67313392616545","2.53635129256364","2.37997744754033","2.27855173502727","2.00160822857672","2.38053234540974","2.20537134561628","2.25383112774094","2.36676641136983","2.25898661809719","2.18836399205502","2.21182621856833","2.21758033567317","2.06049706934612","2.08977502932082","2.06803556647353","2.11422780880102","2.18977184111891","2.24039393029227","2.15907446415076","2.24134367895993","2.33109283712753","2.46672922863986","2.61075667391382",
"Fiji","FJI","Agriculture, forestry, and fishing, value added (% of GDP)","NV.AGR.TOTL.ZS","","","","37.84046692607","33.0035971223022","30.3082191780822","29.0726817042606","26.5290519877676","26.4060356652949","24.3565599497803","25.1303441084463","21.5667767815007","22.0436280137773","22.3765822120656","23.3333333333333","23.4708350869781","23.5765951451139","21.4058573273098","20.0939903161492","19.7136822342173","20.28057128387","17.9640151515151","18.5780492186097","16.6265963380672","13.9006508272563","16.3853691886964","18.9584730108777","20.8957821457821","17.6316452506929","19.6429416301512","17.9579343434343","18.2567042115573","17.5759855852727","17.0122576808721","17.9182896262766","17.174961203941","17.3071772897697","14.8164103923648","14.3705282386969","16.4049185915419","14.9875430394984","13.012812333865","13.3109099072134","12.5143538475649","12.349896656794","12.0743313492063","12.3726571154966","11.8829102406206","10.6974950619792","10.0884444017423","9.38189737562413","9.21771557173261","9.67577870713452","10.1131069949223","8.0985227018506","7.8716240846939","10.6643336396929","10.5318273601847","10.9065639753696","12.4005161469113","15.6918345311972","17.2536724147942","14.1928948833304","12.8245910153207","13.190027700831","14.0457735369585",
"France","FRA","Agriculture, forestry, and fishing, value added (% of GDP)","NV.AGR.TOTL.ZS","10.1484983970751","8.71811104626433","9.42435111401664","8.46106644330133","7.65134955635797","7.45518882827474","7.2562559484233","7.22912170874241","6.99929805727027","6.36707415175108","6.32350889683139","5.79288542322588","6.4680166974781","6.45671939248342","5.13052303762004","4.55482828580346","4.30557383613474","4.08042323446105","3.9496921083797","3.91512497382701","3.41563785088454","3.33926677836126","3.84065071640816","3.3955486373867","3.16593850567096","3.15221803900914","3.05818780099865","2.92256792569356","2.69305175565178","2.95985320818883","2.97794544466016","2.47177542612757","2.45934288583764","2.17161277383409","2.27070751919673","2.313383133861","2.27526049667286","2.21545959227374","2.2355571969051","2.11672166680524","1.98449655121117","2.00226015670254","1.90378389721189","1.74560664256609","1.72018557547967","1.58270403235962","1.42706409375236","1.516727357675","1.42030674677991","1.23241577481447","1.50088040274637","1.55137276231397","1.52594468949115","1.36140137870511","1.46154600121993","1.50360116027898","1.33798472564444","1.43496006533197","1.53110170543578","1.40828485472535","1.4604342657704","1.46334541457898","1.72017137018833","1.48475796304424","1.29979455802577","1.40317576023592",
"Faroe Islands","FRO","Agriculture, forestry, and fishing, value added (% of GDP)","NV.AGR.TOTL.ZS","","","","","","","","","","","","","","","","","","","","","","","","","","","","","","","","","","","","","","","17.9434530644224","16.1128765730266","17.984835837507","17.9802624084832","15.4433020414245","12.0059023882437","11.8782177834553","11.5436368805079","13.7781593005909","12.385238241092","9.51731961524221","10.0025185028719","14.8137133793903","14.4254642225295","12.2216295031829","14.8016017473608","14.9925404162692","15.6643760466594","19.4105036381493","17.9788585658383","16.3200031785764","17.0514062234626","13.7184823893818","14.2148369483437","18.7358298803846","17.7553649648471","16.0666931492436","",
"Micronesia, Fed. Sts.","FSM","Agriculture, forestry, and fishing, value added (% of GDP)","NV.AGR.TOTL.ZS","","","","","","","","","","","","","","","","","","","","","","","","53.3822512907537","","","","","","","","","","","","24.0858454962943","23.5728205554478","23.3499284726014","25.5273170312663","23.940590859346","24.4967267203445","23.4872626621436","23.6907979363302","23.5924978595135","22.3796914384552","22.7097165991903","22.64428","25.3417391304348","26.4006896551724","25.3020577617329","25.2001712328767","26.8051948051948","28.5720987654321","26.8475477707006","25.2221835443038","26.5239423076923","27.0007645259939","27.4768698060942","22.3979187817259","23.1956202531646","22.0481374900209","22.1845195337408","23.2675927172437","23.3320526006399","22.3304808995154","24.1626902958484",
"Gabon","GAB","Agriculture, forestry, and fishing, value added (% of GDP)","NV.AGR.TOTL.ZS","32.1865389648732","35.2118440048759","35.8854658597624","44.0835734129569","30.1804288767312","26.3063063063063","25.1655670803919","24.1018113772455","18.3813392643788","18.6215505995897","18.5474930620127","13.7963843958135","13.0875576036866","11.6076970825574","8.20554210384719","6.40138624567474","5.00625782227785","5.46218487394958","6.50964391691395","7.44647843623953","6.75735567352356","6.11719866603144","6.1233080999243","6.50003714307823","6.1046138028531","6.75108297234255","9.24493085602783","10.9925985952587","10.0761754547771","8.68588543616623","7.32444773540664","7.62366643244559","8.25138826962831","8.48423087977842","9.0860151275082","8.0316742081448","7.09283163965943","7.21752275578142","7.02079395085066","7.29362591431557","6.21362452192229","6.14393258219291","5.74386163895503","6.00402093513223","5.46729104251047","4.98463861102881","4.91120031463828","4.95783080287957","4.22984203194841","5.04416979273101","3.91445441728357","3.43228977977158","3.35369777676334","3.32908065074657","3.62120476996243","4.31162904410146","4.97313690987068","5.2657648440765","5.43595280305822","5.5544308701413","6.61619761297697","6.76982280995704","6.50616941615975","6.66942563518248","6.5591443804262","6.75232535579492",
"United Kingdom","GBR","Agriculture, forestry, and fishing, value added (% of GDP)","NV.AGR.TOTL.ZS","","","","","","","","","","","","","","","","","","","","","","","","","","","","","","","1.27440638130956","1.25016374315936","1.23987354389515","1.25089299086945","1.29313777851733","1.23005517468866","1.0706987343601","0.94602306218109","0.934878600404466","0.856765899800043","0.805152979066022","0.758425159620422","0.899764449050179","0.831206604029142","0.741442331384033","0.547158772249259","0.575070361550119","0.553318266269432","0.669821878060213","0.680900728162344","0.565712301782542","0.704214809469773","0.62478654917094","0.640890919985333","0.737947357586346","0.633552833586443","0.590496095532871","0.606135163563991","0.563097756036101","0.576929649470186","0.683760683760684","0.698210493866494","0.681106058275464","0.648180849687737","0.640268322678911","0.639963472014016",
"Georgia","GEO","Agriculture, forestry, and fishing, value added (% of GDP)","NV.AGR.TOTL.ZS","","","","","","","","","","","","","","","","","","","","","23.061912364733","23.581070092698","21.5650030807147","22.0347997872502","24.1941222514766","24.1494424319909","24.7867609535613","22.5082647534642","22.4918211559433","21.5967674515814","30.0681544834959","26.7015706806283","52.3458445040214","","","","33.1523846452113","27.5066411995873","26.2440015133112","24.7217175013672","20.6020089027155","20.9619418639497","19.2408798283262","19.3015027848811","16.3950612257362","14.7699403660646","11.1987759157064","9.19570666949123","8.13162847511651","8.10130101189814","8.86598672626304","9.73887160427603","8.56565938989856","9.21478687624408","9.2042368072631","8.54206032187102","8.00327332913851","6.91860933720368","7.56159033807908","7.33548626473072","8.31654843439314","7.22731737039721","6.63235520175679","6.01579508133932","5.4854426894458","5.18170935466129",
"Ghana","GHA","Agriculture, forestry, and fishing, value added (% of GDP)","NV.AGR.TOTL.ZS","40.8515535097814","35.3763440860215","37.8926038500507","35.9090909090909","35.3559870550162","43.5197817189632","43.2806324110672","40.2260638297872","41.7647058823529","45.9270364817591","46.5250110668437","44.16","46.6429840142096","48.9860039988575","51.137339055794","47.6623130796896","50.5669629175605","56.2035295171549","60.7119031735443","59.9674013181206","57.9202837673854","53.0842948806213","57.3411527917549","59.7305991154001","49.2428694453377","44.8925514796763","47.775389964274","50.6005361930295","49.6130122260739","48.9674812695895","44.8476174659294","45.5104758789699","44.779057218035","36.9308643888329","37.790585975024","38.7785905027284","38.9550830342103","35.7815976306205","36.0141073080481","35.7763437934285","35.2715219593039","35.2418001245052","35.1483770619295","36.5454059013539","37.9524260930096","37.4530129301836","28.3330959873622","27.294114484663","29.4080967578414","30.9933842095403","28.0387379636491","23.663704967184","22.1311546901572","20.3698425406713","19.5837731324669","19.9826505985758","20.8442929192419","19.5617099184239","18.1365503192521","17.323230201462","18.8537826616486","19.6574735227332","19.5136382081198","20.9430687855615","20.5752049341268","21.2758634417128",
"Gibraltar","GIB","Agriculture, forestry, and fishing, value added (% of GDP)","NV.AGR.TOTL.ZS","","","","","","","","","","","","","","","","","","","","","","","","","","","","","","","","","","","","","","","","","","","","","","","","","","","","","","","","","","","","","","","","","","",
"Guinea","GIN","Agriculture, forestry, and fishing, value added (% of GDP)","NV.AGR.TOTL.ZS","","","","","","","","","","","","","","","","","","","","","","","","","","","16.3140255567812","17.9690193749745","15.9612999610389","16.1652070145089","16.9325720436087","12.5239928147863","11.3546588484465","11.9298005854044","13.8322440595613","12.7008257861854","11.9331422778597","13.7972153135207","14.515103584545","14.7423669356158","14.3900980537913","14.9105463439258","14.8357430403433","14.2516528815736","15.9897180256217","15.2811594891059","15.5845641334162","16.81970768631","15.980005361399","16.3606168762438","17.4849504866218","16.0697496615218","16.8316746641336","17.5452728357444","17.5238169176245","18.478241904135","17.5899474364211","20.5284733113745","22.9400092652548","26.4272768142306","26.3032774879888","27.0715374807562","28.3819737139685","29.4714397653024","30.9605751418184","31.2924827047092",
"Gambia, The","GMB","Agriculture, forestry, and fishing, value added (% of GDP)","NV.AGR.TOTL.ZS","","","","","","","32.2355921469284","32.2637106184364","32.2448979591837","32.1997874601488","30.2432308398348","30.3493449781659","32.2635135135135","32.2265625","32.2147651006711","32.0528211284514","32.6391539290533","30.9963584410679","27.9436383928571","26.6929300553188","27.0185652009075","30.6280648161972","35.4493147577711","32.2887016532845","28.0050346129641","26.3780647363331","28.8114499066584","30.5612442337263","27.4043433298862","25.9160408457967","24.3425539103612","18.158871137899","17.3256885880758","17.2064317037046","19.2307274500809","21.3587381999845","17.9458861689629","20.5803417396121","19.2035389947766","24.01224521455","24.5322844709577","25.4256323774963","24.1249321438198","26.7482904903386","31.502618345017","32.0906328098921","25.6002258377034","23.5661970390261","29.7757115194915","31.7342257887518","35.1932434877047","27.202420609824","27.393571461515","26.2221225134284","22.4588391707898","22.2088860199147","21.8613793599274","21.0018946913892","19.8715961801257","20.0040458725555","21.2440052017636","23.579267737043","22.8604385781593","22.0375866230172","20.4335632430226","23.8473230703528",
"Guinea-Bissau","GNB","Agriculture, forestry, and fishing, value added (% of GDP)","NV.AGR.TOTL.ZS","","","","","","","","","","","47.455518109948","44.8506536024019","45.7812243011181","42.882528145666","41.3797923692586","47.7720024322246","48.0897039663556","46.1544003087991","51.612929842679","51.58866271762","42.1953345740435","49.2708308993858","46.759676764712","42.4411619251285","41.3173435787015","46.4873822362727","45.2492156997977","53.5091085977045","53.9862196671929","48.6589904906264","56.9360486026431","51.2763001679294","47.8346190833939","52.8446108905997","52.2601979679123","51.797586601693","54.2451842383867","31.6539868332319","37.0560215785608","36.2976754124591","36.9574160737758","36.7663875434622","35.2759589835735","36.8098623857343","36.9704988860037","40.3978248032999","39.4804221992245","38.169319139059","38.2595218073501","39.1543740432148","37.9530889182683","37.5633896672074","38.08528951059","38.6615813465664","34.8258068713683","35.1577785508063","36.3487649050334","36.3584920912937","32.5475708900674","31.3857385123606","36.6407419590115","40.05238080001","39.6677212772359","36.8048503128592","41.1643366267632","40.6286009989156",
"Equatorial Guinea","GNQ","Agriculture, forestry, and fishing, value added (% of GDP)","NV.AGR.TOTL.ZS","","","","","","","","","","","","","","","","","","","","","","","","","","","","","","","","","","","","","","","","","","","","","","","1.51825527772648","1.37288404400353","0.892696119574311","1.05819979061204","1.06137128570531","1.05350238777482","1.05565709179581","1.19199068015273","1.29424877164029","1.88839087566802","2.33223920932761","2.31546339686272","2.25797968820385","2.43787857420381","3.15157383866339","2.8263690019315","2.48978303214525","2.76906225778674","2.73242769203816","3.20678649748914",
"Greece","GRC","Agriculture, forestry, and fishing, value added (% of GDP)","NV.AGR.TOTL.ZS","","","","","","","","","","","","","","","","","","","","","","","","","","","","","","","","","","","","6.86998388566801","6.16422886298262","6.09221602930034","6.10158340762752","5.77247210059032","5.50251363510967","5.36221949397772","5.22103153499556","5.3240542693888","4.54970535485524","4.47718109899217","3.28557674416163","3.15474298162147","2.89505867715816","2.92582395634654","2.9142102078812","3.0618456010827","3.41908207828197","3.35146223879432","3.53346105430384","3.82153798821664","3.45812941533327","3.7522702094539","3.52573090341626","3.66151933931312","3.9238294812332","3.53173488105093","3.78490731948212","3.74222017907683","3.765512541308","3.5703052168837",
"Grenada","GRD","Agriculture, forestry, and fishing, value added (% of GDP)","NV.AGR.TOTL.ZS","","","","","","","","","","","","","","","","","","17.7168465448858","16.0428661593085","17.339263020055","16.4786817129438","17.1331483344013","14.2733691568835","13.4349762410579","12.9970756166886","11.0659740989773","11.0874900379169","12.2994780466602","11.6884768513132","10.2697363601675","8.88479480497909","8.9187032808351","7.78476420567037","7.43277079817414","7.11657151801563","7.17646437393829","6.0008525621633","5.58635228941031","5.22580159122587","5.37224072714738","5.16416049399774","5.36590076582019","6.29051955717342","5.86974887101655","5.0143352561992","2.96407880724175","3.89055494436817","3.55708232832337","3.76733196411895","4.62642452810256","4.5130515818498","4.4473617869357","4.83219736257223","4.83545561235478","6.10189188310633","7.42852685072365","6.20632633624404","5.37154325760442","5.20543943814909","4.67951202688308","4.90307786781958","5.34059405940594","4.12004284650904","3.10780887557402","2.69348733564848","2.53973352148124",
"Greenland","GRL","Agriculture, forestry, and fishing, value added (% of GDP)","NV.AGR.TOTL.ZS","","","","","","","","","","","","","","","","","","","","","","","","","","","","","","","","","","","","","","","","","","","","17.8778022320472","16.4497605026239","16.9456689293345","16.2452491333584","14.3313220056666","14.7291750060829","11.5861031645383","13.3982099730075","14.5808036302829","16.1929017960507","15.0270234424218","17.3355902451257","17.0377903864683","18.4117385602265","19.0568753352559","18.430149097486","18.4763686569553","15.7316156099106","15.2368028357423","16.0258939138543","16.5579499888738","","",
"Guatemala","GTM","Agriculture, forestry, and fishing, value added (% of GDP)","NV.AGR.TOTL.ZS","","","","","","28.7337636122701","28.5124829222694","27.4131819745442","27.927370381869","27.2952388536341","27.3163392857143","27.6997027408303","28.2880502546043","27.8925063096487","27.8979069396776","28.0486272251022","27.2946749458376","26.3051609778246","25.8435632114268","25.38150623297","24.8447193064846","24.9856116763656","25.1242959203039","25.3419060622362","25.626271112711","25.8514989029553","25.6105030584007","25.9787697132577","25.8486266979399","25.6348000442043","25.8791598201071","25.739981757218","25.2850480357025","24.8661004165455","24.4872663963369","24.1507235373736","24.0560999377549","23.7267418759523","23.4398988332233","23.0463598231227","22.8211479342179","14.1721468397886","14.1702868527657","13.4691278963937","13.0735432996184","12.5899676936002","11.4490682853821","11.6376079270391","11.3336648903463","11.8486078978063","11.2341516901897","11.2587427520036","10.7227497533367","10.3562262011186","10.0744824629421","9.96700294850351","9.66139477990376","9.69628321231672","9.43550881537545","9.40872375710839","9.9263191804303","9.17348943872533","9.07942583528994","9.62190880667852","9.65806187585066","9.55178298050142",
"Guam","GUM","Agriculture, forestry, and fishing, value added (% of GDP)","NV.AGR.TOTL.ZS","","","","","","","","","","","","","","","","","","","","","","","","","","","","","","","","","","","","","","","","","","","","","","","","","","","","","","","","","","","","","","","","","","",
"Guyana","GUY","Agriculture, forestry, and fishing, value added (% of GDP)","NV.AGR.TOTL.ZS","23.5777930089102","23.8543628374137","23.4590065828845","24.4606704281447","21.9526804432465","21.5724137931034","19.0843621399177","18.8337644015989","17.3667029379761","17.9302045728039","16.8222554144884","18.028718312356","17.3869514433506","16.4857320099256","27.6631402534828","28.7494736842105","20.7728192940762","18.7427758513381","20.2413820304488","19.8702963577407","20.6896551724138","18.7852234680791","20.1936376210235","19.8228882833787","20.8659037362656","22.5128205128205","22.5806462018731","25.8705028526474","22.619623552915","35.0629265283404","38.1295897145071","40.5225068008007","43.7946676937562","36.6788444624856","37.6438763061582","40.8582643553404","37.7689587112219","36.3533243799035","33.9058533127603","35.0139494280703","29.9832313022935","29.7373837926656","30.8816641067377","32.1128109729009","31.4937319776355","28.8858697300346","34.0002671058965","30.3847427538396","31.7275647737363","29.4241191257626","28.5284323037662","25.6836014005978","25.4400079005114","25.6475733667273","24.5940865009998","25.4431214761023","20.3872409058451","22.7580270434004","19.5356933126322","17.5953367342493","16.8510033249851","13.4551932931892","10.0298359219808","9.74362070901044","7.62253178420964","7.73438252235822",
"High income","HIC","Agriculture, forestry, and fishing, value added (% of GDP)","NV.AGR.TOTL.ZS","","","","","","","","","","","","","","","","","","","","","","","","","","","","","","","","","","","","2.16610793617616","2.11393150768647","1.93492931961197","1.81534333580021","1.72211598130589","1.65872070153227","1.63620259637058","1.550913781762","1.57352246114002","1.62743269486723","1.46747710323141","1.38494124764129","1.42259090839064","1.42352795855849","1.34289149517989","1.39033973650948","1.49564250630866","1.45346654005914","1.53285997602075","1.46049374249346","1.38232222811416","1.34571355777492","1.39238388670605","1.31431598612543","1.26897826962508","1.33999149558743","1.32676285573683","1.329846359772","1.27580039038416","1.25251460123314","",
"Hong Kong SAR, China","HKG","Agriculture, forestry, and fishing, value added (% of GDP)","NV.AGR.TOTL.ZS","","","","","","","","","","","","","","","","","","","","","","","","","","","","","","","","","","","","","","","","","0.0873270375124953","0.0894680511254657","0.0881032820206869","0.0751987993656245","0.0731235605934626","0.0674869434363105","0.0629926078474022","0.0614869792991817","0.0541731796493912","0.0656925288308839","0.0533684018528068","0.0487999048815413","0.0546866831053985","0.0572883662527095","0.0661945438173809","0.0679653751855497","0.0762065977729043","0.0652727034141459","0.0621422719454446","0.0723017256105577","0.098961317261836","0.0755934592131795","0.0529028573951146","0.0379376159344696","0.0373096743766005","",
"Honduras","HND","Agriculture, forestry, and fishing, value added (% of GDP)","NV.AGR.TOTL.ZS","32.208556711868","33.4691039141665","33.0265752652831","33.2520325203252","29.3097614616816","30.6658474771523","29.856245033591","29.4759970703775","30.3329449996934","27.8244907626717","26.8409995577178","26.8923783191611","27.2012807451608","26.7747939377825","25.2896218825422","22.9803390849968","23.8155162650223","24.8066501815121","23.8109163829298","22.5322969520314","20.8516518025374","19.6941572905363","19.1048487360133","18.6249365325279","18.9930271222611","18.7417692858628","19.4056649879943","18.454465849387","18.6685848121475","18.7831459168958","19.9139104329875","19.7401937107558","17.7112101292628","17.9584363270164","21.3388406292452","19.1569324983597","19.7561696780257","20.7510920369715","16.8245531210234","13.9820958376201","14.3725235386886","13.1659906583333","12.1834127398259","11.6140985227332","12.1707041468662","12.4709247586633","11.8565791514775","11.9110474415928","12.1501702062634","10.8250414864446","11.5912204379757","14.2196558016976","13.5662940347061","12.1911279403961","12.5383501333105","12.2159784468116","12.0499014058464","12.6697681094878","11.6101604613644","10.6380334094751","12.1880671407553","10.8930519266193","12.4732730244455","11.9787948406632","11.2694430605256","13.3192833947532",
"Heavily indebted poor countries (HIPC)","HPC","Agriculture, forestry, and fishing, value added (% of GDP)","NV.AGR.TOTL.ZS","","","","","","","","","","","","","","","","","","","","","","26.6205583572061","25.0500588820322","24.4773683313265","24.133752318438","24.0261716365513","30.7429061603321","32.8574978252544","34.5600414162927","35.5547927603478","35.6304843235411","37.8857229623199","34.0851852493679","31.4756043415323","30.188316788138","30.2413593024087","28.0055304155286","28.5835814933062","27.6592882684873","26.2896261144759","25.0664022472563","24.8986887859475","24.8650940527311","24.6924845847057","23.6056502501531","23.9547480623167","23.1535956773285","23.5295209522438","24.1539331478401","25.1030207196782","24.4192590679019","22.6755575805358","22.6058039642481","21.8223421430381","21.6315465722701","21.9514471162555","22.2261250923038","21.8080064896288","20.616909314976","20.6608527380986","22.1591073994294","21.7398305304987","21.983999362492","21.9462233518286","21.5813281231465","21.2224646606186",
"Croatia","HRV","Agriculture, forestry, and fishing, value added (% of GDP)","NV.AGR.TOTL.ZS","","","","","","","","","","","","","","","","","","","","","","","","","","","","","","","","","","","","5.65029269534233","5.59020559020559","5.24173027989822","5.31836584468163","5.40140750369806","4.96557479657834","4.96195061344929","4.84150263278793","3.93491029303206","4.41827966580442","3.86667035184213","3.9782223347683","3.6914613286487","3.88143056599721","3.98639120800412","3.64384300678865","3.62557825538414","3.2841419035074","3.43748613022059","2.93973433181778","2.96305965278684","3.05890762309212","2.8894876538245","2.95114617844763","2.85761119003388","3.12943402175627","3.35944329225443","3.39283865528818","2.68355517389438","2.8962225714452","2.83194407098682",
"Haiti","HTI","Agriculture, forestry, and fishing, value added (% of GDP)","NV.AGR.TOTL.ZS","","","","","","","","","","","","","","","","","","","","","","","","","","","","","31.1106493112202","30.5929975976556","29.7367513854808","29.8987995795763","34.1206078469269","30.8470425697263","33.9282580806658","23.5553973604835","19.4953609020945","20.8146613339259","21.1624728161658","22.5610708406735","17.185516717203","16.4505786071297","15.8465044649721","16.720141598204","15.8505214181337","18.053012942039","17.716303487923","19.0751062719029","18.4326161641106","18.7934646435559","20.2326950876929","20.0431188990154","19.4699035948555","19.3274999569264","17.8297636475726","17.2198989989619","17.9835139851461","18.8264709950195","18.7060141160075","19.1874037315046","20.362493732044","20.8736635722952","20.41702851414","17.7053514644328","16.5038344560188","15.8072127258079",
"Hungary","HUN","Agriculture, forestry, and fishing, value added (% of GDP)","NV.AGR.TOTL.ZS","","","","","","","","","","","","","","","","","","","","","","","","","","","","","","","","","","","","7.2801790564357","7.39216004431377","6.4978302464325","6.17370244986811","5.44561326098786","5.06575156419002","5.02945329369332","4.3698045801714","3.90627498031927","4.35683545455054","3.72514185336456","3.53874601085628","3.48786630899698","3.47814940071837","2.99527728031797","3.00710894106453","3.97302154410133","3.88850753892061","3.92253734459854","3.94529830379291","3.76135548183773","3.8677257212942","3.74894666908719","3.47162730279737","3.32505112170721","3.36254685371176","3.45755919325803","3.14401314538933","2.92753080419927","2.71223925604515","2.65399769872221",
"IBRD only","IBD","Agriculture, forestry, and fishing, value added (% of GDP)","NV.AGR.TOTL.ZS","28.3081048403671","31.3991030056099","31.351105630755","31.8641085756979","31.8469588823113","31.2493334423985","29.5589263688995","30.3739328450004","29.6471796959589","28.1314208485645","26.9376436980419","25.7598168635961","24.9915315914805","24.5621363779834","22.3595345671696","21.266999268685","19.9007353949355","19.5793422455845","18.1011150513086","18.0221226352668","16.5871437047567","16.4547920546421","15.9161418073224","17.2179194994789","17.3636036299377","17.0466071551265","16.8852717076508","16.3566648258287","16.4517647965863","16.1459616628038","15.3992961107305","14.4885211673007","12.8701284512422","11.8938906416672","12.0469011064974","11.5819670870978","11.6553287341074","10.9454267519033","10.9245430205347","10.775950517475","9.75601148452507","9.67488619885178","9.84785534960277","9.75571368939057","9.43956246158401","8.60263029299307","8.07933328877786","8.04063974461359","7.95189448385651","8.27333817672105","8.10747174592283","8.02152011740533","7.87410204665514","7.97347013480796","7.99971859975529","8.1693890229074","8.19223217490382","7.84110212968653","7.49760202294556","7.68563899914282","8.50485392495691","8.10644402132257","8.04472710912351","7.84771533906807","7.82156353075082","7.63224178283693",
"IDA & IBRD total","IBT","Agriculture, forestry, and fishing, value added (% of GDP)","NV.AGR.TOTL.ZS","30.2918305354822","33.1715239073531","32.9509172107599","33.0857577626687","33.2622429365438","32.6879416599955","31.0796561068083","32.0692163516211","31.2827445159408","29.7544358978238","28.5628491124838","27.4947372696106","26.5913324905938","25.9844169480437","23.9477701334606","23.4333291326978","21.3791322999341","21.1403349941162","19.904966405468","19.6678688053209","17.9238757923235","17.0388373359847","16.659916093712","17.8019172011065","18.0667146702111","17.7995046556539","17.8932899279371","17.5758116280592","17.7890575674232","17.4625630402284","16.7988415886029","16.1903093838175","14.3178537460577","13.2907367851748","13.3821328452609","12.9965290516027","13.0526368840232","12.4689238757733","12.5589694472459","11.9400335489317","10.9631204288892","10.8424268302584","11.1902122139213","11.0397278731378","10.5782269096592","9.75802182789725","9.21926605977546","9.12306677156224","9.07153443538325","9.41606844243857","9.14873784138664","8.97285060499681","8.82000641963962","8.88986002038812","8.92930910000928","9.13061824837196","9.11365816063199","8.70916913809208","8.35387393135939","8.70220665246492","9.54894222637313","9.10291231352201","9.04214126323094","8.75115166322081","8.62201287344309","8.45470264297019",
"IDA total","IDA","Agriculture, forestry, and fishing, value added (% of GDP)","NV.AGR.TOTL.ZS","","","","","","","","","","","","","","","","","","","","","","21.0801863477191","21.6506198054824","22.5424049846133","23.9936830481002","24.1021824685761","26.9998868358429","28.4354580400565","29.8064256311702","29.7895104575664","30.0234011346038","30.9109765155239","28.9037004103107","27.5770012968263","27.8802576520112","27.5426787094281","26.639896038298","27.538839478089","27.4994550827105","25.7178705903445","24.5794737699156","24.3735136447658","25.8050664809089","24.9678289941098","23.1840836538443","22.883224067406","22.071102469722","22.071728200604","22.5518136827417","23.1221360834237","22.2767257868263","21.5715462198755","21.435789076374","20.7078329251404","20.3718983041989","20.5828426689903","20.2512176952566","19.7597296697115","19.2742247961199","20.4656963208239","21.5505817445493","21.570284943934","21.2920981958582","20.814967465541","19.9146012896829","19.5647944983358",
"IDA blend","IDB","Agriculture, forestry, and fishing, value added (% of GDP)","NV.AGR.TOTL.ZS","","","","","","","","","","","","","","","","","","","","","","16.0246035867468","17.315709675603","18.4029338278251","20.7115307555474","21.1293180980061","21.5849840940585","22.3853527750933","23.6293925406559","23.5219176057818","23.3476282311309","23.181377575591","23.0276754877048","22.4487673598621","24.2926864265623","24.1962984091525","24.135803569642","25.3372394393091","25.8544397716732","23.727913342136","22.7848296289271","23.1421746006566","26.9871835554448","25.618723502208","23.054321121023","22.5689387360366","21.5698952970107","21.3782072763031","21.8228829972679","22.1584413878596","21.7144745731981","21.5191041608217","21.1137466316181","20.4973038338611","20.1278189447745","20.8239650761553","20.7454007397117","20.0015660060458","20.0448829483637","22.4818336864313","24.2034271781016","24.4489279338128","23.7233701136302","22.8822988038408","21.2265150972231","20.3001228835341",
"Indonesia","IDN","Agriculture, forestry, and fishing, value added (% of GDP)","NV.AGR.TOTL.ZS","","","","","","","","","","","","","","","","","","","","","","","","24.1049192918087","23.456098917004","23.767641320597","24.2534416295532","23.3269453094893","24.1215919518553","23.4255287714725","21.5487236013603","19.661807287925","19.5214104727292","17.8798444276384","17.286262325045","17.1383462031211","16.6723873758844","16.0921102228181","18.0828529531935","19.612676402133","15.6787044387708","15.9949177621389","16.3196689664379","15.1853482186248","14.3357802955642","13.1266186400506","12.9738027192484","13.7166831034562","14.4817402607761","15.290148146172","13.929212707137","13.5122870743946","13.3739742350727","13.3566991621949","13.3367549992146","13.4926435578886","13.4787485470271","13.1566308462661","12.8084975586902","12.7126026577522","13.6984142796138","13.2801691376596","12.3996501634108","12.5294431866213","12.6097220294251","13.0995463199278",
"IDA only","IDX","Agriculture, forestry, and fishing, value added (% of GDP)","NV.AGR.TOTL.ZS","","","","","","","","","","","","","","","","","","","","","","","","","","","","","35.7997485332236","35.7035604910543","36.253684969753","38.05630536136","34.804031063296","32.7384669443567","31.5307116505578","31.6278501958059","29.8634176556433","30.233380464909","29.2881207685627","27.4959400904942","26.2374942086354","25.5328174587316","24.6526168677515","24.3179148118549","23.2981578290028","23.1925101513783","22.6208011676924","22.8082216101518","23.2946849559375","24.0371639970077","22.8263984316886","21.6279500853994","21.7835298214169","20.9358090450188","20.6405989403349","20.3286057529923","19.7921045436948","19.5532914831517","18.6037723012045","18.4257732636953","19.0852922206376","18.9173944303681","19.0962593675419","19.288192998443","19.23625724219","19.2349209919111",
"Isle of Man","IMN","Agriculture, forestry, and fishing, value added (% of GDP)","NV.AGR.TOTL.ZS","","","","","","","","","","","","","","","","","","","","","","","","","","","","","","","","","","","","","","","","","","","","","","","","","","","","","0.642657103075182","0.596599796488864","0.446094368875088","0.472320117585132","0.590100696950693","0.400506349187324","0.410935899164255","0.316670665474295","0.372633924187371","0.337744275420086","0.372466783015541","0.372599048577164","","",
"India","IND","Agriculture, forestry, and fishing, value added (% of GDP)","NV.AGR.TOTL.ZS","41.7413351234112","41.0924821982676","39.0659687962891","39.825351677532","41.3437167110651","39.3846972550148","40.3516512369392","42.7515580248472","42.0860273767475","41.5849235838776","40.2896134622547","38.6333911913009","38.6268263019613","41.6038246201552","38.8780587034235","35.9969148408834","34.3120367117561","35.777144264307","34.2739627109778","32.8255300200485","34.4088678062413","33.2976974188253","32.3267496865056","32.6065348775622","31.3805304117853","29.7181383564993","28.6411462697276","27.9723784011745","28.7698223693608","27.8396057996888","27.5848881365411","27.6627054102247","26.8969194477949","27.0545587671255","26.519937575032","24.4575477898552","25.199306058679","24.248674505748","24.180451549085","22.9725618865025","21.6110620465121","21.6188848861438","19.5345432709546","19.5919979784251","17.8146906487994","17.6202069548839","16.8094420944381","16.7501197597569","16.7909423598037","16.7442701563161","17.0265090136912","17.191973558015","16.8453770661356","17.1484235433697","16.7919345145039","16.1745081068401","16.3638005616331","16.5583314049368","16.031630686449","16.7555683032837","18.6685376603727","17.3725615260314","18.2106659929942","17.6565389328245","17.5735799524173","16.2342483910129",
"Not classified","INX","Agriculture, forestry, and fishing, value added (% of GDP)","NV.AGR.TOTL.ZS","","","","","","","","","","","","","","","","","","","","","","","","","","","","","","","","","","","","","","","","","","","","","","","","","","","","","","","","","","","","","","","","","","",
"Ireland","IRL","Agriculture, forestry, and fishing, value added (% of GDP)","NV.AGR.TOTL.ZS","","","","","","","","","","","","","","","","","","","","","","","","","","","","","","","","","","","","5.58019048648672","4.69011481893998","3.90674426489094","3.47535460725289","2.57229167369639","2.50492903890048","1.99385983232223","1.7353084894094","1.48000381983801","1.57408727204836","1.03354966551094","0.921152718855531","1.04322286551282","0.850028643552735","0.557956348121","0.955429971049666","1.20481169133057","0.98628534243733","1.07000530417849","1.21732475012945","0.86869465225802","0.925941331563359","1.11981590911886","0.928168981879793","0.953896616119834","1.00897235932956","1.03312440304987","1.17281530326124","0.846910710164401","1.02114448018423","1.05705676036934",
"Iran, Islamic Rep.","IRN","Agriculture, forestry, and fishing, value added (% of GDP)","NV.AGR.TOTL.ZS","25.9006015322399","24.9025684268259","23.827496408575","22.2572181405255","20.7660664995727","18.5956166107177","17.4418187758515","16.5158861435938","15.853614366579","14.4973996185315","12.9909105502266","12.712702516979","11.9544005362624","9.86877569511489","6.9328248557647","6.67228101586501","6.48704874448283","5.66536824448606","7.46228323211957","8.57191827498058","11.0604635849105","13.6941482462101","12.7741774073033","11.0571291764366","12.3078856376355","12.7705211481195","15.2280294509587","16.3027843168373","15.3850143787075","15.5768192258942","12.4908605575991","12.0142415524232","12.0543300718568","10.3983707071378","10.5515623445808","12.6102361431141","10.3464772313477","9.81269950030608","11.5550578925548","9.91498621545228","9.06841932703815","8.31084200246599","7.82554689747938","7.45109456120201","6.88957846945821","6.50138220908685","7.11821124095933","7.18556823147499","6.12277259111112","6.9244896148629","6.49939072557201","4.64211620456629","6.79693716710654","8.77490977276026","9.37842415684426","10.0916014141126","8.44788029281743","8.49044927227644","9.63092024660805","11.8081014676882","11.6933506979702","10.6344854027271","10.6950417706195","10.750872506583","10.8003685937198","10.5944482254371",
"Iraq","IRQ","Agriculture, forestry, and fishing, value added (% of GDP)","NV.AGR.TOTL.ZS","","","","","","","","","16.2300628322861","15.0251349841743","16.6055124157351","15.7933255269321","18.9923329682366","13.5416666666667","8.1860683936605","7.8403744055557","8.18233835590311","8.50773275067427","7.84523300555793","5.47854430833154","4.70429340485838","8.42080215741744","10.299889104737","11.2003803185168","13.3455662536338","14.3906793322586","14.8355173355173","14.3107954545455","14.5855847510833","16.3961015097095","8.24886234611499","15.6156658406279","19.8705741718241","15.5027143118743","20.1121034238266","20.5851365851446","18.5970823288736","8.4566018849353","10.9097070962474","7.20350392397431","4.63474550697269","6.9309570545315","8.5626717122094","8.40560829262466","6.93856130624701","6.88686273542446","5.82603290514173","4.92949827595085","3.84778019548826","5.22993319137947","5.16228354680036","4.56377343749618","4.12427143758484","4.76843971585529","4.92940777204755","4.19186817517212","3.97718981146129","2.97672780101335","2.81581764320492","3.77000825306199","6.08867414692412","3.27919752953038","2.05870621388374","3.10603121448412","3.39457505861722","3.41368848141125",
"Iceland","ISL","Agriculture, forestry, and fishing, value added (% of GDP)","NV.AGR.TOTL.ZS","","","","","","","","","","","","","","","","","","","","","","","","","","","","","","","","","","","","9.12838943790143","8.90792897956373","7.93061959786854","7.97752681820503","7.49142130179857","6.88831030553847","7.38475678158897","7.40410685574256","6.34802769431979","5.22712887100887","4.65914418730598","4.71216540055294","4.14422017475605","4.84499076014344","5.59973924229062","6.30607576724851","6.80354686881859","6.78778087975117","6.04859910943695","5.2481645293506","5.38208899929138","4.47135515188719","3.75031988716598","4.16468316974913","4.42492787831943","4.79261696705132","4.41052130328966","4.20588929303782","4.3005455805291","3.54137501752702","3.65415170778729",
"Israel","ISR","Agriculture, forestry, and fishing, value added (% of GDP)","NV.AGR.TOTL.ZS","","","","","","","","","","","","","","","","","","","","","","","","","","","","","","","","","","","","2.05380335048029","1.9086393501913","1.81548236065463","2.00759206970054","1.74308903703751","1.53950194936894","1.76536948210236","1.8235929215393","1.71700755496317","1.62732842646118","1.8909166326078","1.83070715651626","1.75759805162562","1.81893085102566","2.15055287894338","1.83828057709311","1.85284294203979","1.49484781325948","1.5233149487473","1.39092717696261","1.42574237362895","1.45872080858947","1.44031962010396","1.39351241557999","1.35332886174885","1.37217783069975","1.33051800415199","1.18596323576565","1.39228590650126","1.28513289583824","",
"Italy","ITA","Agriculture, forestry, and fishing, value added (% of GDP)","NV.AGR.TOTL.ZS","","","","","","","","","","","","","","","","","","","","","","","","","","","","","","","3.17863301808926","3.23538616255156","3.11425048353394","2.99504807113879","2.98808942565623","2.97421286113196","2.97232514692978","2.85874715868517","2.76539863771239","2.71812731131433","2.55763392992713","2.4818910807856","2.36532442144257","2.35238168739719","2.34229627595505","2.03006110909468","1.94158568418969","1.89414967924379","1.87300893559166","1.80208177882956","1.76928173132246","1.84910093882918","1.90886941227517","2.05779366637333","1.90848213125891","1.99152552817849","1.84915248302101","1.89343264776643","1.85755612561626","1.81866879873849","1.9280162015612","1.83339290794707","1.89037175125669","1.8596431753596","2.00789616423237","2.06549575303668",
"Jamaica","JAM","Agriculture, forestry, and fishing, value added (% of GDP)","NV.AGR.TOTL.ZS","","","","","","","","","","","","","","","","","","","","","","","","","","","","","","","","","","7.64724952476385","8.5065104238843","8.59708931074463","8.00341035786896","7.63385216493667","7.17123535052869","6.67959721253552","6.23190015732816","6.12073592592505","5.5443040664747","5.2138620043709","4.98216525525125","5.18624085360629","5.15582607453948","4.61760640988582","4.89912215623133","5.47226787895058","5.26899732039303","5.64728677796925","5.77144048591992","5.97047963265033","5.97248983885497","5.85612196392822","6.09832325620201","5.91066469479472","5.90087317528371","6.30529102020964","7.72056947491963","7.38278062941281","6.79979684725228","7.78255886920727","7.96875195089791","8.74303657894802",
"Jordan","JOR","Agriculture, forestry, and fishing, value added (% of GDP)","NV.AGR.TOTL.ZS","","","","","","14.1456582633053","10.0425531914894","15.7358156028369","9.68063872255489","12.5","10.7705779334501","12.3864574731627","12.3224431818182","8.06191551112544","14.8301788955146","6.92819454003212","7.475317348378","7.6332560834299","9.68188105117566","6.26972010178117","7.14224396943944","5.50876708546182","5.62996182049573","6.15134893093026","5.11598680421009","4.91728407591596","5.10153983485829","5.89058468535444","5.85631596867552","5.47103689960833","6.88131541776828","7.2447599729547","6.84134721914469","5.12820512820513","4.42705345053129","3.68634271533714","3.22909031680104","2.88673038366457","2.57941459588577","2.00578024678539","2.01543667794689","1.9532661816239","2.19163968207242","2.46655691894808","2.49786797513256","2.75835798153626","2.58350975139105","2.53146818560253","4.1497532688884","4.42207373381623","4.97053082877959","4.59269751586294","3.97973556725392","3.97733734427352","4.24636795376777","4.43181485575889","4.64825852368191","4.56751477814013","4.46958792425547","4.39686183197217","4.73287537525391","4.82885342865116","4.76761883150185","4.95629590864962","5.24177916006358","5.56169367394688",
"Japan","JPN","Agriculture, forestry, and fishing, value added (% of GDP)","NV.AGR.TOTL.ZS","","","","","","","","","","","","","","","","","","","","","","","","","","","","","","","","","","","1.79866740812433","1.57754581279154","1.57804096055877","1.43902367717129","1.50363332498932","1.45485802379336","1.38720503030209","1.26721780448523","1.27479663435206","1.20761175062494","1.1538358664365","1.04909848652326","1.03356481909702","1.01665328916647","1.03017612646277","1.07479207956878","1.11140166338783","1.10595400106158","1.13661659778411","1.07559314069116","0.991053653091654","1.0203205987902","1.10437494356716","1.10813828591854","1.01125619011391","0.981152004588712","1.00457628073053","0.938649382602401","0.848657019671377","0.825345395457711","0.958270395726444","",
"Kazakhstan","KAZ","Agriculture, forestry, and fishing, value added (% of GDP)","NV.AGR.TOTL.ZS","","","","","","","","","","","","","","","","","","","","","","","","","","","","","","","","","23.3416252072968","16.4384453031802","14.9475474934635","12.3293860124829","12.1521551443733","11.4067790275051","8.56579510270654","9.88634864043421","8.11078388505165","8.72483186377084","7.99590909279888","7.86220602699238","7.12295798751998","6.36952301555866","5.49583486199441","5.66029151907027","5.31580324655219","6.14688498650048","4.51052752955614","4.9889741557576","4.28833015629833","4.50354556962711","4.32955246164473","4.71054741881579","4.55600427070659","4.51698454026741","4.39585810287636","4.46633595812751","5.3912826934481","5.03000193996331","5.24714480730074","3.82500311361663","3.88229151651226","3.7437914177142",
"Kenya","KEN","Agriculture, forestry, and fishing, value added (% of GDP)","NV.AGR.TOTL.ZS","35.3474135345391","34.073102243936","37.574194883491","38.4498114224708","36.8320801767525","32.4186398481032","34.7078582943185","33.6574284416174","31.7057022262683","30.8975712777191","30.16973422275","28.1622949271027","32.2109354238639","31.8774962996698","31.2991420759876","30.1729756831286","33.3269159328564","37.0068283241034","32.0642230927976","30.1862501072869","27.7907613507416","27.8734520123839","28.9666010892868","29.8687559836265","29.5098977394204","28.6062318225284","28.7775774262261","27.1716538650978","25.5402040600799","25.9638119035868","25.3141333603755","24.3201481720275","24.781287223819","26.8080134088411","28.1153566812096","26.3496195621312","27.4925217805866","27.6939373994727","27.7449136009738","28.7440796130558","28.7217806412905","27.8492601112896","25.8539676039456","25.8044393708329","24.9290410875057","24.2362747002419","20.5196878049409","20.5866644602991","22.1963401579826","16.2549814662286","17.5677598863696","18.8947112249953","18.8297259329446","18.6165515854622","18.3478393393556","19.4696147780528","20.0345164328349","20.8936374065292","20.314910419968","20.8611638110686","22.7027261604451","21.4770750957252","21.0361920649933","21.4522060902205","22.4419960332165","23.1599874772131",
"Kyrgyz Republic","KGZ","Agriculture, forestry, and fishing, value added (% of GDP)","NV.AGR.TOTL.ZS","","","","","","","","","","","","","","","","","","","","","","","","","","","","","31.0850439882698","32.8","32.6635514018692","35.2767567567568","37.2650748684743","39.1058322595103","38.3644502129925","40.6816928975355","46.3176248862145","41.1876085603392","36.0552815273804","34.8816264565895","34.1877085637959","34.5410003586728","34.4047962763445","33.6222526391595","29.9044500994693","28.4832783609781","28.6802911420992","26.8802101795871","23.4855331532901","18.7607374707352","17.4482561772443","16.56531665018","16.654196378216","14.6378725497812","14.7186631194877","14.0607643300857","12.8344731564928","12.5145788958853","11.6752864842384","10.3739026248931","12.1696556730884","12.4122330298243","10.9968056651977","9.49216108207808","8.6216835341199","7.99943573872639",
"Cambodia","KHM","Agriculture, forestry, and fishing, value added (% of GDP)","NV.AGR.TOTL.ZS","","","","","","","","","","","","","","","","","","","","","","","","","","","","","","","","","","45.2943821816409","45.5577095437597","47.7245602129901","44.4630795625178","44.4472126770339","44.4799589633803","40.903852994265","35.5277357364566","32.9653772534886","29.6110046760937","29.4743795697528","26.6286627547039","27.4457888917427","26.2857429362019","25.4656283422573","28.0340869915092","28.0893239418879","27.8742916555508","28.0358544598065","26.7953499375283","24.447155140413","22.1938152404445","20.1408488554582","18.9079815555917","17.8681771583586","16.4979479082228","15.4385065177157","17.0396522911435","16.9044143710096","16.5440859884848","17.0784472455351","16.576872609135","16.1106828275296",
"Kiribati","KIR","Agriculture, forestry, and fishing, value added (% of GDP)","NV.AGR.TOTL.ZS","","","","","","","","","","","","","","","","","","","","18.36896780815","12.1444612426839","12.3112421088069","9.32604373023206","13.9264556067458","21.7141563679479","14.0750626585133","9.08043031603626","9.11710830119408","16.885438085602","12.5744134563317","7.08987114098308","9.50670511651096","38.9224360321798","36.918823274291","36.0875538352505","34.7045779716184","31.9681777526715","29.2423175472412","27.5147814856127","26.8650452280091","21.4337071242658","22.5615831817997","21.5198283356643","22.0411967073946","22.613067101907","19.9785440818543","21.6296437311933","22.6952534039334","24.6515263462685","26.6757133740491","24.656994278618","25.7140796838501","25.2322527301857","23.6658906066429","25.295949931433","22.919663600839","27.0676818963115","31.0106872852234","26.7699361022364","26.9900320512821","26.9632710280374","24.6990263157895","27.9577956877189","26.9850960163305","23.1655122114262","",
"St. Kitts and Nevis","KNA","Agriculture, forestry, and fishing, value added (% of GDP)","NV.AGR.TOTL.ZS","","","","","","","","","","","","","","","","","","10.462793407691","8.63115306810519","8.04431296028199","8.42350140662194","5.77380952380952","8.15465426677","6.30968622100955","6.64838673327574","4.93126918457227","5.84667705824005","5.91095959089542","5.44319814699637","4.25163524432474","3.49982952608251","3.78698821079502","3.98458173363721","3.85317493751229","3.23365916705357","2.89694119870985","2.78267620473576","3.0509044848197","2.26454883145024","1.75160252026516","1.54557603038402","1.73631881012044","1.78559043163971","1.78005018226578","1.78207404484777","1.66096991437951","1.18856039358131","1.15524939953897","1.22394357477247","1.12219809235891","1.26846576046116","1.33469179826796","1.16601837961175","1.08373424583277","0.937876842883261","0.848520023215322","0.789799919806063","0.902993860903204","0.916165522176504","0.899635933284524","1.12671217092169","1.23971220042445","1.18610039775686","1.3967146856778","1.28792753551453","1.28963007238327",
"Korea, Rep.","KOR","Agriculture, forestry, and fishing, value added (% of GDP)","NV.AGR.TOTL.ZS","36.4433811802233","38.5275668537471","36.4625850340136","42.8982725527831","46.2945527908541","37.2848948374761","34.1529291235913","29.9652620450083","27.9409178828908","27.1790275599373","26.2529240802439","26.8591829096249","26.1920752182673","24.2691937038227","23.7813075735697","24.1012232701466","22.6842907289994","21.4383938393839","19.5864232297631","18.2173789018165","14.0134179707793","14.7399380927344","13.7157448672924","12.3484864829878","11.591774694698","11.459729499208","10.1421823357243","9.03376241735075","8.94608992796421","8.28582541925295","7.3703296267378","6.6108481630821","6.39343884562561","5.71617557373334","5.46623009138263","5.14247310460648","4.78808842771626","4.32014515559267","4.0694024949222","4.09278363799982","3.70634774761496","3.42658775190792","3.08041288429997","2.84536325210175","2.83577440437347","2.50593990708172","2.3878051747446","2.17912737068276","2.04179163138255","2.13804528061097","2.0444228836758","2.10765665250747","2.08215187594443","1.99508166521127","1.95176665660859","1.89858430952633","1.73945648142804","1.71494254133381","1.59932774432361","1.50689433955588","1.57795135359259","1.66515978191584","1.4483461547482","1.44773871445502","1.45825105459538","1.46427275259293",
"Kuwait","KWT","Agriculture, forestry, and fishing, value added (% of GDP)","NV.AGR.TOTL.ZS","","","","","","","","","","","","","","","","","","","","","","","","","","","","","","","","","","","","0.419034003376921","0.394523337328059","0.395364245603745","0.446468095870486","0.427494901687078","0.355219830082193","0.446728971962617","0.516824849007765","0.454889536839744","0.404756603698185","0.301358018412085","0.236515719642342","0.213317127370276","0.160020999601209","0.262327765426512","0.451728985475114","0.438835825324165","0.359874300848834","0.355177608949371","0.450636106109894","0.537729008869637","0.518592131185869","0.525092139249465","0.44590687116951","0.370434138380291","0.496326689989677","0.473024818982534","0.402460238899801","0.468514016254576","0.490910108743826","0.530516126274945",
"Latin America & Caribbean (excluding high income)","LAC","Agriculture, forestry, and fishing, value added (% of GDP)","NV.AGR.TOTL.ZS","","","","","","","","","","","","","","","","","","","","","","12.0296784075238","9.88507546598795","12.1642345493966","12.6431802649711","12.1839440997724","12.3446050452635","11.4847404817387","12.0792879265016","11.1836131862178","10.2404080289663","9.75969273163524","9.20582454885089","8.21871079043955","8.95957095018966","7.45578947365469","7.37093154207554","7.06024619665922","6.88528478356878","6.33873198529238","5.81734716042721","5.63989962772673","6.22342531939216","6.72423228534513","6.35219726966851","5.75496008401874","5.43472764875982","5.59382671086598","5.66407546077912","5.48203845331775","5.43607529021113","5.68974318468532","5.34220553471562","5.66737321044459","5.69353474481395","5.72486706104119","6.34129682901385","6.00312797188815","5.79507299013911","5.80676372503161","7.05518841796592","7.5167403373471","7.12429004348639","7.05227462957829","7.05531152921642","7.31725688942987",
"Lao PDR","LAO","Agriculture, forestry, and fishing, value added (% of GDP)","NV.AGR.TOTL.ZS","","","","","","","","","","","","","","","","","","","","","","","","","","","","","","47.4915072485295","46.4688634742615","43.9597849289897","46.7255908925821","43.4169170590763","44.0851035404577","42.2262355997899","40.4982887775844","51.8527062375068","33.9387656658138","34.3119793661779","33.6302510315937","32.6831929428473","33.3863040963517","32.0861145753545","30.5213475173909","28.2951353434837","26.7296699146578","25.788148677301","24.1764814314586","24.2053770855586","22.5957941345194","20.7912551864005","18.5484865737637","17.9304984280697","17.8487917824206","17.5877596970627","17.2301765948066","16.1997598561979","15.7091868201084","16.0503390570341","16.3377623592616","16.0676970155249","14.8688822282276","16.1390568351887","16.771883812878","16.6175844045764",
"Lebanon","LBN","Agriculture, forestry, and fishing, value added (% of GDP)","NV.AGR.TOTL.ZS","","","","","","","","","","","","","","","","","","","","","","","","","","","","","","","","","","","6.46664063418966","6.79485642800601","6.18307844332752","6.70515463917526","6.08818692875445","6.19685009342943","6.23750960799385","5.86311872815425","5.66292601828761","5.48637489677952","3.82091029633439","3.57963505822563","4.46973485890735","4.89276661829071","4.52188617992645","3.95087208611483","3.86195936751946","3.80460970714467","3.76453077704882","3.9553991560217","4.02280590517852","3.28466326670943","2.72714945763945","2.79291148520091","3.23189728304163","3.16909985150245","3.07825000560689","1.40016561487545","1.1895732629522","0.966455367369224","1.04505447197468","",
"Liberia","LBR","Agriculture, forestry, and fishing, value added (% of GDP)","NV.AGR.TOTL.ZS","","","","","","","","","","","","","","","","","","","","","","","","","","","","","","","","","","","","","","","","","76.0745423340961","76.533587196468","79.0423624595469","72.2403877005348","65.0474024526198","66.0327291886196","63.8180250223414","65.5981500364166","65.1745654692932","58.0357466063348","35.9187137137137","35.9187155963303","35.918715839654","35.9187140392662","35.9187165881502","35.9187142712518","35.9187135102446","35.9426159185731","35.4966999096751","36.4371513224574","39.2922850706535","37.4176168027237","36.2030463526172","34.5650022779043","33.8327264558714","32.6538305659641",
"Libya","LBY","Agriculture, forestry, and fishing, value added (% of GDP)","NV.AGR.TOTL.ZS","","","","","","","","","","","","","","","","","","","","","","","","","","","","","","","","","","","","","","","","","","","5.18529909272643","4.09220701963117","3.34262291274763","2.51001097978428","1.51764483817067","1.54141662252696","1.38365254109486","2.15806763082219","1.79953001101668","3.05766833710666","1.81559365235981","2.41548515289585","3.51667860719144","4.3862973349324","4.61177989572916","3.87477645520451","3.66012922036917","2.04201619232517","4.326770152924","1.9292341608539","1.68643769937353","1.7692779613025","2.39197609901835","1.50083505042772",
"St. Lucia","LCA","Agriculture, forestry, and fishing, value added (% of GDP)","NV.AGR.TOTL.ZS","","","","","","","","","","","","","","","","","","","","","","","","","","","","","","","","","","","","","","","","","","","","","","","2.98042746454348","2.91458779159669","3.58977133209373","3.64863368192877","2.69060872867551","2.34543994710244","2.36885770168429","2.62387744085513","2.21690522571356","2.15259095649537","2.07707722588586","1.56172395644149","1.62887405698184","1.73660334561951","1.95682332611288","1.63301662707838","1.60927247473538","1.25466516976667","1.45012013250117","1.65774357258379",
"Latin America & Caribbean","LCN","Agriculture, forestry, and fishing, value added (% of GDP)","NV.AGR.TOTL.ZS","","","","","","","","","","","","","","","","","","","","","","11.3791179931714","9.45372935920394","11.5016786052393","11.947666989746","11.5305704806628","11.7376313191444","10.9708084975641","11.4766282386473","10.6770218098898","9.79757522609495","9.38976435034863","8.90663476635906","7.97033143591234","8.63277306176358","7.28283210066582","7.10553732926061","6.81042013393978","6.65774423457171","6.10949179186426","5.62235467656667","5.39276893947542","5.8960750232427","6.34030202650753","6.00979637308825","5.48992134988217","5.22547127807961","5.36019597772769","5.43563586666737","5.27600883371121","5.24016881547293","5.48831834258784","5.14706626111213","5.44007692843818","5.47626417940199","5.45990415723778","6.02229541720049","5.72838550424505","5.51273585724004","5.52126276894198","6.60494178675281","6.97104491966647","6.6316816070359","6.57696085107267","6.60153563787814","6.7997807517952",
"Least developed countries: UN classification","LDC","Agriculture, forestry, and fishing, value added (% of GDP)","NV.AGR.TOTL.ZS","","","","","","","","","","","","","","","","","","","","","","","","","","","","","","","36.4245061346368","38.6590765824809","34.8627232046892","33.7845723067283","33.1612825955911","32.9477815891138","30.3070366108981","31.3779211938346","30.3708773904354","28.826833396226","27.0998677166406","26.2284711051437","24.751702163837","24.3724732173929","23.1978662166164","22.6924363845561","21.7357234349877","22.0629001514584","22.1486672843205","23.5442049531776","22.8735385266982","21.1458209884526","21.2335482205518","20.6843442442945","20.5751894824464","20.913060446077","20.8096891320239","20.3318010738752","19.1243538380911","18.8842248825387","19.8495373819557","19.5930222565458","19.6814286845797","19.9937628760641","20.124774227691","20.3933583536226",
"Low income","LIC","Agriculture, forestry, and fishing, value added (% of GDP)","NV.AGR.TOTL.ZS","","","","","","","","","","","","","","","","","","","","","","28.7345849105518","27.9225558901534","29.1846011768314","29.2118978304159","32.199526508467","32.9507050895223","35.2060798751457","37.9172567361005","36.3159127969559","37.2690786947865","40.1137227289467","36.4645639460721","34.0536687888939","33.829598330303","34.4396115402856","33.4149006087632","34.0632045725619","34.0832154002149","30.9066858275128","28.450652850329","28.5102624749352","28.1367359006842","27.4204958860099","25.522766281097","25.4645838030869","25.1491473683249","25.3875681436475","25.6232687544677","27.4890880344547","25.9033047659995","24.3700524002938","26.0764131625149","25.4773735886302","25.5041989761456","25.6243265627246","26.9001626870851","27.5511199707197","25.8015332880884","26.2461982939117","27.1388583944808","27.0426522498381","27.7742453079992","28.3660307876727","27.9275234929504","27.232680454873",
"Liechtenstein","LIE","Agriculture, forestry, and fishing, value added (% of GDP)","NV.AGR.TOTL.ZS","","","","","","","","","","","","","","","","","","","","","","","","","","","","","","","","","","","","","","","","","","","","","","","","","","","","","","","","","0.115518531775731","0.134897728698707","0.139045930996547","0.139140766681258","0.211170416188623","0.161805584367091","0.169219054065488","0.159394839929758","","",
"Sri Lanka","LKA","Agriculture, forestry, and fishing, value added (% of GDP)","NV.AGR.TOTL.ZS","32.1041969304128","32.9099504436364","31.0925225394548","32.3497414386345","30.9623853971513","28.5648868629391","28.6826528487466","30.0772317915237","31.6278697704796","29.3232354681488","28.7677688451405","27.5239552170819","26.7386974945891","27.6691571451858","33.5287234613605","30.6494282989051","29.3206117240009","30.9778232235559","30.7851856463143","27.2362996888541","27.8179872683271","27.9615910475854","26.5994501995203","28.4760071964869","28.8564893174457","28.0574636126251","27.4549968067798","27.3022899310198","26.6836234329811","25.9559828517097","26.6849955743604","27.0879705649331","26.1223611336451","24.8807033118813","23.9738394947883","23.1401230659566","22.5390632811198","21.9486006411524","21.1644905234453","20.7284809437567","19.9273150418722","20.0666052033611","14.2793225360883","13.230514884212","12.5438041438828","11.8194768226447","11.3362802346632","11.6831643328505","13.379200767591","12.691971303497","9.04833700695796","9.53315934995748","7.91028886801456","7.9246041166418","8.08070792377259","8.21693887934065","7.26171847766503","7.43067877940601","7.5920639513666","7.2562466999024","8.25132326034921","8.78994016441411","8.4479528697634","8.04312180256758","8.37364946905484","8.36247166017662",
"Lower middle income","LMC","Agriculture, forestry, and fishing, value added (% of GDP)","NV.AGR.TOTL.ZS","41.4624326650756","41.0609434619877","39.1534966509962","40.0240313955576","42.1366196559307","40.9562465770044","39.3771404800137","41.6715505779753","41.0649238628069","40.6032175261796","38.5896335780038","37.8921295214247","37.0355830069734","38.5179233320272","35.1814482180585","34.4902564605835","29.8703714502705","31.1086927479651","31.1154014730724","29.2316644037313","27.8824339796385","22.9903304683762","23.1780812559091","24.2944827393889","24.5260400600446","23.7945389997976","24.875131313906","25.5583033522051","25.9880956272719","26.0084806980155","25.7109808207362","25.2045776314764","24.1916693084663","23.7906649998331","24.3610310794475","23.0888623218278","23.8441578119043","23.3867920505267","23.2481439020718","21.2383944019663","20.0078685859782","19.9035033850706","20.290982379506","20.405942685981","18.6794012069348","18.1710901989306","17.3962785980147","17.1399960089462","16.9511926225521","17.0507942375692","17.082047846996","17.5683303530714","16.904492480284","17.3934867886846","17.3332978596723","17.5679575496138","17.5395936534184","17.4142982931542","17.0856907490518","18.1893980461729","19.7882693624988","19.1305468479012","19.2211743001237","18.6521003021245","18.3205620110468","17.7558923241116",
"Low & middle income","LMY","Agriculture, forestry, and fishing, value added (% of GDP)","NV.AGR.TOTL.ZS","32.0238504150397","35.2248285117361","35.1021334907532","35.1955361259709","35.3690824223963","34.6815530997744","32.9873167838244","34.0353422592453","33.1896811287454","31.6011260762252","30.3280330302364","29.2086841963363","28.1843155710405","27.677032766703","25.4235938298435","24.6746367919011","22.5150019405135","22.2666708187392","21.0072943639662","20.8190617097842","19.0164661099028","18.0637796514636","17.5807174668613","18.8049827612804","19.0554426565205","18.7774634674708","18.8587291680085","18.5647610707693","18.7837751971209","17.9881548421695","17.1175044758717","16.8403340639956","15.5609120982027","14.1897018285577","14.3403877441082","13.8367991828919","13.9189987378562","13.2899576991079","13.3520541221499","12.5650690207205","11.5663369413874","11.4760982678152","11.9402191292089","11.808271533435","11.3688843862947","10.5821807685322","10.0463409074975","10.0071184376211","9.99323093226497","10.1650686894959","9.90800659118705","9.76155103064642","9.61758851492769","9.6660423308198","9.60927244645262","9.66793404121943","9.62323828182057","9.22462798861243","8.86446961910973","9.23311915934041","10.1017747784649","9.6391222907474","9.63784798887573","9.33512832895865","9.23109635701583","9.09147722846336",
"Lesotho","LSO","Agriculture, forestry, and fishing, value added (% of GDP)","NV.AGR.TOTL.ZS","88.1846153846154","89.4145098039216","88.1849498327759","83.78125","81.7142857142857","79.2862244897959","55.3543209876543","46.0401606425703","46.4354066985646","42.1710526315789","43.324032586558","27.9440585009141","43.0054662379421","49.5274673008323","39.3939512195122","36.5088607594937","30.7532710280374","37.5844735276621","30.3333477135462","34.2559967253377","22.4361202023207","24.3477690288714","16.6643559432993","16.2586285695451","15.2138507416044","16.0297804134636","15.8366086711025","14.2537475781953","14.0016390042619","12.624628799666","12.1616496818622","7.3249998637437","9.07708540637459","8.33023557219122","8.26243340650866","8.78063229571904","7.68928327922944","7.00319653162587","8.3229928018757","8.78463025395403","7.82713481504646","8.29887058675374","6.39531283270571","6.34688612370652","5.98400675567569","5.67113040473066","4.8427648086475","4.88998680002259","4.8970487478767","5.50352430775727","4.86217527655246","4.54395157549887","4.89530867188129","5.06436346227762","3.9607145663379","3.78190344669127","4.92411763358152","4.9636238571378","4.24977543430507","4.46380208822172","5.30771204408517","5.95625262808585","5.95085393730342","6.66144889853683","6.6239113196142","6.48594639211087",
"Late-demographic dividend","LTE","Agriculture, forestry, and fishing, value added (% of GDP)","NV.AGR.TOTL.ZS","24.7935401116617","33.4661839224954","33.6634256567694","33.3644024699011","33.7606637284207","34.8244053258289","33.5830743496964","33.9673030863676","34.0691021782909","31.2519103601473","29.4831706278205","27.6773122240163","26.670056639089","25.6220604951061","23.366467003975","22.5201613404614","20.7640945578279","18.9214537440582","16.4373327116461","17.3883006770308","16.1713377980874","16.0641100536948","14.7527303356785","17.8193204132783","18.4222162834526","17.4744060027421","16.2864324186013","15.3801824294854","15.2022220406175","14.5774228368891","14.5182074334883","13.7078469560473","11.3861854787684","10.557316576014","11.0785727063083","10.2597373168483","10.2133702092105","9.68510131763837","9.73261529330028","9.77273996956271","8.87672621307616","8.84497887385628","8.69049059639595","8.3677870858642","8.3690497412055","7.35340569829444","6.82524022626059","6.68785808070173","6.77136722271077","6.94240311311946","6.62784582315756","6.66773486273603","6.61539230866763","6.68445169349953","6.63112105477668","6.79231562027912","6.67987014565692","6.24894847726523","5.96070087930059","6.0184543697727","6.68486919642827","6.42148122873313","6.28770648294304","6.06903610765257","5.9773902184033","5.88534753983082",
"Lithuania","LTU","Agriculture, forestry, and fishing, value added (% of GDP)","NV.AGR.TOTL.ZS","","","","","","","","","","","","","","","","","","","","","","","","","","","","","","","","","","","","9.81208235083643","10.8805040140195","9.37590275267037","7.62845477468583","6.3536359420219","5.57351611529396","4.86500650657571","4.76760475898336","4.41639298290057","4.15167623775201","4.32727074499656","3.8728905163979","3.47267609522387","3.28158323801393","2.52928276861212","3.06871518554059","3.51897129368263","4.00007448760216","3.53435810553224","3.4401608409572","3.43671864804715","3.12061896056681","3.54933633712632","2.88685726647675","3.12404744403716","3.53241993914326","3.39405707261599","3.94942094367082","2.49720067319748","2.41608345819694","2.27149750051117",
"Luxembourg","LUX","Agriculture, forestry, and fishing, value added (% of GDP)","NV.AGR.TOTL.ZS","","","","","","","","","","","","","","","","","","","","","","","","","","","","","","","","","","","","0.934627457791923","0.814882740416411","0.711507901512519","0.777303207431242","0.713557132921405","0.596862113649298","0.560278540436588","0.690665537887529","0.464234062791169","0.535432004959881","0.356507251359606","0.311756667166349","0.36322021232561","0.307776449123071","0.233334868942186","0.268409699709087","0.25111528958498","0.28795364886368","0.261907196956465","0.289554289054283","0.223728934771597","0.214197008159042","0.23457255011554","0.233738394048527","0.214828063048275","0.20041631187567","0.194861687098922","0.242167478298755","0.187250952835075","0.209487599715387","0.232212272400724",
"Latvia","LVA","Agriculture, forestry, and fishing, value added (% of GDP)","NV.AGR.TOTL.ZS","","","","","","","","","","","","","","","","","","","","","","","","","","","","","","","","","","","","8.05469632872521","6.92810434504774","5.07165787586923","3.89085062578448","3.7290162891106","4.5495785956353","4.48098729935745","4.62764983903159","4.10241052739919","4.36504580120425","3.86773701723693","3.42315192809587","3.45397603560539","3.09128712531246","3.28684121352283","4.11588497283241","3.77780079362838","3.53285388028976","3.2120869041368","3.61639638963682","3.55445018445087","3.32532538955761","3.62476211824764","3.66104778019513","3.85343444199836","4.0791819421756","4.20672251535361","5.11411038456871","3.93344279418518","3.94823488294075","4.0095997344873",
"Macao SAR, China","MAC","Agriculture, forestry, and fishing, value added (% of GDP)","NV.AGR.TOTL.ZS","","","","","","","","","","","","","","","","","","","","","","","","","","","","","","","","","","","","","","","","","","","","","","","","","","","","","","","","","","","","","","","","","","",
"St. Martin (French part)","MAF","Agriculture, forestry, and fishing, value added (% of GDP)","NV.AGR.TOTL.ZS","","","","","","","","","","","","","","","","","","","","","","","","","","","","","","","","","","","","","","","","","","","","","","","","","","","","","","","","","","","","","","","","","","",
"Morocco","MAR","Agriculture, forestry, and fishing, value added (% of GDP)","NV.AGR.TOTL.ZS","","","","","","23.4450402144772","21.0016488046167","21.7371562013492","22.4222289338568","19.3300503273987","19.939063982818","21.8671878550975","21.2550867423431","20.8261819316586","20.6559332140727","17.8984372854357","19.2534705826801","16.3843170354294","18.9197519672191","17.9166062247151","15.1221436201317","10.6848450965363","12.9155541111243","12.6233838094129","12.1231708808284","13.2909327287831","15.7051106574687","11.7645157681426","14.2034199748533","14.3519017674523","15.0951754132603","17.4994367386153","14.0427572103275","13.0694074271171","17.2595077231236","13.4926498510091","18.4399801016561","14.6341801323036","14.4867902100459","12.4766395275978","10.7286317929553","11.8761776238587","11.8432781663725","12.4918601820552","11.869333718001","10.6988804483578","12.304168098197","9.8752466486995","10.864961794312","11.9650475529562","11.9620812709231","12.0819026098454","11.3297511522793","12.3583661932506","10.3531465249527","11.7961931846113","10.3219651103177","11.1602887992375","11.3055402401365","10.8424017370039","10.6636401420592","11.9779439009277","9.79618893785634","11.1311743840061","10.5673287621047","10.5468998514808",
"Monaco","MCO","Agriculture, forestry, and fishing, value added (% of GDP)","NV.AGR.TOTL.ZS","","","","","","","","","","","","","","","","","","","","","","","","","","","","","","","","","","","","","","","","","","","","","","","","","","","","","","","","","","","","","","","","","","",
"Moldova","MDA","Agriculture, forestry, and fishing, value added (% of GDP)","NV.AGR.TOTL.ZS","","","","","","","","","","","","","","","","","","","","","","","","","","","","","","","","","","","","29.2735097145476","27.484282907914","25.9637937753554","25.7680868456683","24.8810986016861","25.409321530594","22.4200406780956","21.0218294511342","18.3282016003476","17.5867382617383","16.3997954955912","14.4988760781159","9.98297024143739","8.8109341724675","8.49746275029227","11.1612572325879","11.3842525996445","10.4481727207152","11.550361937388","14.0709569584487","12.8212557522034","12.4797438509487","12.1995910772854","10.1468784571365","10.1608126286441","9.36669201380178","10.5865870134286","8.11428000058421","7.08454848490601","7.25493009663921","7.37632402548248",
"Madagascar","MDG","Agriculture, forestry, and fishing, value added (% of GDP)","NV.AGR.TOTL.ZS","","","","","","","22.6753605174868","22.8543291140103","21.870025353717","21.4009527991833","21.858812607697","21.5143466096939","22.2879899628716","23.8785961976107","30.514948787547","30.3553836959504","29.6812630911265","29.3048111448865","28.4791594110254","26.3776609760704","","","","","","","","","","","","","","","","34.9596662452556","33.4308968971502","33.7980682231685","33.2427573029233","33.2796628878081","30.8787172940737","29.8513134115876","34.1425139825593","32.0297909636333","31.4205052808436","30.7627339341287","30.1822717236059","28.0670132910209","27.0525720488789","30.4651481314923","29.0780963483597","29.0502057606452","28.0006123574142","26.4930339794941","25.8453829296172","25.7433543337656","25.1334543599723","24.5501377693098","23.9733833005861","22.9562520100657","24.6929443979329","22.5220913616157","21.608800850098","22.2232371808595","21.9198701119518","21.702530751089",
"Maldives","MDV","Agriculture, forestry, and fishing, value added (% of GDP)","NV.AGR.TOTL.ZS","","","","","","","","","","","","","","","","","","","","","","","","","","","","","","","","","","","","","","","","","","","","5.31119298853852","5.58419942501182","7.72803149964174","6.59515840370508","6.16535560195977","6.87564674670536","5.41948176665845","5.63412062612204","5.385634653611","5.19060478867434","5.41343405241382","5.30718633604263","5.53360361810085","5.62856345772863","5.27109968794242","5.12400558285918","4.49402391073316","7.57494511363438","5.30620393459186","5.06182473582962","5.08184564628541","3.84195892285095","4.59079378253004",
"Middle East, North Africa, Afghanistan & Pakistan","MEA","Agriculture, forestry, and fishing, value added (% of GDP)","NV.AGR.TOTL.ZS","","","","","","19.4340699190235","17.9844817241034","18.2722544433328","17.7692862998675","16.4559148797115","16.2404693499116","15.5512609042701","14.4829363220969","11.2420645277741","7.64019879963593","7.8627649295453","7.44422070786283","6.91286258168651","7.75531923251732","6.7217274806248","6.39095400778452","7.30000556393264","8.42259501008958","8.70434605399079","9.48320641053191","10.3136132570113","12.1031364560623","11.4431658915346","11.3033645426508","11.5314943155632","9.61479798208348","9.83956170508479","9.51345503449545","8.92238077777866","9.47829303253292","9.3297070187881","8.95738327350211","8.42703992064677","9.36012781246751","8.49753851377336","8.11692102884832","8.22141619897715","8.00811106036305","7.68891433087355","7.09797547706396","6.390941031795","6.14130249614606","5.95016062608506","5.37439913259506","6.58057067446137","6.16591947444113","5.68684771462381","5.75406094884438","6.05054177578052","6.16672560074889","6.90337577467098","6.76743026386812","6.49815146197961","6.19895409155723","6.23305574010566","6.90755425059028","6.46977114599053","5.89181280820663","6.21898399860624","6.62653827168781","6.77268342018962",
"Mexico","MEX","Agriculture, forestry, and fishing, value added (% of GDP)","NV.AGR.TOTL.ZS","","","","","","13.1492307692308","12.0930592105263","11.746234939759","10.9207901907357","10.447684729064","12.1205630630631","12.0029591836735","10.9473451327434","11.5307380607815","11.4785555555556","11.1387545454545","10.617928519329","10.5159707950243","10.2694822421908","9.18270860495437","6.31871398387393","6.35981539364346","5.37348336021189","5.93524864587753","6.4220113089397","6.53972544325482","6.80768493803202","6.41647220501225","6.47809392465106","6.45259844953101","6.66709637889891","6.49698974856723","5.99898080999225","4.7941502047762","4.36384873906729","4.13057188689796","4.57994422139059","4.21889006310085","3.90764745888672","3.49017753869546","3.1592651345406","3.22549035188036","3.1103617264471","3.20735540642601","3.18594698575225","2.94567227294627","2.94295516133822","3.04186567330375","3.02875898012501","3.10059842139254","3.09200838871919","2.97569483968178","3.04872937167333","3.02454277542456","3.02713651699048","3.08518633863416","3.2462890783797","3.29751177589907","3.29695945141921","3.31502440257968","3.71114888178603","3.78266528622109","3.89806571238006","3.84569758598285","3.86944846371998","3.88408341898948",
"Marshall Islands","MHL","Agriculture, forestry, and fishing, value added (% of GDP)","NV.AGR.TOTL.ZS","","","","","","","","","","","","","","","","","","","","","","","","","","","","","","","","","","","","","","8.62358453906686","7.49646872805503","7.96359308737994","8.0499135742804","7.41498993922688","6.45006062443165","6.86799589715432","7.21851015801354","7.12086956521739","7.06717877094972","7.34398671096346","8.80757162346521","9.57301587301587","10.5856610800745","13.8842716192687","17.8198118428334","15.8570815450644","12.0370967741935","12.4228089275993","12.7276511397423","15.8322414599906","16.2795","18.2091455560326","19.9060380479735","24.7417084696196","20.580387943113","18.9214015151515","19.9359649122807","",
"Middle income","MIC","Agriculture, forestry, and fishing, value added (% of GDP)","NV.AGR.TOTL.ZS","31.8177094897921","35.0451820297245","35.0214211801287","35.4321481451327","35.1714382277269","34.5457908187974","32.8917089110115","33.8713220125022","33.0918548142347","31.5436433941591","30.1524000964993","29.0033728528874","27.911659502342","27.44046756159","25.1087636249018","24.2844298954165","22.0276160081074","21.7805956988758","20.5232342395356","20.4073224722697","18.5815934157784","17.6040380622309","17.1263696179996","18.3404631181691","18.6090772197653","18.2631905965729","18.3155918471903","17.9425511314177","18.0895027534338","17.3156787379887","16.365156007384","15.8837977781751","14.9535058149339","13.6151499204354","13.8463283226187","13.4174074683971","13.5687953118239","12.9197893768947","12.9721518763319","12.2133812311233","11.2017854907629","11.1294707875688","11.5811679037802","11.4626292689299","11.0560483915548","10.2455766983203","9.70896438634372","9.66701132489415","9.64321265480008","9.78472582726529","9.58745514489333","9.49083260179775","9.34699353146135","9.41210502570419","9.3483174116884","9.40313145177182","9.36553288359594","8.96369462249156","8.62528710991263","8.98926635862255","9.85170844186151","9.40003997906267","9.36415394388511","9.05471616242522","8.94344554697354","8.80879104302163",
"North Macedonia","MKD","Agriculture, forestry, and fishing, value added (% of GDP)","NV.AGR.TOTL.ZS","","","","","","","","","","","","","","","","","","","","","","","","","","","","","","","7.16184210526316","10.8429752066116","14.4844107689827","10.0233975543522","10.5767485064935","10.6109414450034","10.6676810008998","10.4323128542443","10.8617164743112","10.5176831159852","10.0962814603895","9.74511971409667","10.1701207745349","11.5387764520235","11.5539948572935","9.73619454882038","8.98936805638514","8.93241688545385","11.4435151485936","10.3701684908181","10.1206048077275","9.35099292094117","9.10471970396591","10.0274760854448","10.1775672771312","9.72691849418736","9.17290831294816","7.87324504211252","8.47039846991427","8.13229139447626","8.56905928759264","7.14748884425831","7.27988785468163","6.2308866977397","6.08292801881823","5.97689638001405",
"Mali","MLI","Agriculture, forestry, and fishing, value added (% of GDP)","NV.AGR.TOTL.ZS","","","","","","","","61.7176160941594","57.8933489721259","56.7747981976955","57.8287725171075","57.0761592826473","55.7948810697223","51.6112822040837","46.0558007728493","57.5093240680927","55.1243391525232","55.177103505122","52.1369270367795","55.0066157800221","46.5851696185174","47.0988374529102","42.3115690242107","36.9595334248958","33.2219906245493","38.1505866552094","37.1907718182775","38.5108571670728","44.5680964287879","41.6965156392993","36.5245208153577","40.5002503124357","35.2930615626831","37.7597256648036","32.913377498658","29.7143406982451","29.3999168145664","27.3448799472254","27.3072930998368","28.0703068625999","26.567426793475","26.4332165256538","27.4767257862718","22.9908148165647","23.7241310013404","24.2687063383404","22.2004702801119","23.3084533868685","23.8672330806163","25.1844479659999","25.9857196705545","27.5615497300786","30.7772665368303","28.4968116057941","29.3244531264164","30.525122276133","30.9987192702461","31.4007766435761","32.4975413984656","32.2682205547332","32.2899608370191","32.0375587266747","32.7176729018653","31.3747850068698","32.59284355623","33.0195835270972",
"Malta","MLT","Agriculture, forestry, and fishing, value added (% of GDP)","NV.AGR.TOTL.ZS","","","","","","","","","","","6.29926533980192","6.40296116677049","6.68666658279359","6.50773458463551","6.49008913075086","5.70930152469792","5.76780358673032","5.52590162282765","4.20351554045841","3.63633558357978","3.48370009964762","3.54037952457118","3.73086698639331","4.20641047312761","4.31157747488979","4.18259970935773","4.09893188670075","4.00948854842351","3.57639972223236","3.42771122516439","3.15176840512303","2.98488319287426","2.76372975029456","2.74297039949832","2.5611093446674","2.25204003789906","2.2377355167933","2.20752272621338","2.32683371411654","2.15757274303104","1.85750895030195","2.17274023971265","2.10568805020165","1.91969374222788","1.84736523257404","1.78755466352467","1.813524220551","1.75516138575379","1.07473996926973","1.33019267705217","1.27165148764665","1.08713374993752","1.0910541183165","1.01983625203559","1.00159746008451","0.941565497029315","1.01031771377506","0.675890607316043","0.621888918723848","0.471910717650196","0.78562042891342","0.886000827253817","0.833481606690094","0.0444448692460621","0.49056261264571","0.469133994108361",
"Myanmar","MMR","Agriculture, forestry, and fishing, value added (% of GDP)","NV.AGR.TOTL.ZS","","","","","","","","","","","","","","","","","","","","","","","","","","","","","","","","","","","","","","","","","57.2386452556231","57.0691916368966","54.5283327348715","50.620560861897","48.1650901865787","46.687240402588","43.918958474559","43.3227660063537","40.2750956375485","38.1081206105058","36.853075751266","32.4961825024034","30.5901997024538","29.5337253604993","27.8298025759612","26.771778645598","25.6286228737595","23.4041280962744","22.0756064041111","20.8421577754282","22.4186525400503","22.7852901568211","22.3343500768495","22.7222309725462","25.3","25.3",
"Middle East, North Africa, Afghanistan & Pakistan (excluding high income)","MNA","Agriculture, forestry, and fishing, value added (% of GDP)","NV.AGR.TOTL.ZS","29.583500702043","29.6184776553523","27.625305718742","25.6031795034872","24.5952440849718","24.3541648511809","22.7041083811793","22.8336885003549","22.499542552375","20.7719330922211","20.6862580200609","19.9923626197681","19.2864558526327","15.7195578169049","12.6570576501344","12.4625586499726","11.8908217848367","10.8925388600739","11.9929581497697","10.8788609734272","10.9665063981598","13.2345758402075","13.6101882138395","12.9210358499235","13.556371165296","13.9278030348874","15.4849533326438","15.2618653599905","15.2970432583818","15.9692546230609","12.6175368593848","14.7568883099351","14.5538205052783","14.0054385920956","15.1162880863347","14.953494563033","14.4654137977317","13.4216707844619","14.4518670064804","13.025200970689","12.9365493878559","12.8751852534209","12.6952209040602","12.4452944419294","11.5538329430947","10.699054673673","10.4892190765095","9.99884157319721","9.23619365720077","10.6201328128022","10.1677783289499","9.66676885348063","9.90817346363112","10.9320605444623","11.2760003597839","12.1760368382789","11.6181673286471","11.4135690387764","11.617132036533","11.8251994125701","12.7469325036972","12.4060792279598","11.7887629989664","12.3952380792296","13.2436685229045","13.9866769369178",
"Montenegro","MNE","Agriculture, forestry, and fishing, value added (% of GDP)","NV.AGR.TOTL.ZS","","","","","","","","","","","","","","","","","","","","","","","","","","","","","","","","","","","","","","","","","11.3018779223777","10.8112052258109","10.923782282981","9.91498733882161","9.2619220581357","8.75765980493599","5.65822716443527","5.14096761553622","5.30307563470907","5.94207498811569","5.46716738531637","5.17096892815778","4.89539575741918","5.20960137991499","5.11569218646198","4.96369912493667","4.80607864194884","4.43612645373447","4.02702654709881","3.70351082097405","4.18386978297396","3.7713187551422","3.99672766573405","3.7692433716629","3.49344410359799","3.3668899806023",
"Mongolia","MNG","Agriculture, forestry, and fishing, value added (% of GDP)","NV.AGR.TOTL.ZS","","","","","","","","","","","","","","","","","","","","","","16.7427882206439","18.0364147976799","18.4153643897535","17.2009290741192","16.4007032728788","18.6695283069879","16.4175681066267","16.6293802847607","15.5150074825035","12.4738366427747","11.8115698150791","25.557106309353","25.7093652335307","27.4826138521656","32.5428245706631","38.4770045574782","32.2368838484952","32.4333687636968","31.6978330669609","27.4225306231533","22.9688875084999","18.919125275033","18.4395172051068","20.0297765271852","19.7979604915498","17.6436708395409","18.4279653888713","19.2151247825371","17.8644380709085","11.7325631980129","10.3073568180221","11.2580245572127","13.4140624660902","13.3412210879498","14.079203180176","12.6278436864479","11.1372332713568","11.4280045193059","11.5583828612266","12.9656563031474","13.1631741927742","13.0278534035361","9.92060281298024","7.2909521026131","8.93883278645661",
"Northern Mariana Islands","MNP","Agriculture, forestry, and fishing, value added (% of GDP)","NV.AGR.TOTL.ZS","","","","","","","","","","","","","","","","","","","","","","","","","","","","","","","","","","","","","","","","","","","","","","","","","","","","","","","","","","","","","","","","","","",
"Mozambique","MOZ","Agriculture, forestry, and fishing, value added (% of GDP)","NV.AGR.TOTL.ZS","","","","","","","","","","","","","","","","","","","","","","","","","","","","","","","","33.9358046835432","29.7148109072706","33.0976707584857","30.1683585770011","31.3465539242874","30.9538114615771","30.1816369380595","26.9864037577365","22.7981865556465","19.0391748514099","18.2257286235893","22.734177349083","22.7228305424377","22.4901289092367","22.9214059867823","24.1133917238134","24.0162173628877","26.8457517275753","27.9106017225191","27.3093770922399","26.4848729989708","25.5177066547282","24.2529090836336","24.6554671607897","23.5663164946958","23.6272810887625","26.0749604736416","25.5425597958909","24.7697818145637","26.8819744087655","26.8945913502365","25.6382662600095","25.3638190039758","25.1688427290538","25.570048653436",
"Mauritania","MRT","Agriculture, forestry, and fishing, value added (% of GDP)","NV.AGR.TOTL.ZS","","33.471361448014","32.725303754732","33.0753626784094","26.8614727303908","24.8981736574548","24.9541567433192","25.0864272796129","23.8358978157697","20.1203148280139","22.6737951646637","21.7223645056066","21.3307238782978","28.8136787887865","25.7386712789242","21.9647332920503","21.0253926789545","21.9239975023932","23.4742580430074","21.7800464288269","23.5066875542808","24.1861191269833","24.7375774662151","24.8618749882015","21.0645434728197","16.5013235635236","19.6513678509434","23.8921355889506","24.1161280548567","23.7691248962513","21.8860693371131","28.5916900971699","28.5455378942957","28.647255294838","27.9385375966849","28.1339796728338","27.198029562577","25.0466548108579","25.9413402138283","26.2766556315337","24.8287452979645","24.8689597080936","24.2300169627578","24.1788498451535","22.9178992193284","20.0701967217813","16.6071438940053","18.4325192807889","18.5594231007108","19.178182151624","16.7330487035243","14.5158947387598","16.0859607599369","16.2826011052317","18.8142560652114","20.6295456111909","21.7392133521855","22.7188300742502","23.655966000294","19.957882454072","19.1523401706647","19.1485811289032","21.2302013888594","19.1616076506323","19.3310648282597","19.9526937998331",
"Mauritius","MUS","Agriculture, forestry, and fishing, value added (% of GDP)","NV.AGR.TOTL.ZS","","","","","","","","","","","","","","","","","19.6755619523562","17.0254529390034","15.40460705211","15.8081001614451","10.3697514112625","12.1490884417306","12.8756807277516","11.3259978588579","11.9285292727495","12.6055807633429","12.571847812229","11.9805469230489","10.8018140035429","10.2633279585915","10.7427817711228","9.83645990422808","9.8796262146376","9.02941361193119","8.55095891050522","9.07592069658642","8.942677325507","8.1986559893348","8.01967920304773","4.92997413686503","5.62921764733664","6.06632136452678","5.12244932169367","5.10866283570549","5.20608568669627","4.91181106695197","4.83159024933392","4.30867522125942","4.01960001804534","3.82382443235357","3.59110980182453","3.65312332199749","3.6066947724863","3.29265321839171","3.15422608043165","3.03283321645437","3.05756982303852","2.95521989373646","2.52593212825691","2.66862745852887","3.09894065143015","3.2413713398879","3.55513254765837","4.01265286259242","4.23209224844774","4.61632647569328",
"Malawi","MWI","Agriculture, forestry, and fishing, value added (% of GDP)","NV.AGR.TOTL.ZS","","","","","","","","","","","","","","","","","","","","","32.6294680583415","29.9019946771833","30.9655702678491","31.7633341170313","31.3214001275781","31.7180095732623","32.2558219415956","35.8221038400986","36.1226424230407","33.7229815081469","32.0079380181256","32.9769811818939","29.055173190171","37.248077677665","18.5822645495304","22.3443422581962","26.1318131267678","25.210732634324","26.774421297201","28.6122410888132","29.6608890123553","29.3463400754759","32.287184795846","30.1281788478073","28.8733040048574","27.3766782308788","25.6738776075689","22.8824872507399","24.9323563197161","25.3093021258133","24.6321400620979","23.9314133083531","23.5292854390256","23.8492870296807","23.8734416539637","22.9948363698368","22.1929077690151","22.9262319821323","21.632593506951","22.9473991790142","25.0150110062267","25.5328304255348","27.5975518762201","28.869380408768","31.7872465905099","30.0312624526817",
"Malaysia","MYS","Agriculture, forestry, and fishing, value added (% of GDP)","NV.AGR.TOTL.ZS","43.7159324923287","45.382152181381","42.9686616614983","35.1236530452889","33.2737840478808","31.0066375690608","31.5412355814195","31.5981233353821","31.338511034821","33.1368791228383","32.5802840476794","28.4261906599768","28.2624810126582","28.9364471505635","32.4653403622364","30.7169416084542","29.4018255296422","28.2144613481756","26.38947421211","24.8752858435292","23.0272681398664","21.8210324058806","21.5016607294046","20.2230885526092","20.3456944060339","20.2814785078095","20.1845026119507","19.9605352407967","20.0714517700552","18.0817804300932","15.2165332840671","14.3557029099198","14.572410772355","13.7873561215838","13.6610372401656","12.9494365608411","11.6804344741696","11.1013325289661","13.3122442566983","10.8423880517615","8.59902188826631","8.01097059098812","8.98508140381459","9.30608521643197","9.27100209261509","8.26229170422644","8.60998284136304","9.98677367962245","9.96858233467411","9.21910004390782","10.0899159275121","11.4533531198278","9.79375074645921","9.11336384538206","8.87320901302643","8.2874950827938","8.46251885618027","8.59827753533139","7.51205693063821","7.24131401562151","8.16597089919598","9.56621458844467","8.96184922741417","7.76530932127302","8.12846782241948","8.2158916957078",
"North America","NAC","Agriculture, forestry, and fishing, value added (% of GDP)","NV.AGR.TOTL.ZS","","","","","","","","","","","","","","","","","","","","","","","","","","","","","","","","","","","","","","1.40539897307246","1.28910013035683","1.22655859601217","1.2165597141775","1.19251790836916","1.04317678980572","1.18393296460227","1.32395936096302","1.19947013904191","1.0597140528344","1.12194603647063","1.12069221281769","1.01109455995237","1.07413111681114","1.25848068609983","1.21593931152313","1.3745941128802","1.20681958881657","1.09454885809583","1.00642213554098","1.013777704694","0.960040397220945","0.89714473897648","0.999704475011069","0.99421166073693","","","","",
"Namibia","NAM","Agriculture, forestry, and fishing, value added (% of GDP)","NV.AGR.TOTL.ZS","","","","","","","","","","","","","","","","","","","","","8.0234479931812","8.74112378125171","8.45845880696595","8.05867730054776","7.93324047623443","7.3919505661272","7.7478953050739","9.13499531820398","9.16503976234231","8.45799007656062","9.05537470966305","9.97332652624888","7.08325314847018","7.42032440125943","10.1291600176093","9.44736619111258","9.32985955271323","8.51022382398345","8.58856458212543","8.76623405883486","10.7310247713041","9.67546592032238","10.0391431809007","10.2153432329886","8.93977891691032","10.3684887476335","9.64647103887118","8.44071366530831","7.53168657065416","8.14814459341021","8.45536944089181","8.11362720295374","8.05447519990682","7.82146490072164","8.13893575439091","6.65042679589334","6.72011763526388","7.67615608936274","7.76829756756805","7.08397673847435","9.15817808891199","9.56300379482636","8.75889366457648","7.60787868693767","7.15434549494855","6.98913188447704",
"New Caledonia","NCL","Agriculture, forestry, and fishing, value added (% of GDP)","NV.AGR.TOTL.ZS","","","","","","","","","","","","","","","","","","","","","","","","","","","","","","","3.62420976500751","3.61893223092609","3.61941140790035","3.70268401516856","3.87614588188696","3.54726473196948","3.48364450662965","3.67491287414546","2.21645365013124","2.16376522106415","2.18957397034617","2.36020293735947","1.89035871495274","1.74345821039344","1.78686054314087","1.54869248531073","1.72712586317313","1.27200175059393","1.38763277604281","1.41664932222394","1.34474139086715","1.36822830098318","1.64443691439298","1.71329146676256","1.77245534055282","1.91334103691976","1.92670811679751","2.01190197330879","","1.78613861386139","","","","","","",
"Niger","NER","Agriculture, forestry, and fishing, value added (% of GDP)","NV.AGR.TOTL.ZS","75.3240700268051","73.8871650098417","75.9976096282568","72.9479544304704","74.3240385952676","67.7039196149616","66.8747343850565","70.7063257129035","69.1682071794335","66.4193809104212","64.8751118666509","65.4607809223992","62.4601364499262","60.2714511077268","63.7949647851898","50.3114628229224","47.0277185913042","51.7871951928857","52.6803493878421","48.6845009164629","43.0566059106658","45.6518048733525","44.2986446903422","41.5805554859041","35.7713392024181","36.7428931027028","34.7285399427785","35.2108480035791","35.350410607689","34.0716250084348","29.4422483658217","31.5808518727089","33.1594097787814","34.0770925482674","31.1692941667387","30.7305809669819","32.3287003295047","30.2325247290335","35.4137809699145","35.0025945777756","36.5755600708745","40.1819277330126","41.3669351734986","41.1955263001462","37.3717285561201","39.2805201285945","39.7450785783419","37.094506437909","38.7750062340041","34.7848102748131","35.8213879566765","33.6467642815211","33.6809938208632","32.2350107295479","33.4290442343639","32.4169952714448","37.2079514113705","38.2607137093769","37.6792191632916","36.1554960959216","38.8344569845244","38.1399427232346","41.4571749267894","43.9880889564123","47.9692032048983","47.5890198987744",
"Nigeria","NGA","Agriculture, forestry, and fishing, value added (% of GDP)","NV.AGR.TOTL.ZS","","","","","","","","","","","","","","","","","","","","","","12.240409246888","13.5026901414336","14.9907328930728","18.3083606550373","18.227639967623","18.0204251588741","20.5521063242771","23.3716488476568","21.2755973365002","21.5562632771079","20.8852831060192","20.3211588731035","23.4911304788674","25.1738487759527","25.4865064493222","26.1991591974906","27.4166511440248","27.9083713814094","26.0284857101616","21.3572412972176","24.4753546604632","36.9650826661797","33.8270605515687","27.2304536006497","26.0892828250796","24.7349912601339","24.6625772142283","25.2797507802655","26.7488545066519","23.8937040912791","22.2347109931956","21.8599586165277","20.7586228322439","19.9902547680805","20.6318934800012","20.9831097083173","20.8465714300542","21.203773720121","25.7349305728483","28.3454204381389","29.3882780434873","28.5515522200407","27.7182912792899","25.8733343606303","22.9790557916205",
"Nicaragua","NIC","Agriculture, forestry, and fishing, value added (% of GDP)","NV.AGR.TOTL.ZS","","","","","","","","","","","","","","","","","","","","","","","","","","","","","","","","","","","19.019221586678","20.0803864575286","21.4055297505817","19.9567713388075","19.1909508834659","17.0002169688192","17.7655051440462","16.8133294680756","16.4301119851034","15.6259025646946","15.9688222709169","16.137898065388","15.8996625466787","16.4613383107055","16.2627898839898","16.0676510041113","16.9826368007048","18.8847883857771","17.6115834733674","16.4909112111851","16.7090173834472","16.1099292353151","14.9153392298097","14.9964086019473","15.3222113237126","15.5297840677071","15.9067799804023","15.7299148913114","16.803025682188","15.3285658671977","14.521629099129","14.4770158430143",
"Netherlands","NLD","Agriculture, forestry, and fishing, value added (% of GDP)","NV.AGR.TOTL.ZS","","","","","","","","","","5.63506417571136","5.17538403445626","4.80912730820138","4.75405839809106","4.68291709043437","4.04648888634027","4.33280480567973","4.3268125142264","3.66457017762992","3.53727744869084","3.50298319967165","3.45005662203806","3.87261379108257","3.98013422524528","3.80758450873502","3.78379696982182","3.80493085181904","3.9287473115015","3.88234817225228","3.83523157418457","4.15045950732726","4.01809303225838","3.90617455072096","3.64362824909901","3.19058691390917","3.21743824904668","3.10878945071993","2.88213147987257","2.97435481253043","2.56560268869083","2.33896554268428","2.31074921880356","2.23546975717531","2.0874883923476","2.06777613560665","1.87462493392253","1.87119658954082","1.95984638535758","1.83180121231584","1.65239006969149","1.56591919996572","1.78780819318779","1.59844393327571","1.69697006526574","1.84474290341919","1.80098935055634","1.80598562591626","1.86399139098136","1.96787421373596","1.75987236955923","1.7588069903961","1.73737205482673","1.65464640233302","1.64194723390554","1.75149243000648","1.73109724727451","1.68323077210041",
"Norway","NOR","Agriculture, forestry, and fishing, value added (% of GDP)","NV.AGR.TOTL.ZS","","","","","","","","","","","5.12530599251347","5.09587704318126","4.60700799156933","4.46547298759934","4.41181380503082","4.132825373082","4.41955308120168","4.45016667120812","4.24423485259987","3.79412993524128","3.64090074515272","3.63096170601056","3.42939509866675","2.96968723221937","3.08048799809871","2.8685278861864","3.13881939978656","3.20731547347177","3.09814652435521","2.91672865086955","2.99520788156239","2.92806586206501","2.64470625515239","2.625477993199","2.62027688949657","2.60577028558891","2.24211907886887","2.07909245122986","2.22092632323225","2.00779462134563","1.74747597162274","1.50280803496494","1.41147581449175","1.18621089152231","1.26587226467111","1.29855565402287","1.30269200129636","1.12818251716599","1.01452813605667","1.15793167117956","1.43735583964105","1.21405066122744","0.991694683877473","1.15423267492879","1.2824764519382","1.36267847454537","1.88806883866435","1.77206243765106","1.66053367321766","1.61597276444378","1.66758075208392","1.45805904148152","1.51756476583542","1.64416506232656","1.69935908261698","1.64200398430636",
"Nepal","NPL","Agriculture, forestry, and fishing, value added (% of GDP)","NV.AGR.TOTL.ZS","","","","","","64.5840764831145","68.6930056826457","66.2353832231429","67.3916041435493","66.4245468556612","66.8681580748175","66.8382169685291","67.8464608796813","65.3325272210843","68.4181772493042","69.0060946111411","66.0860076238128","60.1215289351852","58.8688401026215","60.1620532965922","57.8990217934573","56.7986220148579","57.1672897810066","56.5225130331754","57.2988091284318","48.8580260163998","48.6971502404709","47.9503319554052","47.7921098483863","47.6895674870336","48.8028931693355","44.7233867254707","42.6652627388118","39.8959483612436","40.4417078164519","39.0414052697616","38.9276574546127","38.7807338697315","37.3930096893749","38.701481715375","38.2438970402226","35.247670013162","36.1502950311573","35.1058750871034","34.6763571054627","33.824896676688","32.3664850386189","31.1644113230204","30.3057163664183","31.3226520633995","33.1793784908122","30.805485476422","30.0760569589773","28.6226575274714","27.4618953626735","26.518508431071","25.5178753726064","23.6995484588973","22.3346720502565","21.583372760027","22.1800901927916","22.0214522788058","20.9143699815129","21.2987131119062","21.6736520881574","21.5578137957376",
"Naoero","NRU","Agriculture, forestry, and fishing, value added (% of GDP)","NV.AGR.TOTL.ZS","","","","","","","","","","","","","","","","","","","","","","","","","","","","","","","","","","","","","","","","","","","","","","","","","","","","","","","","","","","","","","","","","","",
"New Zealand","NZL","Agriculture, forestry, and fishing, value added (% of GDP)","NV.AGR.TOTL.ZS","","","","","","","","","","","","11.4077315827863","13.1605691056911","11.9008803390936","8.23936696340257","9.92272567615033","10.78487539387","9.45470817618104","8.95657078398195","11.4176652493235","9.96014282155609","8.5208674304419","7.17945626620049","7.43464273162291","8.3115950700012","7.30377831664905","5.94964885338119","6.09554179186852","6.51011591599299","6.76844715140409","5.98867681637264","6.88851738254768","6.71730388715134","7.32604197457878","6.50772626931567","6.45080842927803","6.43712722920644","6.07737442159996","5.94611798625803","6.27577740684807","7.75290180992832","7.98138479706632","5.85289352793662","5.72933246598663","5.36558854547454","4.51769702400314","4.98360503244111","6.06836553759783","5.00102717537308","5.73699370029419","6.57130523506789","6.2779911553811","5.50809920086661","7.03235726127178","4.77478924457513","4.4696017756274","5.54820885901096","5.91537474588689","5.66864597596724","5.68759062703863","5.69753974020289","5.77486500876711","4.57625698536786","4.00852725247614","","",
"OECD members","OED","Agriculture, forestry, and fishing, value added (% of GDP)","NV.AGR.TOTL.ZS","","","","","","","","","","","","","","","","","","","","","","","","","","","","","","","","","","","","2.18788564777777","2.17757802242687","2.00727641401044","1.93240243110332","1.8014700085026","1.73186287654388","1.67076522201116","1.60190595788321","1.62249481424693","1.68127563257263","1.54337994131282","1.44970149215262","1.49445484243423","1.48383042901429","1.40248521120377","1.50795430484936","1.59736360885852","1.5681106906032","1.63016343256914","1.54058993030602","1.46326389796342","1.41615860445364","1.46050283364997","1.37548749039502","1.33097197626405","1.39323702820674","1.37888270111737","1.42963674300184","1.43715582717115","1.43182765234968","",
"Oman","OMN","Agriculture, forestry, and fishing, value added (% of GDP)","NV.AGR.TOTL.ZS","","74.2331288343558","61.1940298507463","60.2803738317757","60.1809954751131","60.6194690265487","58.6776859504132","36.8556701030928","19.1867852604828","16.1","15.5430711610487","13.4292565947242","12.0738636363636","9.85832349468713","3.23658751099384","2.78928511312968","2.06943345018659","2.54541586972794","3.2435284475934","3.12524234199302","2.54585934853105","2.47676773913103","2.53314928592208","2.93806354020452","2.92100167383242","2.77207103133977","3.42781558323567","3.50935617997457","3.83315242673283","3.24952824952825","2.27050685841573","2.3112077469751","2.05002200381399","2.10358944367278","2.22340049487451","2.43664394891815","2.1984427074771","2.29949684990557","2.79786026908737","2.58141671649627","1.96522877038837","2.04495145289936","2.02622706822871","1.9295275549153","1.68992915860957","1.41513580029885","1.22533000226008","1.20022615297633","0.973923151725602","1.28833463870819","1.24729891956783","1.10041680929465","1.01551086474633","1.14226556083793","1.11270719472095","1.72976080728779","1.98532211721536","1.98459925247834","1.84942019099591","1.99471933938581","2.46923308847714","2.39218489397188","2.10827114663434","2.41559858874993","2.60311068780179","2.808326710845",
"Other small states","OSS","Agriculture, forestry, and fishing, value added (% of GDP)","NV.AGR.TOTL.ZS","","","","","","","","","","","","","","","","","","","","","","","","","","","","","","","","","","","","5.96480440027611","5.97069421727141","5.46748136098363","5.93736011999698","5.18219826051849","4.98429536625603","5.07942679545348","5.00442029496372","4.69325847338594","4.35665337300108","4.06376023388195","3.76265822789067","3.65718085486287","3.51200591825314","3.50703157137127","3.74976356295082","3.77185326832343","3.74184333763457","3.63336173850812","3.54630552248291","3.58947584945588","3.35596334197246","3.24186893014246","3.09935231513907","3.1491030312095","3.38372770475552","3.1720408347781","3.18342993738566","2.96751452368873","2.88590720184827","2.93450756380612",
"Pakistan","PAK","Agriculture, forestry, and fishing, value added (% of GDP)","NV.AGR.TOTL.ZS","43.1892012994287","41.7274256870443","40.0292326431181","38.8400145111555","38.3240539013959","36.9683017531433","33.8368966841634","35.0531705395825","36.5416753707959","33.9500350673535","33.4317605914012","31.9662932409285","32.8022972948256","32.4586617673206","31.8766883839186","30.1601863594254","29.4084256389801","29.3613270294094","28.6768291991335","27.7798014519149","26.5455057883072","27.4622927720025","28.447767916362","27.2732012942284","24.9045978818586","25.6891245920319","25.032651030451","23.6354521301218","23.1533234920912","23.9136337358476","23.0670733915693","22.8424456202234","23.3100129190967","22.1979399670103","22.7528245238533","23.4218793711634","23.1957958147755","24.4842507882018","25.3031382672009","25.169285514224","25.3871360412975","24.1449605032819","22.7026275435674","22.1519373367714","22.0018900085347","21.5745096992331","20.4183460540925","19.9379514329097","20.351365282755","21.7869229749534","22.6888101741789","23.819642978628","23.3861955340345","23.7075945934908","23.4927320097855","23.2628407756242","22.3283302035697","21.9632035366872","21.6512353593957","20.6778713222887","21.8541325548966","22.6625080760743","22.3268646996031","23.426703596366","23.7319671905124","23.0212949096389",
"Panama","PAN","Agriculture, forestry, and fishing, value added (% of GDP)","NV.AGR.TOTL.ZS","","","","","","","","","","","10.8275356800678","10.5711255178431","10.019560637708","9.47875564833696","8.27174845072055","8.28283827058805","8.76046807974635","9.44093404652053","8.72367661967948","8.05624896681153","7.40376036304825","7.25213198513372","6.76074682310878","7.23427682089331","6.75708949226226","6.86477606242136","7.33706185420056","7.4197837436466","7.96047335905973","8.50386023765805","8.07413528853971","7.65627624899545","6.91969326281835","6.59005946016762","6.46078992665021","6.48593360449452","6.86221661915577","6.64688217377915","6.661808213954","6.13051536987713","6.31213545618237","6.69523033894416","6.61481084465062","6.71919032928103","6.20690447123381","5.72339051926946","5.29180834772909","4.7526485380607","4.44423048452242","3.78306123386363","3.63600328993314","3.27922461816528","3.12877687887502","3.05395074897129","2.98667755648831","2.94961630201192","2.78054588931133","2.57262188471475","2.44618170062367","2.45508077795197","3.06418840436243","2.80289215776646","2.60370307107068","2.49627490786682","2.68214078983355","2.6182090720364",
"Peru","PER","Agriculture, forestry, and fishing, value added (% of GDP)","NV.AGR.TOTL.ZS","19.0545182413966","19.156352543573","18.1681628323099","17.0836716620485","16.5074686262258","16.0762812274743","16.1567871402675","16.8324801907322","16.7097515525854","16.001053632233","16.715619851144","15.9605565515804","15.0205883145278","14.8742068598101","14.6100535903184","14.8378883097983","13.9689829039448","27.9433755557814","11.6586472094712","9.77495013627661","","","","","","","","","","","","7.86239612014368","7.81805040708602","8.29164049726758","8.41558546952191","8.03821624273467","8.50404849342949","8.04815854878797","8.37833515800869","8.26450173379097","8.06937491693616","7.89362669632438","7.52396323647705","7.31291934402482","6.93443306205717","6.85426462318893","6.60348433016044","6.70580838491928","7.16094114578461","7.40390665571257","6.82799723597835","7.10011013658205","6.72523424077649","6.66831016491401","6.80424741378252","7.04564405972046","6.93503461650105","6.77975956010925","6.88584285144097","6.85303103477238","7.7158463734968","7.12023137308911","7.17112273409977","7.22315955429279","7.47121084291146","",
"Philippines","PHL","Agriculture, forestry, and fishing, value added (% of GDP)","NV.AGR.TOTL.ZS","23.7081886401864","23.6453816548095","23.8050235723976","24.4045616089742","23.7597278373505","24.2669861645514","24.2495548613285","24.4306398737826","26.1283864573497","26.7908574444179","26.3588782659169","27.0528960689863","26.2174506850867","27.1991178494379","27.6300031133891","26.9446902223849","25.91656232506","25.3814929310542","24.9110577412843","24.1817325811521","22.0315834069677","21.8080621819015","20.4230485292463","19.5239809608368","21.6852969541723","21.5944650234403","21.0293839086533","21.0794353560415","20.110454501016","19.8651101063321","19.1598428879723","18.3384614659452","19.1073217284293","18.9079534983303","19.2600358538901","18.9251458784336","18.0136454030734","16.4491020670556","14.7466733129599","15.1943554182619","13.9410952116747","13.302809302832","13.4484134145704","13.1509476628836","13.9844036917201","13.517547003593","13.3612491069675","13.606507617711","14.5160747573134","14.5402133153152","13.7488650524217","14.0957351510823","13.0958070106782","12.4734251044125","12.2716816211446","10.9964991548623","10.2051255325616","10.1829541314109","9.65014035815306","8.82032374730525","10.1853110317615","10.0691640204876","9.55176804414326","9.40036652869164","9.08729576020063","8.5917098442669",
"Palau","PLW","Agriculture, forestry, and fishing, value added (% of GDP)","NV.AGR.TOTL.ZS","","","","","","","","","","","","","","","","","","","","","","","","","","","","","","","","","","","","","","","","","3.88969726667081","3.68688544012534","3.82518689918059","3.85677954330824","3.89357694111331","4.20003058376016","4.79302000736296","4.0877959609445","4.2678050963537","4.23320289137152","4.07759784493199","3.99593001671915","3.84928374731951","3.97466910847905","3.53052555144249","3.03306826116009","3.06745750963587","3.47557518597223","3.45833441302561","3.39002106726629","3.30964015590861","3.4153792011821","3.30414723150432","3.04695793397719","2.73096438608725","",
"Papua New Guinea","PNG","Agriculture, forestry, and fishing, value added (% of GDP)","NV.AGR.TOTL.ZS","","49.0393412625801","47.3842195540309","44.0340909090909","42.5531914893617","41.5880247315327","41.3348610713263","41.9624640054604","42.8901101361703","41.812288424335","37.1790358814997","34.4854906835513","32.3804346871153","28.2059691702197","27.9957057615181","29.7018334459133","31.7036569083645","32.9842125529457","36.0272213773626","33.8600983792663","33.1186581581875","33.3928027599334","32.4262520009147","32.6767841306884","37.3675704160278","33.7651114324858","32.1890914745558","29.8637119386088","29.1473455096054","28.1150474439374","28.9740589038424","25.9790326159308","24.4731233720104","27.5667235109203","32.3635245827532","33.8127754370672","31.6452529177153","35.0330527148426","33.692142088267","34.2572664869396","33.9663920787198","34.411280936487","37.9906481918408","38.3485879322483","35.9686628123206","","20.4032370575395","19.608590823475","20.1748721590487","21.6434677774704","19.6083870979546","19.1997113715188","19.2739507668723","19.2600193533343","17.6919442750767","17.4569301700841","17.8663404294926","17.649568905745","16.9738355202322","16.9764457469667","18.7553254780877","18.9898815838299","16.9085678890435","16.959612272756","17.0217937024537","",
"Poland","POL","Agriculture, forestry, and fishing, value added (% of GDP)","NV.AGR.TOTL.ZS","","","","","","","","","","","","","","","","","","","","","","","","","","","","","","","","","","","","5.7358804322408","5.30020665731788","4.62334482081249","4.01837892497406","3.35556694226104","3.19050007383569","3.32495017859303","2.80941626982179","2.69176153910407","3.33358582113835","2.96760371813755","2.7459182485152","3.09408708372918","2.64309499472652","2.62640625045433","2.91554815662609","3.17180701243977","2.98562113420809","3.22652536867249","2.97119902232799","2.48363694237949","2.6237968659564","2.98537285986431","2.41564136866167","2.37029744646443","2.56844423547416","2.24552304361646","2.80606930357805","2.76537109467644","2.54032372848325","2.45366601523879",
"Pre-demographic dividend","PRE","Agriculture, forestry, and fishing, value added (% of GDP)","NV.AGR.TOTL.ZS","","","","","","","","","","","","","","","","","","","","","","15.8417040264634","16.3237127754641","16.671750171217","18.5552356918123","18.3375910350159","21.4562275864089","23.1545267488565","24.6417218100387","24.8414311933512","18.9692227534198","28.5808814974891","25.0213628923908","25.8531776572176","26.8111528685393","26.8755597453752","26.165057844833","26.3652629285059","26.9224888051076","22.8579320316131","20.0362129188909","21.8308355322633","25.9820988270821","25.3960967232691","21.9876246923291","21.1116061550192","19.9137759760285","19.6979861855206","19.2659418640043","20.5611765201192","19.5224895937481","17.6554765450573","17.0797511897707","16.8378942200031","16.9425226226931","18.1022047310323","18.40998204988","18.007120112595","17.285345062615","19.7837570127537","22.1586476261468","21.4884986329306","20.5079782734618","20.0436836654713","18.6039257944039","19.2962869842531",
"Puerto Rico (US)","PRI","Agriculture, forestry, and fishing, value added (% of GDP)","NV.AGR.TOTL.ZS","9.69324428157693","","","8.99468632156325","7.45380276210854","6.15304528891202","5.39347106134679","4.81218331587737","4.27987923992186","3.49048355639249","3.17198641428486","3.12566409293759","2.9641801892904","2.600536958757","3.72033104309806","3.30312381835259","3.18332850166135","2.67785973019605","2.94312583967756","2.72313725490196","2.63436800797999","2.29823824714679","2.3144558046313","2.26549205283447","1.79829459467922","1.75906393549277","1.69382942665146","1.71149347784465","1.51672490506257","1.52443787906765","1.41844578793977","1.39158041505891","1.21280619385898","1.11395623303065","0.930194355695538","0.74658833867001","0.828612882846114","0.967065023439187","0.8074118447521","0.580729932055117","0.660110401965583","0.587789921454621","0.533623740811326","0.563162691741261","0.626600481487628","0.594971397399844","0.590822137458644","0.480571207238608","0.553943910302619","0.588365896980462","0.83552463730404","0.792213784121246","0.803821796527931","0.826451927769644","0.846398778671258","0.826985117363399","0.805660903593846","0.818676213745449","0.70791744297882","0.682321472056496","0.66100460676674","0.673046024208234","0.663980527688401","0.705611740327775","0.700867503663465","0.685792994219519",
"Korea, Dem. People's Rep.","PRK","Agriculture, forestry, and fishing, value added (% of GDP)","NV.AGR.TOTL.ZS","","","","","","","","","","","","","","","","","","","","","","","","","","","","","","","","","","","","","","","","","","","","","","","","","","","","","","","","","","","","","","","","","","",
"Portugal","PRT","Agriculture, forestry, and fishing, value added (% of GDP)","NV.AGR.TOTL.ZS","","","","","","","","","","","","","","","","","","","","","","","","","","","","","","","","","","","","4.80044172792782","4.59074611683019","3.83106344355608","3.54171643876714","3.28917248565999","3.10974828415915","2.96074957358316","2.72289086156617","2.65118079570935","2.60214117997755","2.30349335448735","2.25313751520814","1.99815593954667","1.96377185231981","1.95062621184125","1.94034870976094","1.8384390598893","1.92004687349348","2.04188706497902","1.97659101484386","1.97541250129625","1.92235840837832","1.96367345206825","1.91817470918666","1.99991845769704","2.14089692520428","2.16204629838151","1.90543676193935","2.13721069426312","2.01918518592571","1.96014913476984",
"Paraguay","PRY","Agriculture, forestry, and fishing, value added (% of GDP)","NV.AGR.TOTL.ZS","","","37.0027283928886","38.1977176879186","37.574827023245","36.7082945680956","35.6836223638036","32.8962417642605","32.4911075677665","32.5538926854322","32.065775950668","33.1983854017388","34.4637199558303","37.7017945263359","35.2972020689462","36.906305956238","34.5500749758256","34.1126352366357","32.0674516807114","31.3957269682287","29.4645995514391","27.7673281227732","25.866303050038","24.7870379567815","26.417788143677","25.5479901634897","22.7074841520746","21.6366264425192","22.5807464352358","21.110367419512","18.6019358904464","16.0012443974321","14.948957846145","16.718912733494","18.1637724837493","18.4437831019194","18.3650119540079","16.4279737205061","14.8009373095827","14.004558328133","12.8566577643255","11.373317185727","11.0096432644682","13.0089432672836","13.9333504941588","12.7139528266327","11.7935958026272","12.7097347758464","13.4176454912017","9.9479381560247","13.0144797820733","13.7962263457725","10.0422288967986","12.8648395783659","11.7708565050207","9.44042072521197","10.6965134075242","10.1848244821521","9.95020338548856","9.66747366416727","10.7279902822115","11.2827254343473","10.9265749590137","11.7050639471675","11.2466028027305","11.641125207277",
"West Bank and Gaza","PSE","Agriculture, forestry, and fishing, value added (% of GDP)","NV.AGR.TOTL.ZS","","","","","","","","","","","","","","","","","","","","","","","","","","","","","","","","","","","13.2627580628143","11.8191787498477","13.0161895823557","11.4181605404543","11.7139485717095","10.6504026971343","9.68100890207715","8.47216324899468","8.0319478035885","6.98084677419355","11.1403184810237","8.98999161090193","11.3867958042743","8.92583867806111","10.1280367695338","10.0213957975191","9.00273717915612","8.34249649118102","8.10589430228367","7.59868299359994","7.83505007255338","7.40889181529301","7.60382722941306","7.0405505952381","7.3596451347333","7.05401698427058","7.10160510439939","6.31674857805511","5.74521927421669","4.87628185520872","5.52041905737065","",
"Pacific island small states","PSS","Agriculture, forestry, and fishing, value added (% of GDP)","NV.AGR.TOTL.ZS","","","","","","","","","","","","","","","","","","","","","","","","","","","","","","","19.6203327237865","22.1685929394935","23.3250308607166","22.9999819705716","22.2415617454196","21.0024265623731","20.7362217822498","19.3770097480854","19.2204281683514","19.4326067674262","18.2691297350155","15.6757598308397","16.0505495958955","16.1209820987635","16.0106755587717","15.3557017854675","15.3507587240768","15.3330331689958","14.7949260201503","15.0411604539766","15.0144272995724","15.1276827855425","15.6477025184439","16.0642536341498","14.8818230916549","14.2723869527753","15.9352752667853","16.0593719905603","16.2037898879051","16.9917383224772","19.3358108588788","20.3424272110736","18.2808353533178","17.1342588819226","17.0891997496891","",
"Post-demographic dividend","PST","Agriculture, forestry, and fishing, value added (% of GDP)","NV.AGR.TOTL.ZS","","","","","","","","","","","","","","","","","","","","","","","","","","","","","","","","","","","","","","1.80721112213973","1.70561861341014","1.62377334396844","1.57008940848829","1.53774276025299","1.45510509773135","1.47776094282109","1.53048615951011","1.37392132381142","1.28277334656482","1.31689436077256","1.31179701220061","1.22227461616649","1.29050325267088","1.39679925560848","1.37322223800173","1.44999879078491","1.35524697883723","1.27576920184586","1.23299799679102","1.27591304745676","1.21106178427655","1.15697595980484","1.21916753580545","1.22668130871466","","","","",
"French Polynesia","PYF","Agriculture, forestry, and fishing, value added (% of GDP)","NV.AGR.TOTL.ZS","","","","","","","","","","","","","","","","","","","","","","","","","","","","","","","1.14324983176495","1.26465406101387","1.18140427593833","2.1294304152948","3.20891958013527","2.52403341313134","3.72996086681403","3.67073581365877","3.92408650936134","4.36102931096342","4.51512129821948","","","","","3.05963576025818","2.94803658150196","2.55076680608596","2.26578407008733","2.30302105096859","2.26967001717539","2.4923805279951","2.63770555361179","3.02217318220315","3.17771114316168","3.22845890100068","3.21708081765994","3.0564999715999","2.85240041681856","2.25047826168236","2.21570108763617","","","","","",
"Qatar","QAT","Agriculture, forestry, and fishing, value added (% of GDP)","NV.AGR.TOTL.ZS","","","","","","","","","","","","","","","","","","","","","0.523322750584377","0.544855549923974","0.685796787583469","0.826096166066511","0.823736404350608","0.950977765871953","1.2885336812918","1.19546027742749","1.05555302789026","0.906165311653117","0.783816064496865","0.949872286079183","0.966513365909744","1.07869481765835","1.05427858287077","0.982377962325299","0.879427462396895","0.705184320591382","0.685775515671042","0.583006362084636","0.372799554496798","0.37593984962406","0.256795868565916","0.234640393168579","0.181799293579888","0.133258478262211","0.121835107463077","0.109942753945359","0.12464786382638","0.123319456383116","0.117906662714488","0.0966101306365461","0.0941964622110214","0.0960229515645713","0.117168462919326","0.161318389310859","0.183872269651982","0.214741536757396","0.218257646242842","0.260005315111579","0.338750396492592","0.298239680088491","0.256559617750539","0.292779131249811","0.29060905968663","0.30600137388372",
"Romania","ROU","Agriculture, forestry, and fishing, value added (% of GDP)","NV.AGR.TOTL.ZS","","","","","","","","","","","","","","","","","","","","","","","","","","","","","","","21.8090686560205","18.8710921548165","19.0390101506004","20.991425348626","19.8854005747149","18.1628255328095","17.5390992035266","17.5105195665899","14.3794399543879","12.6491118592906","10.8539180518615","13.1496003966219","11.3424376853187","11.9143840898386","12.7055114609076","8.48610428920676","7.82080658741648","5.50150097100926","6.30193056572848","6.11614263251912","5.1772466335768","5.95088848587022","4.54079724771484","5.50972556892124","4.94834094527624","4.42592968395419","4.2921753725524","4.43884283682194","4.50660889280427","4.31147831319992","4.07184426240682","4.616339720378","3.8180329334627","3.32416909916798","2.81143528363417","3.00114031225865",
"Russian Federation","RUS","Agriculture, forestry, and fishing, value added (% of GDP)","NV.AGR.TOTL.ZS","","","","","","","","","","","","","","","","","","","","","","","","","","","","","","15.6020942408377","15.4610369450481","13.7718984626385","7.2633640189374","7.55720377820535","6.10956103151862","6.69223108273929","6.54937524189732","5.86976214443115","5.10339314799118","6.58064760911948","5.75171562849956","5.87572156767964","5.56571375282766","5.50294605214831","4.90444194797732","4.25591600597494","3.86131247123383","3.7789017062609","3.75334118813491","4.08444869718417","3.34389824902191","3.1507257212962","2.92603087775353","2.99360048776678","3.36060548804252","3.87310448732299","3.84021728459951","3.55363208990976","3.3942533806976","3.53030291392166","4.00635163401546","3.67156378990517","3.41890901633034","3.01939316812813","2.90575318707269","3.05735752541339",
"Rwanda","RWA","Agriculture, forestry, and fishing, value added (% of GDP)","NV.AGR.TOTL.ZS","","","","","","74.7917036095711","74.8669204258459","65.8510862113287","65.2833828465855","65.7906574836383","61.6189164703635","61.1785886021882","59.5594734714485","61.0245943112513","59.1352828274281","49.2135672921012","49.2160996259593","46.4609826360986","42.4182569176694","49.0381619103978","45.8468365487895","40.7371183244235","39.7837488096659","38.2026738612162","40.8375264389259","41.8358362898293","37.526346210719","37.709106705022","39.2207718381249","40.3089108378286","32.5459939340715","32.1327069429186","33.2376150704715","33.7348925923438","49.7587461119534","44.000449460129","47.1892922193967","45.9609522618159","45.5174611772785","31.5456969135603","31.1849871789041","31.7940006044905","30.1946865741942","33.0353672438095","33.895261824051","33.7756165293022","29.0520795791522","25.1019154407025","23.9109185815143","24.4107030429923","23.4080982541515","22.9164629891831","23.7888658574855","23.8917103230198","23.6787751489992","23.1107918816185","24.2954788777688","25.6342490728521","23.2642496908276","21.5583090597452","24.1891694102271","21.4316327202507","21.9285537380026","23.1373057605237","20.7932870939229","20.3036785808482",
"South Asia","SAS","Agriculture, forestry, and fishing, value added (% of GDP)","NV.AGR.TOTL.ZS","43.239169857288","42.8699275612883","40.9379453479371","41.6824071766882","42.5595470473298","40.5569494132016","42.050449863827","44.2712777404177","43.4579594915629","43.2027945918801","41.965734304915","39.9833102439855","40.2417139763416","42.6767138025458","40.9238518539044","40.3577639568491","36.068814114617","36.8153849046217","36.1925639557683","34.7766611803351","34.3739646866701","33.3194011404185","32.4067018469208","32.6555731163696","31.8608874706011","30.1526287833778","29.1115898064414","28.5134397016972","29.1300428898565","28.2416248305447","28.026196253963","28.2462192310442","27.3702483714357","27.1421378570042","26.5978685542028","24.8190367918952","25.0451224879171","24.211511463781","24.037240116684","23.0097363420051","21.820127589863","21.7178259698353","19.6340269940595","19.5581371879951","17.9321315128158","17.6689778127845","16.8648783063174","16.785086441836","16.8494486681433","16.7600134374728","16.8930158897435","17.0366460243094","16.614383973135","16.7917603976129","16.4571378440692","15.8639854043578","15.8401583265794","15.9809524254532","15.463530067683","16.0202862802799","17.6272947134837","16.5532517636333","17.1879169397086","16.7579251650367","16.7184339395149","15.5988753871126",
"Saudi Arabia","SAU","Agriculture, forestry, and fishing, value added (% of GDP)","NV.AGR.TOTL.ZS","","","","","","","","","4.93499609872639","4.91925111223376","4.22762211753037","3.29124918571827","2.80856800479329","2.19298245614035","0.829942437475189","0.915334589436577","0.77454191378242","1.14751779015834","1.4996097056851","1.18423782645011","0.95363193095851","0.97181916912509","1.55234574575413","2.11029649015882","2.70140763548551","3.60333547691049","4.84255636295882","5.61429092234779","6.23080670097634","6.25628386988363","5.6360024970206","5.36536504192449","5.54252679228818","5.99861436044702","6.08596882839816","5.84870161320368","5.36780260892541","5.3519196053635","6.14071743143268","5.6543197254794","4.90093304872369","5.13485567314878","5.03753751642003","4.47188176141973","3.86835593326895","3.1854016709851","2.91996194095464","2.74276747836675","2.29269078480924","2.83043433137553","2.61912238524459","2.15288829129967","2.06209514825132","2.14783287096443","2.27940419211986","2.75387031670143","2.91802299444676","2.83525700890872","2.41396154385256","2.45384656461481","2.95556974627207","2.44812792691627","2.21479159080364","2.45769245330047","2.50674671722133","2.58995651280475",
"Sudan","SDN","Agriculture, forestry, and fishing, value added (% of GDP)","NV.AGR.TOTL.ZS","51.4278429372769","51.5030530765618","49.8810810810811","44.845908607864","41.8287132809268","41.9412465263994","35.1325207970594","34.8579596212257","32.5402259500171","34.5095600808332","38.1649118009025","38.8177710843374","38.5380522785103","39.841343910406","39.601015596663","35.8104084792188","34.3776865030089","35.6043198529412","34.7434978163092","32.1293144011736","29.9135369422909","33.3799231268407","34.1053391053391","31.1911170928668","28.6064541779869","31.4663327170314","34.5177463783912","31.611631753032","39.3728788663579","37.369013821345","39.0195890623607","40.1843515959888","38.5429544336647","39.9000684515911","34.5307043097102","37.2802811576655","42.3848519608798","45.042249161223","44.394590603038","43.2654994233288","40.6821739143403","35.7807746157648","37.662742261404","38.416611009222","34.0060768565709","33.199920468691","31.8201079594306","35.6675143701418","36.1831633212385","33.5066805707755","30.6000000071348","30.599999994069","30.5999999961027","30.6000000025472","31.9000000019741","31.3999999994923","31.6000000015638","31.7999999982698","21.999999999848","20.19999999954","20.4","20.1999999999641","26.4","30.2756760075975","22.1813816000123","29.3570939629694",
"Senegal","SEN","Agriculture, forestry, and fishing, value added (% of GDP)","NV.AGR.TOTL.ZS","23.2867533108269","23.6808062581309","22.544627330882","23.2937769460334","23.7278033481412","24.9859667565177","25.5410597291073","23.3899624108492","25.4627718236514","23.0716290939863","23.7191420374657","20.6497950560751","24.2683218396173","22.2636487497135","23.4895547861694","29.779394520551","29.7566632562653","26.996306511875","20.7995818266378","23.6259301099614","18.5195765186875","20.6636230451127","21.1990118487265","17.0275418620381","18.4282582429714","21.3274112292183","22.0212309210718","22.622808670216","19.287074800268","21.1753467688328","18.4661416517011","18.6964119299712","17.1434329851955","19.16536139705","17.7400079519252","19.4701646746387","18.3370625955044","18.1914042241839","17.8319277715595","17.3760117354229","16.4392452034714","16.2524323093589","13.3807801250726","15.4910998381045","14.2017995388","15.1803964143562","13.3951515867003","12.2459105728806","14.6866270243556","16.1077336169075","15.945261535619","12.9470610352017","14.0976923523704","13.7248803755401","13.3687650760268","14.2825767344045","14.4140203888971","15.0045395764691","14.9875195578847","14.8962721234445","16.1487794824433","15.5512646222076","16.3333231968406","17.4112512141863","15.5697689407001","17.0838912567949",
"Singapore","SGP","Agriculture, forestry, and fishing, value added (% of GDP)","NV.AGR.TOTL.ZS","3.70353202929452","3.51176998333832","3.58992606650061","3.250266998932","3.33187198597107","3.07011663761898","3.2713621737576","3.04493522256524","3.04967464027129","2.81227244996359","2.56493119929243","2.58445287810791","2.21263987087915","2.2865443072069","2.01069251991209","2.15533881576551","2.04353679832571","1.99165912481961","1.66544875500344","1.54910790305186","1.50949376874787","1.46316552451239","1.34338987440114","1.1784644489989","1.06996338400782","0.921131200015662","0.716998388465423","0.550609776177565","0.416976248448972","0.355904972393714","0.323439581344345","0.250054747220624","0.197361758450875","0.172788647418229","0.173159173171612","0.144861979394729","0.150025188323224","0.132916824740826","0.111378366529616","0.111245961607494","0.092131732680321","0.0823566559095407","0.0710328000140014","0.0611340723110266","0.0556489896262466","0.0550481142142599","0.0488654244516825","0.0428679973714474","0.0414321884664469","0.0406877612701381","0.0361489888834213","0.0346076007512354","0.033272726533169","0.0343752167938134","0.0345408510735362","0.0326135138026483","0.0313442414603302","0.030663495025163","0.0300492085211082","0.0321757269350714","0.0326659815683798","0.0301708500316389","0.0256846779118822","0.0288899443180196","0.0263227508907606","0.0246222685620747",
"Solomon Islands","SLB","Agriculture, forestry, and fishing, value added (% of GDP)","NV.AGR.TOTL.ZS","","","","","","","","","","","","","","","","","","","","","","","","","","","","","","","38.4630255239294","62.5320232372346","64.6732343167375","60.5195102404915","51.7919861272597","46.7765930153709","43.2580203346195","42.6278607175143","36.6954341141105","33.5982924122113","34.4059283600331","23.901188129806","30.0235634042157","35.8267848648847","35.5410581367329","31.2455081834652","30.6960533721701","30.8166648760638","31.5381811872725","30.4318174315741","32.4643247305045","32.8222868801178","33.3378659699208","33.6180259322108","34.7578947381245","33.2230640760498","34.4468095703573","33.2802067308765","33.968525917344","32.6714892883641","34.1195267292323","34.4855546012102","31.9698479049908","30.5256377079793","29.7259901683685","",
"Sierra Leone","SLE","Agriculture, forestry, and fishing, value added (% of GDP)","NV.AGR.TOTL.ZS","","","","","34.8371114459022","31.0479158550838","30.965697240865","34.2240696753761","32.4319801515554","26.7635616237246","25.9938288827073","28.4709452927559","29.6778106040481","29.4621846949966","32.2252741311071","35.6680534410187","38.6164247821831","36.3814944214201","31.9707014765573","30.0193761427831","30.3764604067503","29.329825104473","33.5930196322842","36.5652150738234","38.5784942297124","42.7925773195876","34.73005831643","42.4634433962264","43.3134832623082","42.5086184235649","44.0286219584087","36.7450502033747","35.8872879434378","40.3024517477613","37.3951606768406","39.9545618365047","45.2101464485815","57.3956037766825","59.4020699553992","59.8664904645509","55.0141620912989","45.7908920894816","46.8536780758378","46.9023173495907","49.1070997045261","50.1028757149925","27.5403133675948","28.3984316094981","28.9974768705335","30.4719745904755","30.542621858137","31.5846615609542","30.6570937162864","30.1232322468759","31.9043952976079","34.3025554909897","32.5776913387757","33.3320506947837","34.9852345791337","34.547180978919","35.1293857770036","33.6443431144422","33.7568527151259","29.0526202422585","29.1584830050923","29.5399786679525",
"El Salvador","SLV","Agriculture, forestry, and fishing, value added (% of GDP)","NV.AGR.TOTL.ZS","","","","","","41.3753816706922","38.6866339616146","38.5044048350748","37.3989920972318","36.2492853058891","40.4406312890584","39.1967085960948","38.0590637166461","39.8275001386655","37.2896006915264","35.333209385113","39.3337597138763","43.0059442009918","37.0362792363074","38.9024245851885","37.957893707761","34.3896232753623","32.5935147297336","31.1805349144201","28.9421253623402","26.911807975679","27.4289151799132","20.7535951200969","20.9751949936514","18.3100269559004","16.0136771684004","15.7923919811473","12.9650323520698","12.7288103898567","12.4617820908552","11.528879161366","10.850327901368","10.9145568353713","9.46818464366379","7.93373157168383","7.17278477660919","6.68649259791156","5.82298419820808","5.48839713449193","5.72792591262587","6.17165600762008","6.04616656739515","6.99310770496862","7.09010840673402","6.66859073198944","6.98170850697531","7.33019190703113","6.5143562539307","5.61330655869503","5.86687215376832","5.52976674016479","5.73215390739613","5.39300914080881","5.13276852985202","5.1464335217926","5.35480047301112","4.81225514872015","4.55875426849797","4.64483845432637","4.50559680364498","4.40281452790678",
"San Marino","SMR","Agriculture, forestry, and fishing, value added (% of GDP)","NV.AGR.TOTL.ZS","","","","","","","","","","","","","","","","","","","","","","","","","","","","","","","","","","","","","","","","","","","","","","","","","","","","","","","","0.020057836294131","0.0136219857493072","0.020478235906765","0.0164085436290334","0.0152797446966611","0.0141007868342573","0.01662495341762","0.0114865425782792","0.0150943420378973","","",
"Somalia, Fed. Rep.","SOM","Agriculture, forestry, and fishing, value added (% of GDP)","NV.AGR.TOTL.ZS","64.4453355124116","64.163654131829","64.9470589100208","64.0326711281641","64.5135914215097","63.4384525418062","61.8690200174064","59.6352952703495","54.62890625","53.7467722467717","48.8608382315685","48.1549128932314","50.8334827131989","56.487728186589","31.2410444249509","45.7714411794507","47.2624781614237","55.9302474418605","55.0214302140673","51.1407766722315","64.4772486015801","62.7539011969532","62.9487142042527","60.7105227931339","65.2048880792893","63.6762498888762","59.5196273612783","60.8167080444319","65.8636060346692","56.1841819380893","55.7941831843125","","","","","","","","","","","","","","","","","","","","","","","","","","","","","","","","","","","",
"Serbia","SRB","Agriculture, forestry, and fishing, value added (% of GDP)","NV.AGR.TOTL.ZS","","","","","","","","","","","","","","","","","","","","","","","","","","","","","","","","","","","","14.1606311127223","15.3085844937352","14.6714414120921","14.1347121830083","15.7111824571448","14.6669778316554","12.7777822955607","8.51013913494866","7.02904112121838","7.62709744796992","6.16013694013165","6.22223200235689","5.50486565149148","6.35977347846117","5.99159503176742","6.11650941889437","6.34800451775273","6.04364014215639","6.29965191728962","6.11737533592784","5.60595319138529","5.70664096571472","5.05778606525606","5.20468651078978","4.76474851493196","5.05373769401741","5.15586469879064","5.33794223775032","3.78653396097272","3.17227014092271","3.28500130429995",
"Sub-Saharan Africa (excluding high income)","SSA","Agriculture, forestry, and fishing, value added (% of GDP)","NV.AGR.TOTL.ZS","","","","","","","","","","","","","","","","","","","","","","15.2227222163144","15.370801047511","14.7743420451408","15.9945271479807","17.1051166284209","18.9336647863121","19.4299712084543","20.3217933465288","19.6993797975098","19.437185344878","20.3431399599663","16.53272091949","16.8425477711999","16.9845597039616","17.962518906593","18.979123772107","19.6511198001033","20.5491946280918","16.3794765504249","15.4255318057711","16.4425098203622","19.6880824033361","17.2286899503705","15.1487548091036","15.0644380651496","15.1966578183345","15.6628495188662","16.9107281722795","17.2509152260638","15.8461109038987","14.7337252295192","15.0865013004462","15.2832669765023","15.5533812616916","16.3219993789337","16.6663446827771","16.0156488451341","15.6924831944369","18.2382432238856","20.1609580610812","19.6924128673867","19.8951480327993","19.3158019650013","17.9913830476707","17.9233881292351",
"South Sudan","SSD","Agriculture, forestry, and fishing, value added (% of GDP)","NV.AGR.TOTL.ZS","","","","","","","","","","","","","","","","","","","","","","","","","","","","","","","","","","","","","","","","","","","","","","","","","4.19544282441311","5.22004160956288","5.29379348275505","4.67693681681883","6.17613217428162","9.635809346303","7.59650844428456","10.3550274477245","","","","","","","","","","",
"Sub-Saharan Africa","SSF","Agriculture, forestry, and fishing, value added (% of GDP)","NV.AGR.TOTL.ZS","","","","","","","","","","","","","","","","","","","","","","15.2195198729833","15.3667872152339","14.770922372866","15.9891836678786","17.0977242957762","18.9227513920448","19.4171737374255","20.3065280800754","19.6834722819727","19.4216307453789","20.3274150432873","16.5162962837878","16.8248815928268","16.9665654676397","17.946659811832","18.9637825254881","19.6336591784313","20.5283837158247","16.3572782931295","15.4059255530132","16.4201444650451","19.6598472604323","17.2089991690646","15.133543822778","15.0503356493444","15.1830361268271","15.6505621951709","16.8999065154493","17.2406303686622","15.8370189957715","14.7256812836251","15.078198067441","15.2740880227011","15.543739632367","16.3098910946986","16.6512491680797","16.00175118419","15.6789880047634","18.2235301927876","20.1477280941081","19.6804241231464","19.8799225368837","19.2985764670609","17.9741900176443","17.9068584727972",
"Small states","SST","Agriculture, forestry, and fishing, value added (% of GDP)","NV.AGR.TOTL.ZS","","","","","","","","","","","","","","","","","","","","","","","","","","","","","","","6.60579238864572","6.53053320044385","6.65053363718552","6.85117093000732","6.86730843986563","6.75485582871924","6.74063760871849","5.99764217389876","5.94101393557381","5.43798938789485","5.02611827814617","4.86403261374125","4.86941177595811","4.64379714296697","4.35137514868033","4.00738758717207","4.22236062703322","4.02314964744759","3.85527925938228","4.10443975920326","4.23713862083218","4.16802287086839","4.24218346236319","4.21601422442216","4.09917468101225","4.2509565323464","4.0781603797614","4.06867080582018","3.85141692120671","3.83548834008152","4.22508703763677","3.94111732508527","3.80724381114013","3.67560413203273","3.59892187155539","3.69070174086542",
"Sao Tome and Principe","STP","Agriculture, forestry, and fishing, value added (% of GDP)","NV.AGR.TOTL.ZS","","","","","","","","","","","","","","","","","","","","","","","","","","","","","","","","","","","","","","","","","","","","","","","","","9.47767452078513","10.4916229997386","11.6318930270323","12.3319074378557","12.8657292793474","13.4069603438231","13.2795768636645","14.1348690685509","13.0514022257346","12.7475187137291","11.8181222110283","11.9296548194696","14.1470498019151","15.2661766239364","13.9317577053548","13.4511863976653","12.4515703883627","12.1902347368193",
"Suriname","SUR","Agriculture, forestry, and fishing, value added (% of GDP)","NV.AGR.TOTL.ZS","9.5333667837431","9.28505106778087","8.78174773999139","8.77332274712187","9.04017857142857","9.21180668180344","8.24796427633307","7.81603987313095","7.85166770250673","6.91315232043135","6.47508184794471","6.51162790697674","6.69979163327456","6.31904551480336","7.08795900939368","6.2406015037594","7.08209693372898","7.17848791893998","6.23385452073419","7.41214057507987","7.73584905660377","7.8740157480315","7.86885245901639","7.18732314657612","7.75462962962963","8.1901489117984","9.31537598204265","10.4081632653061","10.077519379845","8.99373387394029","8.08444902162719","8.81499665253292","11.1550502553963","18.8777610097407","16.3219779136265","13.9863845879555","14.7834847405812","11.7017343598628","8.38727100868704","8.44662232193228","9.5392456953923","9.09486789950564","6.70477450484455","6.47972387648306","5.22488058560067","4.91937130026536","9.99167360532889","10.1476243642228","8.92967622190142","9.84207557811619","9.47219211206537","8.73235538333795","8.38505537300718","8.48595489076026","9.38475771944027","10.4081572411936","10.7661271900991","10.9177598208742","10.0324669859288","8.59607814021171","8.1360284150591","9.67766403232661","7.29566179490095","7.16164240040182","6.770083958799","",
"Slovak Republic","SVK","Agriculture, forestry, and fishing, value added (% of GDP)","NV.AGR.TOTL.ZS","","","","","","","","","","","","","","","","","","","","","","","","","","","","","","","","","","","","2.1295687371656","2.14604807961432","1.94135888286546","2.00526337552562","1.5193958678326","1.58662671347368","1.9852549303455","1.9090155227557","1.67051880193861","1.50647353218952","1.47125970663954","1.69161295680886","2.13456038332977","2.36047432017713","1.90942987698677","1.4985946805378","1.79373080653758","1.79463304702131","2.07432555568651","2.6149279736894","2.04596984034113","2.06264218897129","1.84814166887456","2.00932916157168","1.6170097133415","1.72917824309886","1.87136287988656","1.930396226685","2.12570153523878","1.58278262269337","1.59299327980239",
"Slovenia","SVN","Agriculture, forestry, and fishing, value added (% of GDP)","NV.AGR.TOTL.ZS","","","","","","","","","","","","","","","","","","","","","","","","","","","","","","","","","","","","3.8282975157752","3.6057770607895","3.66283406958042","3.48186775450156","2.93554294561558","3.00267671439981","2.72189257546866","2.89427967530958","2.21614657272353","2.40213653237473","2.42413132120213","2.09205852541218","2.03283295611526","1.75871456280572","1.76138111297772","1.81942536718625","2.04087230966772","1.82601354087255","1.8307708216806","1.82135489758977","1.97361186480213","1.85129615497703","1.69303673263207","1.99134296260198","1.77040651705792","1.89729714128329","1.51147755118796","1.62480238565618","1.53197014432848","1.53730419088458","1.63415417451495",
"Sweden","SWE","Agriculture, forestry, and fishing, value added (% of GDP)","NV.AGR.TOTL.ZS","","","","","","","","","","","","","","","","","","","","","4.46056748836426","4.52076059789457","4.65974927885117","4.59840558297889","4.59003427210409","4.54995825826675","4.3851783346041","4.15882160465764","3.9737403258617","3.9037583426212","3.56460805580587","2.99813354234739","2.8483959407852","2.68346647751372","2.67941032798721","2.65644628129542","2.33929270094095","2.26624330646725","2.12330748581281","1.94972221830041","1.78476611555666","1.79177126650442","1.75199842361626","1.71155063466856","1.68061695988586","1.1603186332537","1.24032116770527","1.43883024091711","1.259569565252","1.13933399215134","1.36161648243538","1.41167566441203","1.252545647128","1.23062537056738","1.25159385276156","1.30311590626755","1.2811871059035","1.32101626320131","1.25008450476649","1.25718377928626","1.19622450679304","1.15942751247748","1.23876992958721","1.28228230721285","1.43580726942066","1.50330918888001",
"Eswatini","SWZ","Agriculture, forestry, and fishing, value added (% of GDP)","NV.AGR.TOTL.ZS","31.5307584544341","30.2607303573695","34.7500586788272","38.7958793603335","36.8417764199704","33.0677290836653","35.7012750455373","27.5280898876405","23.1578947368421","29.0836653386454","30.0873907615481","33.5040983606557","35.9042553191489","29.8701298701299","27.728285077951","24.859287054409","25.7383966244726","26.0968229954614","31.3977042538825","28.5384837128856","19.5171637724764","19.2852864843282","16.41254068871","13.9324389849685","17.7793008910212","16.9470404984424","18.9710610932476","14.1764062894139","13.8117332994343","13.0484728608998","8.87148663765698","9.83193215979339","7.7196551792743","8.87000793448343","11.4210828927981","10.0794803409696","11.9841877799452","10.8705418983846","11.0243645039919","11.1187716775231","10.1383058001151","9.98162263550156","10.3254630626656","10.1773781294435","7.93542577068212","9.04728048608606","9.20239622112456","8.84366174301086","8.1820020018654","7.55189409574541","8.30965206310733","7.97421442671441","8.44107107954548","8.37545690425617","8.20388205629893","7.37857520050359","5.37686940648276","8.11477800092546","7.38537092360196","7.42401138221192","7.62881465189563","7.17040128400091","7.57116956723157","6.63100879033993","6.477307702895","6.40805505607032",
"Sint Maarten (Dutch part)","SXM","Agriculture, forestry, and fishing, value added (% of GDP)","NV.AGR.TOTL.ZS","","","","","","","","","","","","","","","","","","","","","","","","","","","","","","","","","","","","","","","","","","","","","","","","","","","","0.11936022917164","0.119000396667989","0.0764609503003823","","","","","","","","","","","","",
"Seychelles","SYC","Agriculture, forestry, and fishing, value added (% of GDP)","NV.AGR.TOTL.ZS","","","","","","","","","","","","","","","","","9.62184931413176","9.16463909164639","8.40618695359785","7.29619059436655","6.38232063480669","7.30014231182838","5.97139551909343","7.22966840598459","6.02150229159734","5.36883160418693","5.61307140181841","4.9418286362297","4.41681948628908","4.00830830785769","4.48913069131821","4.45965773281393","3.57214307088821","3.8964015445245","3.85622410437574","3.8957027231211","3.63648434084708","3.25933965140454","2.45518109924782","2.89437357847178","2.64100273246754","2.63784400306895","2.69362339108723","2.46144781055938","3.22710437515749","3.03800915305174","2.78226337941348","2.62790252151546","2.53632156141561","2.24128896994315","2.23545934618328","2.19346218388635","1.99985279931942","2.71276034719474","2.33075493440682","2.05307446564115","1.9149122831203","2.13180786598013","2.0783484846252","2.12955445087691","1.96124535557297","2.44466263831241","2.45808085762332","2.51465392069906","2.63411383218554","2.60597439544808",
"Syrian Arab Republic","SYR","Agriculture, forestry, and fishing, value added (% of GDP)","NV.AGR.TOTL.ZS","","","","","","","","","","","22.4117647058824","21.8395107949582","26.5279583875163","18.9128891593145","21.6598295992427","19.0124775452736","20.6875631951466","19.8719135231185","22.0259964802865","18.4097090367938","20.8738053442559","19.158672484303","19.9104494970053","21.0380537855944","19.3318467786892","20.6332231901472","23.4597180110674","25.3398271109998","30.551419802523","23.6490626735346","28.2851584627769","30.675880396965","31.712455937357","29.0084711967227","27.8410831039654","28.2015850081002","27.7173134237621","25.7738720359886","29.386395494178","24.3458610266002","24.7339772855403","25.4975511779491","24.8635435252136","24.6554759380094","22.4332996039678","20.293121708002","21.4567815802916","19.4588025950103","18.7564030905377","22.7950178570023","19.4389724414256","20.6469030981773","23.432298282026","25.1049303727798","26.8601256182656","33.1304655969871","34.1668749627531","40.6356090849324","39.0098877578608","40.7410419328786","32.652890568598","38.6743054965317","42.8517272820162","","","",
"Turks and Caicos Islands","TCA","Agriculture, forestry, and fishing, value added (% of GDP)","NV.AGR.TOTL.ZS","","","","","","","","","","","","","","","","","","","","","","","","","","","","","","","","","","","","","","","","","1.44617213759061","1.33981036101429","1.08173289967301","1.28001315912783","1.28338455531603","1.14828449459065","0.972514567632394","0.898524867806953","0.568806190911156","0.70082027828026","0.611251215804586","0.552233193070452","0.515940483737729","0.531547685236666","0.513482576403009","0.411861920068554","0.367779794655588","0.377058294197292","0.342988703741605","0.296536471507569","0.437506192923027","0.355127019982062","0.433018459416548","0.366825679384226","0.351671672268128","",
"Chad","TCD","Agriculture, forestry, and fishing, value added (% of GDP)","NV.AGR.TOTL.ZS","39.7209228587099","38.7372487091908","38.4738708984789","38.0265478460772","36.5909089568316","35.8433570833043","36.5565618855065","39.9041377847287","39.5259541973567","38.3886139229187","37.1021416802671","37.2162707912074","37.8145041418631","36.4766911732022","36.70010049387","36.9593663769641","35.7767132689723","35.4988387676921","36.0920832044135","41.2661764373534","45.7323956707089","40.2712615406579","39.972404437348","38.884584974023","32.5715214680102","37.0453795002989","31.6745570966349","31.7795701609533","35.1904174293783","30.1660954371715","27.8886472425814","35.5078319175784","34.324370222012","31.3719736969134","37.2182906353757","35.0587445407866","37.5479745381536","38.3446764821847","39.0049151688843","38.0687995814283","40.7051378475034","40.2954389961717","37.9029324681757","25.6339405315666","29.7742610425581","29.2819873014385","32.1335493075332","29.351416386452","29.0575437948301","33.1566904523959","33.2509512944262","27.1563338879622","27.0843972280265","31.7128603274934","31.1688076695246","33.6210255108379","39.3716151096934","38.4300853118306","37.6181441617191","37.5903652533914","40.687470063118","37.4420946884713","35.2279823985979","35.191694250722","37.1603429829388","36.3366564080775",
"East Asia & Pacific (IDA & IBRD countries)","TEA","Agriculture, forestry, and fishing, value added (% of GDP)","NV.AGR.TOTL.ZS","29.3519977047368","41.5941686663737","45.127661253024","45.6346748505656","43.8372072019568","43.5501370703887","43.3194780267925","45.3633571054895","46.2174091589843","42.3802394245568","39.8938212652691","38.6252933789016","37.3697617115567","37.5201891653914","36.4172518980583","34.8091382738677","33.7421395876906","30.3929410382324","28.0811364582983","30.9333415382976","28.2012051497773","28.1218245963595","28.4680675188733","29.7099792657905","29.1996123442208","27.2495006962552","25.7288390845396","25.5922161936447","24.8550991896661","23.1956610077456","23.2239142335578","21.3506545883844","19.7438789208192","17.5607725265941","17.7543301793232","17.9137638344032","17.6123996732708","16.8085428393528","16.8277090696013","15.9402367751283","14.3718249910258","13.7817406170556","13.3597511146103","12.6579134231979","12.9313763623892","11.7919277135847","11.0323789316408","10.8510144833691","10.9375788539599","10.4916192007178","10.1803022530189","10.0759074949712","9.86916747637216","9.59876819024236","9.23519654905783","8.89118413103087","8.60772104192224","8.07273365555596","7.60131147081227","7.65340879326381","8.22524764070216","7.76779943231958","7.76775576272576","7.55315410343697","7.50868967807517","7.41212338700255",
"Europe & Central Asia (IDA & IBRD countries)","TEC","Agriculture, forestry, and fishing, value added (% of GDP)","NV.AGR.TOTL.ZS","","","","","","","","","","","","","","","","","","","","","","","","","","","","","","18.1259402936003","18.9360734920761","17.0325814064397","12.3080592697684","12.3231221238549","10.3490929713393","9.66645743832643","9.56583884900591","8.94211612771114","9.16102615062796","8.99494581121873","8.15358010381335","7.68202371893277","7.55343998691343","7.32514159094432","7.08576426107939","6.35955698346502","5.64356368095803","5.25976975948788","5.14873108917424","5.51530550941597","5.4908500689774","5.23184108242139","4.9068489226515","4.87811777041814","5.09935524970188","5.61335814678417","5.50817720354291","5.08042522010347","4.71401157948449","4.85067413646602","5.24081547526867","4.90328323393717","4.82717398999726","4.54779582149831","4.3029577117663","4.21196873040069",
"Togo","TGO","Agriculture, forestry, and fishing, value added (% of GDP)","NV.AGR.TOTL.ZS","","","","56.1728222232541","51.8228906257078","47.1264386210453","43.8794721278832","44.210528069783","44.5742891488536","42.9597543106358","32.1573959296494","30.5250299146699","29.6803641553597","32.0796454647734","25.4016840091862","27.4356975835973","35.069699560048","40.1066343010561","23.7288135592446","22.6033890978867","26.4681208052352","27.209302325616","26.8817204300088","30.1006711409131","33.3970681962785","32.6131386861752","34.8938486663324","32.8982418753821","33.7539432176025","32.2289156625908","15.1986157962116","14.3214224838542","15.4479055385704","18.701101006047","14.965637734458","16.7474394694461","19.573823325697","21.2818560757086","19.7297297327748","20.6555079118336","14.8052104263334","15.1644610248179","15.7403641419633","14.5723915809563","15.4058695261762","17.3325641240129","16.9609148487036","16.9297833739432","20.68166838543","21.3483480008088","21.077801220787","19.8649717432319","20.975947911624","19.1395466909651","19.3388381580273","18.9218601496344","20.385078914717","20.3155597844213","19.6494784155019","19.5287220037284","19.1736551821772","20.550806619999","21.2198485197121","20.7728226848382","21.344334944837","20.3258949863422",
"Thailand","THA","Agriculture, forestry, and fishing, value added (% of GDP)","NV.AGR.TOTL.ZS","36.4443804267702","35.8382304747796","34.0027004911291","33.0655231256479","30.6341992934479","31.923245627807","33.4002074220439","29.2437763343072","28.6829270021221","28.6847176406452","25.9158755967296","23.9243808216285","25.338036819162","27.6902292272749","27.0057313583991","26.8710847751989","26.6955264718511","24.783097761103","24.4981552661241","23.9935595031534","23.2398777723942","21.3571007576909","18.548449515227","20.0601739342431","17.5738564214472","15.809370205056","15.6641498962633","15.7334375187687","16.1780589023433","15.075292612001","12.4996278305399","12.6498265961915","12.2973357445063","8.02582929718645","8.62754771501915","9.08122459760424","9.06341649341052","9.06490231003904","10.2592271107015","8.8929952779078","8.49984812084058","8.57928745008654","8.6921781801026","9.44135495796228","9.29111013904814","9.19435528237181","9.40199346621521","9.3476847010693","10.0724338253633","9.78703375942043","10.5221756369849","11.5917917775207","11.5041001535767","11.3222153379773","10.0889216151042","8.87272364786793","8.47807696285562","8.40641258665047","8.20181926195524","8.1285680400948","8.70610471503835","8.69539558179486","8.71589001488812","8.55515003809495","8.89226589240955","8.7468928716046",
"Tajikistan","TJK","Agriculture, forestry, and fishing, value added (% of GDP)","NV.AGR.TOTL.ZS","","","","","","","","","","","","","","","","","","","","","","","","","","32.6633165829146","33.0522765598651","30.8064516129032","31.6860465116279","32.0289855072464","33.3333333333333","36.094674556213","29.5208655332303","20.9798319803128","19.6381188118812","36.6916905444126","36.0359273670558","32.0118294094944","25.1013069345557","25.3886394052045","25.1245312587452","23.8084093923083","22.2320978875952","24.1945646238501","19.222350137013","21.1916853994949","21.4510669294712","19.4347255630877","19.8672841249223","18.5520032964103","19.5866775137511","23.8355098416752","23.3268165616333","21.32088784652","23.7737836738595","21.5905747207608","20.8569765086156","20.2832963188861","19.7719647842925","20.8670733588001","22.6904308448361","22.4490805460825","22.9348537040845","22.8588621065173","23.0548214545919","",
"Turkmenistan","TKM","Agriculture, forestry, and fishing, value added (% of GDP)","NV.AGR.TOTL.ZS","","","","","","","","","","","","","","","","","","","","","","","","","","","","28","25.9259259259259","28.5714285714286","33.3333333333333","32.2033898305085","10.875","18.1636726546906","32.6834862385321","16.2116564417178","12.6322580645161","20.2340234023402","25.1589853519114","24.8416853652456","22.538770821367","23.0980446540008","20.9328028293546","19.1196027270432","18.3554592251422","18.5319970886289","17.1978740617556","18.8548148148148","10.7216494845361","10.5153529707868","11.3405425561667","8.88435455800276","8.50146680237083","8.47439420658294","8.2954435522879","9.30653875928778","10.5274383259738","11.1178074761568","11.0415688363389","10.8735150244584","11.5838634249365","11.9345152162615","11.0661103129735","11.7692627442089","12.166598020494","12.3560088049428",
"Latin America & the Caribbean (IDA & IBRD countries)","TLA","Agriculture, forestry, and fishing, value added (% of GDP)","NV.AGR.TOTL.ZS","","","","","","","","","","","","","","","","","","","","","","11.5612836273963","9.53303143043117","11.7163759802271","12.2192277114757","11.8480879278469","12.0402117609936","11.2144489132591","11.7595750578918","10.9109246942071","9.96195895577516","9.56783156855354","9.08941741375957","8.15607010954882","8.87136318258039","7.47823415901339","7.28836754888915","6.98093391021677","6.85674257050711","6.31542167466508","5.78509155172114","5.56818039841871","6.13823182481959","6.62218083809138","6.25551435712926","5.69907331866755","5.41734610020489","5.53245901864563","5.59385191538506","5.43562467467192","5.37086518988936","5.61846172164083","5.26174463845441","5.56444540279214","5.60354930400855","5.61178666352043","6.20602773652479","5.88628085717534","5.66663865094351","5.69044438052822","6.88283144500019","7.24771287922834","6.88563246777507","6.81832721246291","6.84875511477087","7.05348743832308",
"Timor-Leste","TLS","Agriculture, forestry, and fishing, value added (% of GDP)","NV.AGR.TOTL.ZS","","","","","","","","","","","","","","","","","","","","","","","","","","","","","","","","","","","","","","","","","28.4272805044528","21.5592112691635","24.6752674108622","24.8736693301982","30.7884121495921","28.912513952945","32.2042854838468","29.9974170746473","30.1555101464311","24.9628647732997","25.5964077031504","22.160242931026","25.7964939188578","21.3199869831315","21.0507074370281","17.8277581390576","17.0630746923768","17.1293898636009","17.7713577078907","14.1291551737167","13.2621545207774","8.67018187988423","10.324624768579","17.1798122405238","20.1605211861233","",
"Middle East, North Africa, Afghanistan & Pakistan (IDA & IBRD)","TMN","Agriculture, forestry, and fishing, value added (% of GDP)","NV.AGR.TOTL.ZS","29.6087630100556","29.6437698313166","27.6488958607283","25.6250428865004","24.6162467593334","24.374961660188","22.723496153602","22.8531869254322","22.5187556394206","20.7896709176759","20.7039226848007","20.0094347447842","19.3029251810306","15.7329812557127","12.6678659210052","12.4732008318568","11.9009757421211","10.9018403512833","12.0031993245993","10.8881507846469","10.9758710526422","13.2458772725383","13.6218103937238","12.9320695403164","13.5679473890621","13.9396964363395","15.4981764350951","15.2748979604071","15.3101058983434","15.9828912860469","12.6283113821742","14.769489694117","14.5662484832944","14.0173982890608","15.1291963736091","14.9784061469456","14.4748965596058","13.4364684051499","14.4737754754213","13.0437613633093","12.9602734266386","12.9055101164548","12.7247546130107","12.4802264484488","11.5564206427052","10.7093363338388","10.4843743758483","10.004024399062","9.23173304038901","10.623557142916","10.1747427887304","9.6745734315527","9.91893862853284","10.9555212705545","11.3012102563711","12.2136582352773","11.6518228390914","11.4513642072728","11.6542756064253","11.8700818860431","12.7998446633051","12.4633171420893","11.8427237032449","12.4631692959321","13.3010784620488","14.0580796861714",
"Tonga","TON","Agriculture, forestry, and fishing, value added (% of GDP)","NV.AGR.TOTL.ZS","","","","","","","","","","","","","","","","42.40754835514","39.9706250915423","38.0210414169663","35.7026227025539","36.2317970124452","33.4026040664486","33.8182892380407","32.7357704312585","31.0839414437751","32.508776003606","31.8612060745599","32.9343958596759","32.7511853014052","31.6453160926447","30.4367317966152","29.913153388241","30.6547966303409","32.7856067416947","34.1101893880106","21.5373455104652","20.7042248215328","20.3094453076087","20.2134650166009","21.2612603784124","22.3840696232441","19.6369230036126","18.2874396196592","18.1062295253149","19.1629815067882","20.2479896638834","17.7608711887512","15.7717863584054","16.7079851952487","14.7436009055831","15.5131326816281","16.4379858757354","17.0659562210843","16.6359974823467","17.0733080496623","16.3195876391853","16.8506590508632","16.6067373060163","16.8193728219433","17.2484083539677","18.5717274171571","17.0936649170189","16.5218701236255","17.4256295666446","18.9589244958951","18.5668581615644","",
"South Asia (IDA & IBRD)","TSA","Agriculture, forestry, and fishing, value added (% of GDP)","NV.AGR.TOTL.ZS","43.239169857288","42.8699275612883","40.9379453479371","41.6824071766882","42.5595470473298","40.5569494132016","42.050449863827","44.2712777404177","43.4579594915629","43.2027945918801","41.965734304915","39.9833102439855","40.2417139763416","42.6767138025458","40.9238518539044","40.3577639568491","36.068814114617","36.8153849046217","36.1925639557683","34.7766611803351","34.3739646866701","33.3194011404185","32.4067018469209","32.6555731163696","31.8608874706011","30.1526287833778","29.1115898064414","28.5134397016972","29.1300428898565","28.2416248305447","28.026196253963","28.2462192310442","27.3702483714357","27.1421378570042","26.5978685542028","24.8190367918952","25.0451224879171","24.211511463781","24.037240116684","23.0097363420051","21.820127589863","21.7178259698353","19.6340269940595","19.5581371879951","17.9321315128158","17.6689778127845","16.8648783063174","16.785086441836","16.8494486681433","16.7600134374728","16.8930158897435","17.0366460243094","16.614383973135","16.7917603976129","16.4571378440692","15.8639854043578","15.8401583265794","15.9809524254532","15.463530067683","16.0202862802799","17.6272947134837","16.5532517636333","17.1879169397086","16.7579251650367","16.7184339395148","15.5988753871126",
"Sub-Saharan Africa (IDA & IBRD countries)","TSS","Agriculture, forestry, and fishing, value added (% of GDP)","NV.AGR.TOTL.ZS","","","","","","","","","","","","","","","","","","","","","","15.2195198729833","15.3667872152339","14.770922372866","15.9891836678786","17.0977242957762","18.9227513920448","19.4171737374255","20.3065280800754","19.6834722819727","19.4216307453789","20.3274150432873","16.5162962837878","16.8248815928267","16.9665654676396","17.946659811832","18.9637825254881","19.6336591784313","20.5283837158247","16.3572782931295","15.4059255530131","16.4201444650451","19.6598472604323","17.2089991690646","15.133543822778","15.0503356493444","15.1830361268271","15.6505621951709","16.8999065154493","17.2406303686622","15.8370189957715","14.7256812836251","15.078198067441","15.2740880227011","15.543739632367","16.3098910946986","16.6512491680797","16.00175118419","15.6789880047634","18.2235301927876","20.1477280941081","19.6804241231464","19.8799225368837","19.2985764670609","17.9741900176443","17.9068584727972",
"Trinidad and Tobago","TTO","Agriculture, forestry, and fishing, value added (% of GDP)","NV.AGR.TOTL.ZS","","","","","","","6.70589183525429","6.47085472666868","6.76637282687922","6.76976386036961","6.64963192796739","6.61772972231905","7.11025702618304","5.70548341414412","4.58177319106478","5.03575394736413","4.87316304288379","4.10206032285472","3.65163269679402","3.36055336291218","2.58786582921288","2.59698468506049","2.38880073706301","2.13170181935276","1.32674437342214","2.43484035194511","2.7630359212051","2.76806391848078","2.71622794330344","2.45033473031078","2.54097218998096","2.47710407560753","2.53567550966559","2.51491781693607","2.22232077975689","2.31282988033606","2.08491149751638","2.16722840647102","2.05805858400105","1.93592311333183","1.3571938867876","1.28637705609447","1.39847219754841","0.947884612682488","0.761483945963904","0.483999190377517","0.566876991369423","0.371661707526332","0.365514424327618","0.595145826393538","0.52014610527508","0.456542570355529","0.623861527345923","0.712770738302384","0.668563339608001","0.922053426020572","0.992434424479726","1.08634326162954","0.964517699370851","0.765052940992269","1.06202921275842","0.908362622380658","0.762815650228413","0.835855107201165","0.777630166856125","",
"Tunisia","TUN","Agriculture, forestry, and fishing, value added (% of GDP)","NV.AGR.TOTL.ZS","","","","","","20.7956947914665","17.8591033851784","16.2982456140351","17.578798808217","15.9184878913172","17.0328215987295","19.3826600090785","21.4519906323185","19.7428993311908","18.7298100529784","18.4793844033536","17.7547853078117","15.8173274328208","15.0891742823785","13.5420944558522","14.1307724897613","13.6665064872657","13.1546082757472","12.3780455531836","14.2115276651488","15.8143710015246","13.0118429138037","16.4673378716414","11.830589104681","12.9156716962638","15.7206653291049","16.7207036445863","16.1223715507303","14.7091318284116","12.558018945478","11.3665419486506","13.7132007783366","11.2346034153613","10.6007451414762","10.606338964866","10.006319351485","9.4218557064738","8.29848151435206","9.2914975178949","9.90254515493647","9.16983114804996","9.28070949947767","8.64201987385816","7.8486499786515","8.45660665471427","6.846146170059","7.57684450427472","8.30025725587419","7.96930864809374","8.57165956609159","9.20589918732503","8.52541115305462","8.986045690927","9.88852551876126","9.76625873287072","10.3917002295357","10.0900379034943","10.8217247722212","9.47367928951245","9.73863393101929","10.2934775669857",
"Turkiye","TUR","Agriculture, forestry, and fishing, value added (% of GDP)","NV.AGR.TOTL.ZS","54.9192364170338","51.7385257301808","52.8019925280199","53.3261802575107","50.4970178926441","46.1467038068709","47.2025216706068","44.53125","41.5873015873016","40.8675799086758","39.0839694656489","37.360824742268","34.3133863714977","33.956043956044","36.0024203307785","35.3707725721378","32.519436345967","31.4399318375462","31.803527403755","27.9075627227242","26.1461400221772","24.1627642070624","22.3537484988849","20.9150138791008","21.2014310977356","19.6905586186263","19.5126009949236","17.8184708900603","17.258956312464","16.5859815004054","17.4762288321229","15.2470755823245","14.9836651520805","15.4160185614868","15.4628347718716","11.4932219399825","12.1491868936681","10.5914720419092","12.4484631042041","10.4493651539506","10.01837794564","8.77213969287109","10.1712688801184","9.77425990072158","9.30334217653319","9.1349746278064","8.06197674009426","7.41825141005247","7.38022403324347","8.01952664747498","8.90737962747164","8.1265846445357","7.658344974583","6.64997261417217","6.53828042868413","6.87689834308907","6.26556196399699","6.19642323537778","6.00418639185492","6.6541535628227","6.89122590909685","5.70488171636816","6.69360961922604","6.38984597795627","5.82042467876951","5.20951196750004",
"Tuvalu","TUV","Agriculture, forestry, and fishing, value added (% of GDP)","NV.AGR.TOTL.ZS","","","","","","","","","","","","","","","","","","","","","","","","","","","","","","","23.680981595092","22.35212675948","21.4220982920878","21.8021547502449","21.8109551608496","22.2332753046506","24.039448750066","22.8179106413332","20.1320612946561","19.1535923066528","16.5501120093503","17.0914065614907","16.1369528449126","16.1830837599592","17.5855684418957","19.4873131908721","21.5004730662448","22.0038866596124","21.1910405214949","23.5276986707214","26.2526592133255","25.5213358263488","19.8429043536568","18.9401127073419","18.2998089541933","15.940855929328","","","","","","","","","","",
"Tanzania","TZA","Agriculture, forestry, and fishing, value added (% of GDP)","NV.AGR.TOTL.ZS","","","","","","","","","","","","","","","","","","","","","","","","","","","","","","","28.954719959076","30.1999257092237","30.7850361075011","30.8676697945141","28.636588661415","30.0588767042841","30.3090191289217","29.3368816157901","26.7620753192211","26.4413895204429","26.2172723620722","25.8091623025794","25.1717362899073","24.9192926509551","25.7058139887433","24.6488410843814","23.6693107278646","23.245488236772","24.7654938768997","26.0351903601219","25.582406886144","24.9768644460885","26.5509265207861","26.7908679172376","25.8025774475571","26.745885729563","27.4441425717754","28.7534809528128","27.868599477377","26.5943119516018","25.254901665343","24.7884506158783","24.2569694569552","23.6871473778631","23.3180780856441","22.9094775894812",
"Uganda","UGA","Agriculture, forestry, and fishing, value added (% of GDP)","NV.AGR.TOTL.ZS","49.8748606120679","49.9228420707764","49.1808253843748","47.5129212741544","47.2433981066268","49.0661601772713","48.0332829046899","45.8387610363294","44.4264507422402","45.3695938660597","51.028120484606","54.0452435048899","54.4976525821596","58.5965778216519","60.4877054747996","70.6159352043699","71.8710415560005","73.2872596153846","73.6553731182409","65.2177978284499","71.7630422381308","58.3264787257908","50.2411021814007","53.0575807171552","49.7566802991231","48.375717866593","53.0979734447245","54.7544975282531","54.2743958976549","54.376227755144","53.282907395037","49.3725406407326","48.2029434921098","48.2848821835563","46.1698486683772","45.2953876100708","41.0372015173252","38.1199597496033","38.2510485122684","34.7859787484548","27.5091068813608","27.8502414795273","23.4334280026675","24.5070225774825","21.6703526422179","25.0749361336647","24.0349329838703","22.2781136788689","21.3845985625607","34.872859937466","32.8680090776536","28.9692474777902","27.177257747558","26.0303237402959","24.8199759353437","23.4723696930371","22.6603227869887","23.4588353827426","23.2502935412734","22.9455088065564","23.9290337205103","23.8418038272172","24.0117220529553","24.0895746897278","24.618950598633","26.1325416269988",
"Ukraine","UKR","Agriculture, forestry, and fishing, value added (% of GDP)","NV.AGR.TOTL.ZS","","","","","","","","","","","","","","","","","","","","","","","","","","","","20.7630227439472","20.042194092827","22.2635113110372","24.4670658682635","24.6488294314381","20.851976952116","21.5406715990099","14.5723971958075","13.769759643058","12.2290508961101","12.5153965618808","12.0680748199195","11.8750095828031","13.951785065407","13.9760861844442","12.6032510741528","10.4995403003371","10.4370371199069","8.87530749467009","7.23906141043294","6.28300133403275","6.53540152136768","6.90539595920772","7.40220509822994","8.15022183877887","7.76131248389414","8.69230562102956","10.1546081548161","12.0593761063371","11.7257009089167","10.1776550393512","10.1395331070229","8.96518101437243","9.31015109807472","10.8857721063269","8.57297627041519","7.55194546256383","7.29453892630693","7.57270528442222",
"Upper middle income","UMC","Agriculture, forestry, and fishing, value added (% of GDP)","NV.AGR.TOTL.ZS","27.2249550158657","32.2643747658141","33.0507048774297","33.1057905206716","31.4860078529912","31.5273846887404","30.4980203375524","30.7121230831133","29.8295204968625","27.8416514010602","26.6380343561097","25.4465659228606","24.5465615796043","23.7854343634262","21.8926005101703","21.0551647185708","19.6754338049437","18.8915742483969","17.0760901173659","17.6084058108969","15.4106394115975","15.5775156612917","14.7771025086673","16.1207233009905","16.6189164663726","16.3373058383618","16.1275190069983","15.3350882320151","15.4082410744621","14.648340668023","13.6549184198195","13.231140602613","12.3976447998382","11.0524782786186","11.2487109040659","10.943898010876","10.915390618805","10.2291438841721","10.1475913536313","9.85959508478896","8.94656985737259","8.84750196633489","9.28105732884538","9.0829772767092","9.02888380808808","8.19655529584431","7.72668540722979","7.73679801825373","7.88140989379887","7.94980029118926","7.73698098818345","7.67430041995344","7.65465484760884","7.69246853084238","7.58915091894384","7.5925474650819","7.50691265965284","7.06735687052149","6.7836706641491","6.88480800503611","7.60509447839614","7.28157247063471","7.19793071565628","7.00940129689282","6.95689166141098","6.87498225162687",
"Uruguay","URY","Agriculture, forestry, and fishing, value added (% of GDP)","NV.AGR.TOTL.ZS","","","","","","","","","","","","","","","","","","","","","","","","13.401180193278","14.6280284474872","13.5951131463716","12.6518194753433","13.7118635090988","12.3494750240354","11.548673992878","9.20845767653624","8.49783072201469","8.81564371126246","7.36675786246185","7.92533605710963","8.61611136382544","8.01605820451305","6.55147000680854","6.82374487122373","5.81525119210805","5.99419379958816","5.5867032330245","7.52965904535852","9.63878300629108","10.9967908719866","8.74583674336276","8.91384522998833","8.49936418864264","9.16892403649034","7.88699609562802","7.20206450749149","8.82916199856249","8.12177248512393","7.61620062705491","6.73546217242537","6.13144194290358","6.67871972637662","5.40639556316395","5.82386636841924","6.50279444770078","7.20670354093992","7.73427066102582","6.86639189064101","6.01413612088737","6.38000773071403","6.3800077320062",
"United States","USA","Agriculture, forestry, and fishing, value added (% of GDP)","NV.AGR.TOTL.ZS","","","","","","","","","","","","","","","","","","","","","","","","","","","","","","","","","","","","","","1.33691209333386","1.21399707177139","1.15124131310291","1.1505549143143","1.12925705700728","0.973712301131986","1.1210468251509","1.26548334003973","1.15050675283148","1.00948747512139","1.07512389607238","1.05300030562235","0.960285754997542","1.02943688973818","1.20055880447177","1.14932980065793","1.31815003575389","1.16824049198161","1.02890409132672","0.937140437714336","0.940362226343714","0.898498260790929","0.83262086291437","0.934873150907349","0.942961672907101","","","","",
"Uzbekistan","UZB","Agriculture, forestry, and fishing, value added (% of GDP)","NV.AGR.TOTL.ZS","","","","","","","","","","","","","","","","","","","","","","","","","","","","25.505152370824","28.0335012937491","31.1355788650726","33.1139918101534","37.0931919615658","35.1391853548148","27.5850886870416","34.3455984808316","28.0499215125601","22.3647561421471","28.1986118362458","26.8","29.0229534073079","30.05590367367","29.973808702008","30.1226812703015","28.4620073141","26.4440094608923","26.3310599495083","25.0794086599227","23.235899255055","19.6896057973097","18.6326849699042","24.0815269392886","26.469076721652","25.9172267873847","24.5690997967973","25.3540246715931","25.7597922930163","25.7139411156526","24.7588478005735","22.962221977009","21.1335355089228","21.5708620304833","21.4018272914351","20.3856963443599","19.6622079976968","17.7295044800399","16.5595763193311",
"St. Vincent and the Grenadines","VCT","Agriculture, forestry, and fishing, value added (% of GDP)","NV.AGR.TOTL.ZS","","","","","","","","","","","","","","","","","","11.8991535661826","14.2635786782325","12.5087651646237","9.99622357822119","11.7685280058833","11.0242811807471","10.3834483722539","12.1493706952189","12.1715891594787","12.3777177578793","11.3214071673148","13.6879144713072","13.0286552126477","14.1697098568545","12.4731120283704","13.2262018974523","9.78745973636211","7.06991861595946","9.19809662220764","8.1551250251391","6.44848665573282","7.05810045897479","6.93973116954519","8.46640148381463","6.84747690216531","6.98621312195398","6.10487656500833","5.85289384167699","6.59730508835995","6.14814293404524","5.95899436916071","6.0359091751918","6.34514264594716","6.26506875121356","6.33056361856909","6.15236356773518","6.54391422693896","6.55414786949357","6.26030041907991","6.75105293320355","6.76902554291306","7.10938187118093","7.00321360289631","8.64273688810065","5.2074867781098","4.63941650660287","4.20063280645518","3.54621278556935","3.43660558850432",
"Venezuela, RB","VEN","Agriculture, forestry, and fishing, value added (% of GDP)","NV.AGR.TOTL.ZS","","","","","","","","","6.44978407706788","7.09072445606378","6.46535319557905","6.31665529129697","5.9074501642223","6.0150437524743","4.86875634834364","5.54607190638283","5.14536949313122","5.55932334014103","5.70821010292204","5.35224827546369","5.29746145766539","5.4248127682253","5.71284864798055","6.11799980722361","4.95324611019063","5.6067573121373","6.42009354582846","5.91573200693259","6.41382003313931","5.89725899966962","5.21213674081204","0","0","0","0","0","0","0","0","0","0","0","0","0","0","0","0","0","0","0","0","0","","","","","","","","","","","","","","",
"British Virgin Islands","VGB","Agriculture, forestry, and fishing, value added (% of GDP)","NV.AGR.TOTL.ZS","","","","","","","","","","","","","","","","","","","","","","","","","","","","","","","","","","","","","","","","","","","","","","","","","","","","","","","","","","","","","","","","","","",
"Virgin Islands (U.S.)","VIR","Agriculture, forestry, and fishing, value added (% of GDP)","NV.AGR.TOTL.ZS","","","","","","","","","","","","","","","","","","","","","","","","","","","","","","","","","","","","","","","","","","","","","","","","","","","","","","","","","","","","","","","","","","",
"Viet Nam","VNM","Agriculture, forestry, and fishing, value added (% of GDP)","NV.AGR.TOTL.ZS","","","","","","","","","","","","","","","","","","","","","","","","","","","38.0634390651085","40.5574912891986","46.2970168612192","42.0674189299826","38.73674174711","40.4891339773424","33.9385879202403","29.8699539420211","27.4278288729318","27.1826887789875","27.7588260377303","25.7717067944634","25.7807804064629","25.4344379935091","24.5345819955349","23.2410475903552","23.0294421776834","22.5424367056108","21.8076993514673","19.2999788840494","18.7267854535521","18.655099701709","20.4131439246507","19.1684598670425","15.3750906872381","16.2591484896283","16.199507640393","15.2156122465127","14.8803489262722","14.4747261789547","13.8182553730866","12.9298794852362","12.3066684310428","11.7845285540387","12.6554035685556","12.6030904652745","11.8802998248459","11.8713266425191","12.0289339019357","11.6440301326976",
"Vanuatu","VUT","Agriculture, forestry, and fishing, value added (% of GDP)","NV.AGR.TOTL.ZS","","","","","","","","","","","","","","","","","","","","21.9512221891734","17.6872897535041","18.5289702791954","17.1187354756718","23.5490784397771","25.0959056985422","26.099706744868","22.4658545588778","19.1057441253264","18.7832607643928","19.0297672336616","19.5811624260205","15.5348009784301","15.1967607237758","16.9552018378733","15.2771651227761","15.4258934640289","16.5102739726027","15.7090425868506","26.0980058002212","24.8460671234065","22.9641302315643","23.5298826040555","24.2661341066397","22.8288874430709","23.5987549935054","22.2744970798183","20.9849622513423","20.9592045067866","20.0140320398243","19.3907393648134","19.5427410917595","20.8591539075539","21.6186956898294","23.1527878171594","25.5565710536183","23.3757039420756","22.5921642623816","22.954961314472","22.8862270194375","22.8278897154211","24.9982962483388","25.570905932076","26.9665542778012","25.5423185087831","26.6274867298977","",
"World","WLD","Agriculture, forestry, and fishing, value added (% of GDP)","NV.AGR.TOTL.ZS","","","","","","","","","","","","","","","","","","","","","","7.1612059614379","7.01677821536256","6.98714069265066","6.92212185461709","6.74683619887948","6.04098149511436","5.49816385712596","5.33213878992611","5.26484547593016","5.10766358798783","4.64094135132959","4.08562608510672","3.85518047854373","3.93266583290664","3.90179920633266","4.04569289585369","3.94650214098307","3.83276162047422","3.49681190005972","3.36613840334415","3.34712681083889","3.31336470999119","3.30307837194351","3.34583906680995","3.21993242419093","3.1934853150184","3.37506604005995","3.53401200073418","3.63961038714002","3.84887117605728","4.00598256310293","4.03511093565123","4.17627258441127","4.15504348996036","4.18554090766152","4.12841221761397","4.09394024921527","3.91924976054505","4.04997436616002","4.38235019123088","4.30295607275397","4.32398050260687","4.13682559934491","4.07045929837122","4.01004595954566",
"Samoa","WSM","Agriculture, forestry, and fishing, value added (% of GDP)","NV.AGR.TOTL.ZS","","","","","","","","","","","","","","","","","","","","","","","","","","","","","","","","","","","22.0827474554568","17.7781265838989","18.1349020943813","20.1616915050685","18.4141742065997","15.9840382743204","15.0763549820946","13.2281338102519","11.9922593594911","10.9888775430945","11.7403681062885","12.4865750417539","10.9860021831847","10.6649895462053","10.0298576357923","11.2374050203296","10.1420948693988","8.74914768052862","8.99062542491428","9.36698695177158","8.97743064055918","8.32395364948745","8.64439767739187","9.90757564175906","9.14766033843446","9.10454875149409","9.53642989262121","9.67170140141047","9.35673735856576","9.85408517045162","9.79503060602777","9.0895376966202",
"Kosovo","XKX","Agriculture, forestry, and fishing, value added (% of GDP)","NV.AGR.TOTL.ZS","","","","","","","","","","","","","","","","","","","","","","","","","","","","","","","","","","","","","","","","","","","","","","","","","11.2611406776178","8.27613579615343","9.45683318489999","8.13256820161268","7.44545756610942","8.43161126110458","8.29870640805469","7.67716823366887","8.17152319317784","7.40871957581394","6.53116433269115","7.23866991904392","7.36200975780916","6.92330553068501","7.3926054610264","7.22045547613922","7.33520637426488","7.36156167634088",
"Yemen, Rep.","YEM","Agriculture, forestry, and fishing, value added (% of GDP)","NV.AGR.TOTL.ZS","","","","","","","","","","","","","","","","","","","","","","","","","","","","","","","27.3913641864474","26.1614388072582","27.4603916232406","25.6621536893959","27.5741328443987","22.5769161913509","18.1576133493873","17.4405569717889","21.1746993379149","17.4447082464531","14.4669153987821","14.9385276406187","14.3141488130768","13.7449719708526","12.4153666524933","11.0932421339435","10.70558242967","10.419289027741","10.1968587173722","10.0190704935917","9.87370902755356","9.75264427533183","16.9903322750241","17.6849846837323","17.6765738204232","20.2059373997207","25.0909130885165","26.9610663621827","28.7451403146812","","","","","","","",
"South Africa","ZAF","Agriculture, forestry, and fishing, value added (% of GDP)","NV.AGR.TOTL.ZS","9.04144663146103","9.31714719271624","8.9586305278174","8.83528956532955","7.6463700234192","7.43438671665774","7.70367451482613","8.49482346694983","7.13701765860039","6.66666666666667","5.7468989179203","6.23506927854754","6.15515228695744","5.92210717844301","7.17206556910714","6.32524424834541","5.56130005868709","5.81997158514309","5.58204831090115","5.00188394875659","5.30465126297802","5.43192356158015","4.70217419271838","3.65363264011345","3.95744646864792","4.28584356009717","4.12008256869787","4.62630373950649","4.76800852835169","4.39916018278375","3.7770561775014","3.74350458027535","3.14920989404015","3.42257462613413","3.75544808249115","3.12158524596013","3.41658824480889","3.265895498876","3.03418044396185","2.84639917281201","2.61474799327768","2.8124516945524","2.95697182549084","2.65397752870021","2.411716114862","2.08511798972012","2.05097651238464","2.35591400504256","2.57248876696489","2.39949613487755","2.10778749314158","2.04389308620297","1.97670959546361","1.92684924597199","2.12574854869936","2.23397839045912","2.41418607394576","2.49379863849766","2.2607038266992","1.9503211452698","2.57866122238783","2.45787199667371","2.60577484985618","2.53517112309848","2.81119526983539","2.82763267053972",
"Zambia","ZMB","Agriculture, forestry, and fishing, value added (% of GDP)","NV.AGR.TOTL.ZS","11.4606291324384","12.7615921214608","12.3454245671888","13.0192804611409","11.9809394145677","14.3139841688654","13.4463276836158","12.8446115288221","11.3868872876079","9.66569767441861","10.6519527275573","13.040901007706","12.8747663551402","11.309111516907","10.6454540601143","13.1109979633401","14.1987829614604","16.3914619412002","16.1283156351357","14.9300857013983","13.9835487661575","15.6251793194468","13.4620198592607","14.1992729359992","14.5447170959237","13.0827641793577","12.1713774376697","10.8838805416435","16.4017130065211","19.1407580842751","18.2025763190401","15.8140297733418","21.2675485107907","30.4787304635698","11.826502598294","14.089372097349","13.2982447838973","13.9825484776443","15.86841123023","18.1899716550729","16.1497734560385","15.5274822358648","15.361429938368","15.6170996158156","15.5809428822284","14.5885513717285","13.2062710587766","12.1055962375597","11.4539997547605","11.5527836333973","9.42094610981773","9.64805782176724","9.32163953570601","8.22652318427817","6.77959785217865","4.98083656431146","6.22847198956029","4.0242711937365","3.34112399209449","2.86077493680796","2.97263384548847","3.00091831533747","3.09401583407622","2.23012034259343","2.83370764465019","4.10574926168725",
"Zimbabwe","ZWE","Agriculture, forestry, and fishing, value added (% of GDP)","NV.AGR.TOTL.ZS","","","","","","18.7643802311939","21.1267178181071","21.8570624809414","16.9032520210363","19.5367811465317","16.312040778125","18.4947209510481","18.9701916855377","15.92594698856","19.4716417069383","18.5971077212785","18.5886556322614","17.4806325963072","14.0692901381917","13.085373494189","15.0775306510765","16.6081203201379","14.8085166497697","9.92392131598042","13.4365724709581","20.7265647688053","16.1358805918183","13.1238283733151","14.8253142399673","13.3988228578161","14.8320467570777","13.5467268100856","6.75055514433753","13.7386272793026","17.0794502665265","13.4645115952214","19.3426818580193","16.6949847668151","18.890753678623","15.4813087517307","15.6687707765286","15.6288021236589","12.5684567195934","14.7936480237327","18.0640440733408","17.1493075153041","19.2316519025107","21.1955238679824","19.018786781349","10.7437375591345","9.60967815567222","8.66645403643065","8.04450024819692","7.14500739499758","8.74496936761426","8.28483096141089","7.87358488271703","7.24788152959223","7.31920056282215","22.7056524805476","20.8470510913708","21.4856530160599","17.0612308931471","11.4948694011417","8.69209937295811","9.47197936700304",
