"Data Source","World Development Indicators",

"Last Updated Date","2026-07-13",

"Country Name","Country Code","Indicator Name","Indicator Code","1960","1961","1962","1963","1964","1965","1966","1967","1968","1969","1970","1971","1972","1973","1974","1975","1976","1977","1978","1979","1980","1981","1982","1983","1984","1985","1986","1987","1988","1989","1990","1991","1992","1993","1994","1995","1996","1997","1998","1999","2000","2001","2002","2003","2004","2005","2006","2007","2008","2009","2010","2011","2012","2013","2014","2015","2016","2017","2018","2019","2020","2021","2022","2023","2024","2025",
"Aruba","ABW","Agricultural land (% of land area)","AG.LND.AGRI.ZS","","11.1111111111111","11.1111111111111","11.1111111111111","11.1111111111111","11.1111111111111","11.1111111111111","11.1111111111111","11.1111111111111","11.1111111111111","11.1111111111111","11.1111111111111","11.1111111111111","11.1111111111111","11.1111111111111","11.1111111111111","11.1111111111111","11.1111111111111","11.1111111111111","11.1111111111111","11.1111111111111","11.1111111111111","11.1111111111111","11.1111111111111","11.1111111111111","11.1111111111111","11.1111111111111","11.1111111111111","11.1111111111111","11.1111111111111","11.1111111111111","11.1111111111111","11.1111111111111","11.1111111111111","11.1111111111111","11.1111111111111","11.1111111111111","11.1111111111111","11.1111111111111","11.1111111111111","11.1111111111111","11.1111111111111","11.1111111111111","11.1111111111111","11.1111111111111","11.1111111111111","11.1111111111111","11.1111111111111","11.1111111111111","11.1111111111111","11.1111111111111","11.1111111111111","11.1111111111111","11.1111111111111","11.1111111111111","11.1111111111111","11.1111111111111","11.1111111111111","11.1111111111111","11.1111111111111","11.1111111111111","11.1111111111111","11.1111111111111","11.1111111111111","","",
"Africa Eastern and Southern","AFE","Agricultural land (% of land area)","AG.LND.AGRI.ZS","","40.4884524207293","40.4190804977299","40.4455406683479","40.4138108402359","40.3505782221657","40.3575953496702","40.3580991708497","40.3777082945946","40.4163162007212","40.5070159377377","40.6269085684933","40.6490914462887","40.6708343897772","40.6897868343469","40.7438659904345","40.7397354265057","40.7690137220674","40.8625464110459","40.8330501898624","40.8413326524021","40.9836008130434","41.0278390021967","41.0955739322451","41.1419171523905","41.3513223672286","41.4474786632898","41.4921435460874","41.5641611679761","41.6817584320892","41.6486419127268","41.7766966322659","41.897057823839","41.3403653822674","41.4740212360004","41.5681116837853","41.6354242604163","41.7771063622807","41.9281960944802","42.1423177239746","42.3294750545914","42.3911276441992","42.4548051672032","42.6470371759152","42.322487085155","42.419364070418","42.550013769265","42.6942102377561","42.8105401183541","43.077173636542","43.2947549789473","43.5562176011708","45.7754970149074","45.9028139353423","46.0256565674244","46.0975040198567","46.1990378341486","46.2868085471531","46.4015260566861","46.4392032275872","46.4926809067678","46.5176129329446","46.5665511398067","46.6038910710749","","",
"Afghanistan","AFG","Agricultural land (% of land area)","AG.LND.AGRI.ZS","","57.878355794735","57.9550158686353","58.0316759425356","58.1160020238259","58.123668031216","58.1926620977263","58.2294589331984","58.2309921346764","58.2555233583245","58.2708553731046","58.3168514174448","58.3352498351808","58.3370896769544","58.3387761985803","58.3387761985803","58.3383162381369","58.3383162381369","58.3383162381369","58.3367830366588","58.3367830366588","58.3429158425709","58.3444490440489","58.3444490440489","58.3444490440489","58.3444490440489","58.3444490440489","58.3306502307468","58.3229842233568","58.3229842233568","58.3229842233568","58.3076522085767","58.3076522085767","58.1604648666881","57.9749474878494","57.8982874139491","57.889088205081","57.9473498612453","58.0592735691397","57.8998206154271","57.9458166597673","57.9473498612453","57.9396838538552","58.0838047927878","58.1512656578201","58.134400441562","58.123668031216","58.129800837128","58.132867240084","58.132867240084","58.134400441562","58.131334038606","58.129800837128","58.123668031216","58.123668031216","58.123668031216","58.123668031216","58.123668031216","58.2769881790166","58.2769881790166","58.7415482268525","58.7415482268525","58.7415482268525","58.4395075356853","","",
"Africa Western and Central","AFW","Agricultural land (% of land area)","AG.LND.AGRI.ZS","","32.9064671953379","32.9482392241046","32.993102918451","33.0307791452682","33.0779055731558","33.103534374316","33.1111832316743","33.2370149824575","33.2617727362163","33.1863758458998","33.2124096619938","33.2379273714487","33.2558090460704","33.2081597978373","33.2900283889283","33.3736542343502","33.3875604978233","33.445067313156","33.5418764329886","33.6625496087678","33.6529756416804","33.7319649604567","33.8223075290356","33.9203696640865","34.0363796156882","34.158098737754","34.1754883382085","34.3145327876645","34.3269284572475","34.6781584672632","34.8462206465335","35.1190866348728","35.3997110475824","35.7404062999542","36.2362607646881","36.4633023354537","36.6333240140706","36.6803844997336","36.9334894392744","37.054583839094","37.237263320576","37.3814270521724","37.5766090044197","37.5413056696051","38.2495491488849","38.276515259049","38.4959050739682","38.6404725297321","38.7959397310127","38.997247567374","39.1218944192762","39.4335641923637","39.7276397170835","39.899894249031","40.1932060695706","40.2808880052356","40.4592061823303","40.7899382363931","40.9452051693095","41.1117283437452","41.3187314340079","41.4309066787327","41.5641212420431","","",
"Angola","AGO","Agricultural land (% of land area)","AG.LND.AGRI.ZS","","36.2372663832518","36.2436833239753","36.241276971204","36.2476939119275","36.2452875591562","36.2517044998797","36.2573193230128","36.2637362637363","36.2773722627737","36.2597256757841","36.241276971204","36.2236303842143","36.2051816796342","36.1875350926446","36.1698885056549","35.9910162829871","35.9733696959974","35.9549209914173","35.9292532285233","35.906793935991","35.8771155851448","35.8586668805647","35.8370097056228","35.8145504130906","35.7969038261009","35.7303280660945","35.7126814791048","35.6950348921152","35.6765861875351","35.6589396005454","35.6805967754873","35.7030560680196","35.7022539504291","35.7022539504291","35.6862115986204","35.6517205422315","35.6541268950028","35.7046603032004","35.7479746530841","35.7126814791048","35.6260527793374","35.6445014839175","35.6934306569343","35.5418304323414","35.4399614983557","35.4030640891955","35.4896927889629","35.4495869094409","35.7985080612818","35.9749739311783","36.3487607283228","36.3383331996471","36.4867249538782","36.6359188256998","36.7281623486003","36.7562364642657","36.7089115264298","36.7193390551055","36.7819042271597","36.7883211678832","36.8308334001765","36.9471404507901","36.9479425683805","","",
"Albania","ALB","Agricultural land (% of land area)","AG.LND.AGRI.ZS","","44.963503649635","44.963503649635","45","44.8905109489051","45.1459854014599","45.2554744525547","45.4014598540146","45.2554744525547","45.0729927007299","44.8905109489051","43.7956204379562","42.8467153284672","41.8248175182482","40.9489051094891","39.4160583941606","39.2335766423358","40.4744525547445","40.6569343065693","40.7664233576642","40.8029197080292","40.7299270072993","40.6569343065693","40.5109489051095","40.6204379562044","40.5839416058394","40.5474452554745","40.5474452554745","40.7664233576642","40.5109489051095","40.9124087591241","41.1313868613139","41.1313868613139","41.0948905109489","41.0948905109489","41.1313868613139","41.2773722627737","41.4233576642336","41.5693430656934","41.7883211678832","41.7518248175182","41.5693430656934","41.6058394160584","40.9124087591241","40.9489051094891","39.3065693430657","40.8759124087591","40.8394160583942","43.1021897810219","43.8430656934307","43.8430656934307","43.8321167883212","43.8430656934307","43.3321167883212","42.857299270073","42.8576642335766","43.1277372262774","42.8569708029197","42.8496715328467","42.8467153284672","42.538503649635","41.471897810219","41.4452554744526","38.1240875912409","","",
"Andorra","AND","Agricultural land (% of land area)","AG.LND.AGRI.ZS","","55.3191489361702","55.3191489361702","55.3191489361702","55.3191489361702","55.3191489361702","55.3191489361702","55.3191489361702","55.3191489361702","55.3191489361702","55.3191489361702","53.1914893617021","53.1914893617021","51.063829787234","51.063829787234","51.063829787234","48.936170212766","48.936170212766","48.936170212766","48.936170212766","48.936170212766","48.936170212766","48.936170212766","48.936170212766","48.936170212766","48.936170212766","48.936170212766","48.936170212766","48.936170212766","48.936170212766","48.936170212766","48.936170212766","48.936170212766","48.936170212766","48.936170212766","48.936170212766","48.936170212766","48.936170212766","48.936170212766","48.936170212766","48.936170212766","48.4042553191489","48.6170212765957","48.6382978723404","48.531914893617","46.3829787234043","46.3404255319149","44.1914893617021","44.1702127659574","44.1914893617021","42.063829787234","42.063829787234","39.9148936170213","40.0212765957447","40","40.0212765957447","40.0425531914894","40.0425531914894","40.0723404255319","40.0002127659574","39.9517021276596","39.9068085106383","39.9068085106383","39.8740425531915","","",
"Arab World","ARB","Agricultural land (% of land area)","AG.LND.AGRI.ZS","","27.8459671979345","27.8385798665314","27.8592287928629","27.8634119805249","27.8841499108491","27.8850399507772","27.9392433823974","27.9673686441247","28.0273573352774","28.0962464257109","28.2475532134847","28.3761639830924","28.3628253563666","28.423170278328","28.3886366061731","28.4650913081862","28.4833371916702","28.533357613709","28.5484883463542","28.6445239964964","28.2728954018683","28.299039527793","28.3532787541106","28.8493549546163","29.2720755831718","29.7087930294673","30.1985570443306","30.6591810482055","31.1005267186042","31.5953728795502","31.6508225644794","31.7520066653429","32.4500573231236","33.1169492207286","33.7438100416442","34.3875963013791","34.981691988496","35.6935803530812","36.3105830030018","36.3335301956819","36.3136016499946","36.3549603215044","36.4120623918415","36.4783336289805","36.482120969082","36.5027028446298","36.5161743521397","36.445617591847","36.4175899646314","36.4664334068114","36.4850086371838","39.8188245692201","39.8722185230812","39.8429765230693","39.8713061412487","39.9374316563858","39.9860168710732","39.9727655557089","39.9131952372974","39.9379439031186","39.9330434729508","39.8835618172048","39.9173723280743","","",
"United Arab Emirates","ARE","Agricultural land (% of land area)","AG.LND.AGRI.ZS","","2.92875246409462","2.92875246409462","2.92875246409462","2.92875246409462","2.94283300478738","2.95691354548015","2.95691354548015","2.95691354548015","2.95691354548015","2.98507462686567","2.98507462686567","2.98507462686567","2.99915516755843","3.0132357082512","3.02731624894396","3.04139678963672","3.05547733032948","3.06955787102225","3.08363841171501","3.13996057448606","3.19628273725711","3.19628273725711","3.26668544072092","3.26668544072092","3.30892706279921","3.3511686848775","3.3511686848775","3.36524922557026","3.36524922557026","4.01295409743734","4.36496761475641","4.77330329484652","4.99859194593072","5.23796113770769","5.39284708532808","5.44916924809913","5.56181357364123","5.60405519571952","7.2655589974655","7.70205575894114","7.91326386933258","7.96958603210363","7.80061954379048","7.80061954379048","7.84286116586877","7.58377921712194","7.49929597296536","7.5978597578147","5.46184173472261","5.52379611377077","5.47029005913827","5.30413967896367","5.34215713883413","5.3858068149817","5.39003097718952","5.40411151788229","5.40411151788229","5.37524640946212","5.49704308645452","5.48859476203886","5.51339763446916","5.51339763446916","5.51539988735567","","",
"Argentina","ARG","Agricultural land (% of land area)","AG.LND.AGRI.ZS","","50.3633951963869","49.8536553281519","49.2839890524685","48.7073800832392","48.1530608143414","47.8490439180178","47.3941147883027","47.2231052841206","46.5460099609382","46.5463753658617","46.5463753658617","46.5463753658617","46.5463753658617","46.5463753658617","46.5463753658617","46.5463753658617","46.5463753658617","46.5463753658617","46.5463753658617","46.5463753658617","46.5463753658617","46.5467407707851","46.5471061757086","46.5467407707851","46.5467407707851","46.5467407707851","46.5467407707851","46.5452791510913","46.5781655942032","46.6128790619325","46.6475925296617","46.682305997391","46.7170194651203","46.7528291476199","46.7882734251961","46.8237177027723","46.8577003606547","46.8924138283839","46.9223770321081","46.9581867146078","46.9932655872605","47.031267699301","47.1749814557001","47.3186952120993","47.4737365211259","47.5533947944415","47.4910932549905","46.4235627710848","45.4302094866426","46.1389123357048","45.7919603608739","45.5813044224958","44.9219312381015","44.1959177327355","44.1239360687546","43.4324236577764","42.9825761047104","42.3613927774063","42.605848671205","43.0004859885482","43.1097420606645","43.4276443440799","42.4367915620695","","",
"Armenia","ARM","Agricultural land (% of land area)","AG.LND.AGRI.ZS","","","","","","","","","","","","","","","","","","","","","","","","","","","","","","","","","41.0958904109589","41.4822620302072","42.1496311907271","43.6951176677204","45.8728486125746","46.7860906217071","46.6455918510713","46.4699683877766","46.4699683877766","46.6455918510713","48.8584474885845","50.7200561995083","52.8626624517035","56.3751317175975","61.6930101861609","61.5349490691956","61.4260625219529","61.3382507903056","60.9413417632596","59.6452406041447","59.1148577449947","59.1148577449947","59.0340709518792","58.8935721812434","58.8970846505093","58.872497365648","58.9146469968388","58.9041095890411","59.4380831430972","59.3969093973882","58.6134209413894","58.5933621376878","","",
"American Samoa","ASM","Agricultural land (% of land area)","AG.LND.AGRI.ZS","","9.65","9.65","9.65","9.65","9.65","9.65","9.65","9.65","9.65","9.65","9.65","9.65","9.65","9.65","9.65","9.65","9.65","9.65","9.65","9.65","9.65","9.65","9.65","9.65","9.65","9.65","9.65","9.65","9.65","9.65","9.82","9.99","10.16","10.33","10.5","10.67","10.84","11.01","11.18","11.35","11.5","11.65","11.8","11.95","12.1","12.25","12.4","12.55","12.7","12.85","13","13.15","13.3","13.45","13.6","13.75","13.9","14.05","14.2","14.35","14.5","14.5","14.8","","",
"Antigua and Barbuda","ATG","Agricultural land (% of land area)","AG.LND.AGRI.ZS","","22.7272727272727","20.4545454545455","20.4545454545455","20.4545454545455","20.4545454545455","20.4545454545455","20.4545454545455","20.4545454545455","20.4545454545455","20.4545454545455","22.7272727272727","20.4545454545455","20.4545454545455","20.4545454545455","20.4545454545455","20.4545454545455","20.4545454545455","20.4545454545455","20.4545454545455","20.4545454545455","20.4545454545455","20.4545454545455","20.4545454545455","20.4545454545455","20.4545454545455","20.4545454545455","20.4545454545455","20.4545454545455","20.4545454545455","20.4545454545455","20.4545454545455","20.4545454545455","20.4545454545455","20.4545454545455","20.4545454545455","20.4545454545455","20.4545454545455","20.4545454545455","20.4545454545455","20.4545454545455","20.4545454545455","20.4545454545455","20.4545454545455","20.4545454545455","20.4545454545455","20.4545454545455","20.4545454545455","20.4545454545455","20.4545454545455","20.4545454545455","20.4545454545455","20.4545454545455","20.4545454545455","20.4545454545455","20.4545454545455","20.4545454545455","20.4545454545455","20.4545454545455","20.4545454545455","20.4545454545455","20.4545454545455","20.4545454545455","20.4545454545455","","",
"Australia","AUS","Agricultural land (% of land area)","AG.LND.AGRI.ZS","","61.7633318797756","62.0377922627338","62.3992265597542","62.7291058146649","63.2960429819195","63.3961867800008","63.7283839344988","66.8510161149656","66.5019615089231","64.2297877588743","65.0242982830663","65.0605938325762","64.8109290186533","65.1311456204522","65.0257084466892","65.1812608203273","63.9795373781289","64.5770146961196","64.2044700154902","64.5168764562696","64.5073740936959","63.8834723975893","62.9744998242714","63.3349387553207","63.3652682139463","60.9896775705192","61.3123673899744","61.4467021595095","60.8026242141026","60.4554625567864","60.2400322819989","60.6594379287453","59.8905275763769","61.0680395194148","60.3189149082957","60.5586868515939","60.1685693086706","60.3830883980058","59.056923056897","59.2881038230738","59.3181729429988","58.1856995951733","57.2094294677375","51.4046574593546","53.3993725837314","53.27857542663","51.8536766332999","50.6733660492301","50.0184840477461","48.9920987204353","51.5628132199992","50.3854314463116","48.3937102169923","48.7383986566523","45.3144240657095","44.5399257932247","48.3406179391109","46.6580950127535","47.1237724290889","46.2524798427461","47.2592374954823","47.2592374954823","47.2234443228177","","",
"Austria","AUT","Agricultural land (% of land area)","AG.LND.AGRI.ZS","","43.0853126514784","42.7896267571498","42.2903538536112","42.1291808046534","41.9801260300533","41.2748424624333","40.8834222006786","40.7089190499273","40.6095492001939","40.4241396025206","40.2435773145904","40.0763451284537","39.0475036354823","38.8669413475521","38.6512360639845","38.5785264178381","38.5070285991275","38.5458070770722","38.0865244789142","38.0634997576345","38.2380029083859","38.0841008240427","36.6686863790596","36.7571497818711","36.8092583616093","36.6795928259816","36.6941347552109","36.9401357246728","36.9680077556956","36.6444498303442","36.8019873969947","36.5123606398449","36.3427047988366","36.2833252544838","36.1257876878333","36.0312651478429","35.9258361609307","35.8688802714493","35.811924381968","35.630150266602","35.3380998545807","35.1696558410082","34.9640087251575","34.7479398933592","34.6194861851672","34.4558894813379","34.2959282598158","34.0450799806108","33.8705768298594","33.6791080950073","33.413717886573","33.1459040232671","32.9180804653417","32.8914202617547","32.9429229277751","32.3578526417838","32.1694134755211","32.1477217644207","32.1280901599612","31.5398121667475","31.5376684440136","31.4765838584586","31.4743456131847","","",
"Azerbaijan","AZE","Agricultural land (% of land area)","AG.LND.AGRI.ZS","","","","","","","","","","","","","","","","","","","","","","","","","","","","","","","","","53.4289868656645","53.5539613300167","53.9072545273201","53.9445065311174","54.3903288991432","55.1413773627985","56.3483849227362","56.7365939181428","57.3863567580655","57.4500024211903","57.4317945241957","57.5255287228379","57.5152409521966","57.5683522864747","57.5529121337899","57.5645354536543","57.5683493289119","57.5790951562538","57.6703445605885","57.691935444845","57.6870962278303","57.7045451795933","57.7005431692535","57.7017529003303","57.7355751784202","57.7956013645932","57.8253926004791","57.8278123260822","57.8382498850519","57.8415003024803","57.8402903811252","57.8294010889292","","",
"Burundi","BDI","Agricultural land (% of land area)","AG.LND.AGRI.ZS","","61.3317757009346","61.9158878504673","62.4610591900312","62.5","63.2398753894081","63.1230529595016","64.8753894080997","65.2647975077882","73.8707165109034","73.208722741433","73.9485981308411","74.2211838006231","77.8816199376947","79.0498442367601","80.2180685358256","81.5809968847352","83.4501557632399","82.5545171339564","81.7757009345794","81.3084112149533","80.8021806853583","80.2180685358256","80.2180685358256","80.2180685358256","80.2180685358256","81.0747663551402","81.2694704049844","81.4641744548287","81.2694704049844","81.0747663551402","80.880062305296","81.0747663551402","80.880062305296","80.7242990654206","79.3224299065421","77.6090342679128","76.01246105919","74.493769470405","73.481308411215","72.702492211838","72.0794392523365","71.417445482866","71.3785046728972","71.9626168224299","70.8333333333333","70.9501557632399","71.0669781931464","71.183800623053","71.3006230529595","71.3785046728972","71.690031152648","72.4299065420561","73.481308411215","74.5327102803738","75.5841121495327","76.6355140186916","77.6869158878505","78.7383177570093","79.7897196261682","80.8411214953271","81.892523364486","82.8079633956386","83.8865576323987","","",
"Belgium","BEL","Agricultural land (% of land area)","AG.LND.AGRI.ZS","","","","","","","","","","","","","","","","","","","","","","","","","","","","","","","","","","","","","","","","","45.8114924339828","45.7191837272937","45.7950087363597","45.8972076616227","45.8675370059012","45.5939076253585","45.4950054396202","45.0631325618963","45.0103847295025","44.9543401575841","44.6938977351399","44.0345498302179","43.9125704678073","44.0609237464148","43.8894932911351","43.7807008868229","44.5323574984341","43.7477334915768","44.403633620831","44.4677641503247","44.7500918213419","44.7848757132551","44.5661441595068","44.3792221420607","","",
"Benin","BEN","Agricultural land (% of land area)","AG.LND.AGRI.ZS","","12.5448740688187","12.7274742816602","12.9097641007449","13.069927279177","13.265031926215","13.5310393756651","13.9194749911316","14.1926214969847","14.9434639943242","15.1354469670096","15.5695725434551","15.8452908832919","16.0137903511884","16.2532369634622","16.6088151826889","16.8438275984392","17.1386661936857","17.3262681802057","17.5","17.7749201844626","18.0454061724016","18.4045760908123","18.3912291592763","18.5597286271728","18.8529177013125","19.3861298332742","19.474813763746","19.5650940049663","19.559772969138","20.0540617240156","20.1162735012416","20.3100922312877","20.6264455480667","21.169359702022","22.3005764455481","23.9875399077687","25.6284941468606","26.9671869457254","27.5451933309684","28.3068109258602","28.9067843206811","29.8628857750976","30.7821656615821","30.6779443064917","30.8048244058177","29.6144554806669","29.9672224192976","31.7833628946435","33.170672224193","30.9253636041149","32.0979514012061","33.3912380276694","35.3010287335935","35.4549663001064","36.122942532813","34.3804984036893","36.3017018446258","39.5602039730401","41.071385242994","39.3140173820504","41.002345689961","43.0623652004257","41.8300133025896","","",
"Burkina Faso","BFA","Agricultural land (% of land area)","AG.LND.AGRI.ZS","","32.9495614035088","32.9495614035088","32.9495614035088","32.9678362573099","32.9678362573099","32.9678362573099","32.9678362573099","32.9678362573099","32.9678362573099","32.9678362573099","32.9678362573099","32.9678362573099","32.9678362573099","32.9678362573099","33.0043859649123","33.0226608187134","33.0226608187134","33.0226608187134","33.0226608187134","33.0409356725146","33.0592105263158","33.0592105263158","33.077485380117","33.5556670321637","34.0155738304094","34.4937551169591","34.9719367690059","35.4501184210526","35.9100252192982","36.3699316520468","36.8298384502924","37.289745248538","37.7496520467836","38.2095588450292","38.6694652777778","39.1293720760234","39.589278874269","40.0491856725146","40.5090924707602","40.9763088450292","41.4508355263158","41.9180522660819","42.385269005848","42.9073099415205","43.4256962719298","43.9294627192982","44.407644371345","44.9132383040936","45.4371067251462","46.0212825292398","46.7589671052632","47.3285230263158","48.1173768274854","48.686932748538","49.293038377193","49.8260445906433","50.3590508040936","51.1961505847953","51.6768903508772","52.1594579678363","52.6708998538012","53.3497394005848","53.4020054824561","","",
"Bangladesh","BGD","Agricultural land (% of land area)","AG.LND.AGRI.ZS","","72.827840516248","72.8047937312745","72.827840516248","73.1351309825613","74.0339555965276","74.1338249980794","74.4795267726819","74.2797879695783","74.3258815395252","74.4948912959975","74.4795267726819","76.7534762234002","76.7381117000845","76.7381117000845","76.853345624952","76.807252055005","76.7534762234002","76.7227471767688","76.6920181301375","76.7227471767688","76.6766536068218","76.6536068218484","76.5460551586387","77.2835522777906","77.0300376430821","77.1375893062918","77.7060766689713","80.102942306215","80.2258584927403","79.7879695782438","79.2809403088269","73.3579165706384","72.5666436198817","71.8906045939925","72.0135207805178","71.6524544825997","71.9443804255973","72.4744564799877","72.873934086195","72.2132595836214","72.2363063685949","71.8521932857033","71.6601367442575","71.6217254359684","71.5295382960744","71.2913881846816","71.1838365214719","71.0839671199201","71.0301912883153","70.9917799800261","70.1236844126911","70.0622263194284","69.9700391795345","69.900898824614","70.3867250518553","70.6323269570562","70.5794729968503","70.694476453868","72.1902127986479","72.4437274333564","72.3515402934624","72.3706433287272","72.311124788429","","",
"Bulgaria","BGR","Agricultural land (% of land area)","AG.LND.AGRI.ZS","","51.27903823556","51.387507909247","51.4598210250384","52.1739130434783","52.3637349724306","52.4450872276959","52.9964747356052","53.1591792461358","54.4336979119588","54.3252282382717","54.3161890987978","54.4336979119588","54.0721323330019","54.5783241435415","53.828075567206","56.0245864593691","56.0968995751604","56.1420952725301","56.0968995751604","55.8709210883124","55.8528428093645","55.8799602277863","55.8347645304167","55.7895688330471","55.7624514146253","55.7353339962036","55.7353339962036","55.6991774383079","55.7534122751514","55.6720600198861","55.6901382988339","55.6268643225165","55.3285727198771","55.6720600198861","55.7172557172557","55.7172557172557","56.0697821567387","51.0259423302901","51.3332730724035","50.4564765434331","49.6971888276236","48.9430147058824","48.9657074561","49.006987863185","48.4628129602356","47.7768572217619","47.1043182027438","46.9662093729859","46.3338246131172","46.5364775239499","46.8680913780398","47.1904937361828","46.0114222549742","45.8456153279293","46.1670965364775","46.2509211495947","46.3294030950626","46.3338246131172","46.3983050847458","46.4904200442152","46.4904200442152","46.2601326455416","46.0850221075903","","",
"Bahrain","BHR","Agricultural land (% of land area)","AG.LND.AGRI.ZS","","14.4927536231884","14.4927536231884","14.4927536231884","14.4927536231884","14.4927536231884","14.4927536231884","14.4927536231884","14.4927536231884","14.4927536231884","14.4927536231884","14.4927536231884","14.4927536231884","14.4927536231884","14.4927536231884","14.4927536231884","14.4927536231884","14.4927536231884","14.4927536231884","14.4927536231884","14.4927536231884","14.4927536231884","14.4927536231884","14.4927536231884","14.4927536231884","14.4927536231884","14.4927536231884","14.4927536231884","14.4927536231884","14.4927536231884","14.4927536231884","14.4927536231884","14.0845070422535","14.0845070422535","14.0845070422535","14.0845070422535","14.0845070422535","14.0845070422535","14.0845070422535","14.0845070422535","13.943661971831","13.7887323943662","13.6478873239437","13.3055555555556","12.986301369863","12.6621621621622","12.527027027027","12.2133333333333","11.9210526315789","11.7763157894737","11.6141732283465","11.3950456323338","11.2207792207792","11.0779220779221","10.9338521400778","10.694087403599","10.5519897304236","10.3974358974359","10.4113110539846","10.3846153846154","10.3184713375796","10.253164556962","10.253164556962","10.125","","",
"Bahamas, The","BHS","Agricultural land (% of land area)","AG.LND.AGRI.ZS","","0.999000999000999","0.999000999000999","0.999000999000999","0.999000999000999","0.999000999000999","0.999000999000999","0.999000999000999","0.999000999000999","0.999000999000999","0.999000999000999","0.999000999000999","0.999000999000999","0.999000999000999","0.999000999000999","0.999000999000999","1.0989010989011","1.0989010989011","1.0989010989011","1.0989010989011","1.0989010989011","1.0989010989011","1.0989010989011","1.0989010989011","1.0989010989011","1.0989010989011","1.0989010989011","1.0989010989011","1.0989010989011","1.0989010989011","1.0989010989011","1.0989010989011","1.0989010989011","1.0989010989011","0.999000999000999","0.999000999000999","0.999000999000999","0.999000999000999","0.999000999000999","0.999000999000999","1.0989010989011","1.0989010989011","1.0989010989011","1.0989010989011","1.0989010989011","1.0989010989011","1.0989010989011","1.0989010989011","1.0989010989011","1.0989010989011","1.1988011988012","1.2987012987013","1.2987012987013","1.2987012987013","1.2987012987013","1.2987012987013","1.2987012987013","1.2987012987013","1.2987012987013","1.2987012987013","1.2987012987013","1.2987012987013","1.2987012987013","1.2987012987013","","",
"Bosnia and Herzegovina","BIH","Agricultural land (% of land area)","AG.LND.AGRI.ZS","","","","","","","","","","","","","","","","","","","","","","","","","","","","","","","","","42.96875","42.7734375","42.578125","42.48046875","42.3828125","42.28515625","42.1875","41.11328125","41.6015625","41.5234375","41.46484375","42.36328125","42.37109375","42.12890625","42.16796875","41.97265625","41.6015625","41.5625","41.875","42.01171875","42.109375","42.20703125","42.12890625","42.5","43.14453125","43.515625","43.18359375","43.28125","43.7890625","44.19921875","21.81640625","21.73828125","","",
"Belarus","BLR","Agricultural land (% of land area)","AG.LND.AGRI.ZS","","","","","","","","","","","","","","","","","","","","","","","","","","","","","","","","","46.2774974375148","46.1033456223015","46.0670945100011","46.0348601060788","46.0084592859889","45.8751324837938","45.8859433315749","45.7564029876501","45.6105063890204","45.0000985979373","44.4956096021772","44.3039846962421","44.1634001429875","44.1200396385204","44.1489571422939","43.9426124070359","43.9473243240579","43.9974765645792","43.8536830588166","43.7386033216697","43.3516182928452","42.9317720346167","42.4879171121282","42.242016376159","42.0354897826473","41.8448381185095","41.6444969947778","41.3223954869066","40.7971228692482","40.2759300320276","39.8738854130745","39.5796692333841","","",
"Belize","BLZ","Agricultural land (% of land area)","AG.LND.AGRI.ZS","","3.46339324857519","3.46339324857519","3.50723366944323","3.50723366944323","3.50723366944323","3.55107409031127","3.55107409031127","3.55107409031127","3.59491451117931","3.59491451117931","3.63875493204735","3.63875493204735","3.68259535291539","3.68259535291539","3.72643577378343","3.72643577378343","3.77027619465147","4.07715914072775","4.12099956159579","4.20868040333187","4.25252082419991","4.25252082419991","4.25252082419991","4.25252082419991","4.42788250767207","4.51556334940815","4.91012713722052","5.04164839982464","5.26085050416484","5.52389302937308","5.69925471284524","5.96229723805348","6.26918018412977","6.26918018412977","6.40070144673389","6.44454186760193","6.48838228846997","6.48838228846997","6.57606313020605","6.53222270933801","6.53222270933801","6.66374397194213","6.66374397194213","6.66374397194213","6.66374397194213","6.66374397194213","6.66374397194213","6.66374397194213","6.79526523454625","6.88294607628233","6.88294607628233","7.01446733888645","7.01446733888645","7.01446733888645","7.45287154756686","7.45287154756686","7.54055238930294","7.54055238930294","7.62823323103902","7.89127575624726","7.97895659798334","7.97895659798334","7.97895659798334","","",
"Bermuda","BMU","Agricultural land (% of land area)","AG.LND.AGRI.ZS","","7.40740740740741","5.55555555555556","5.55555555555556","7.40740740740741","7.40740740740741","7.40740740740741","7.40740740740741","5.55555555555556","5.55555555555556","5.55555555555556","5.55555555555556","5.55555555555556","5.55555555555556","5.55555555555556","5.55555555555556","5.55555555555556","5.55555555555556","5.55555555555556","5.55555555555556","5.55555555555556","5.55555555555556","5.55555555555556","5.55555555555556","5.55555555555556","5.55555555555556","5.55555555555556","5.55555555555556","5.55555555555556","5.55555555555556","5.55555555555556","5.55555555555556","5.55555555555556","5.55555555555556","5.55555555555556","7.40740740740741","7.40740740740741","7.40740740740741","7.40740740740741","7.40740740740741","7.40740740740741","7.40740740740741","7.40740740740741","7.40740740740741","7.40740740740741","7.40740740740741","7.40740740740741","7.40740740740741","5.55555555555556","5.55555555555556","5.55555555555556","5.55555555555556","5.55555555555556","5.55555555555556","5.55555555555556","5.55555555555556","5.55555555555556","5.55555555555556","5.55555555555556","5.55555555555556","5.55555555555556","5.55555555555556","5.55555555555556","5.55555555555556","","",
"Bolivia","BOL","Agricultural land (% of land area)","AG.LND.AGRI.ZS","","27.7319302132373","27.6396196806056","27.5150004615527","27.5805409397212","27.614695836795","27.6479276285424","27.6820825256162","27.7153143173636","27.9340902797009","27.9673220714484","28.3707190990492","28.8655035539555","28.9005815563556","29.3944429059356","29.8901504661682","29.9233822579156","30.4190898181482","30.4523216098957","30.947106064802","30.9812609618758","31.4769685221084","31.5111234191821","31.5452783162559","32.0474476137727","32.0197544539832","32.4960768023631","32.5182313301948","32.5394627527001","32.74254592449","32.7286993445952","33.0434782608696","33.0757869472907","33.4284131819441","33.5558017169759","33.785654943229","33.8631957906397","34.0385858026401","34.1382811778824","34.218591341272","34.2869011354195","34.2989015046617","34.4419828302409","33.829040893566","33.8013477337764","34.119819071356","34.2857729160897","34.415725653097","34.534601033878","34.6534765069694","34.7723519800609","34.8967660851103","35.0257956244808","35.1557483614881","35.2829317825164","35.2820086771901","35.1546201421582","35.0226160804948","35.2631302501615","35.5444151204652","35.5645909720299","35.6827879627065","35.8307014677375","35.8307014677375","","",
"Brazil","BRA","Agricultural land (% of land area)","AG.LND.AGRI.ZS","","18.7791781425054","19.2226978729717","19.6662176034381","20.1097373339044","20.5532570643708","20.9967767948371","21.4402965253035","21.8838162557698","22.3273359862362","22.7715735797677","23.191044897549","23.6105162153302","24.0299875331114","24.4494588508927","24.8690498125181","25.4578171698488","26.0465845271795","26.6353518845102","27.2241192418409","27.819252608834","28.0461681666017","28.2731086102889","28.5000490539761","28.7269894976634","28.9536555980158","28.7838203236605","28.6139499936589","28.4440796636572","28.2742093336556","28.1043390036539","27.9344686736523","27.7645983436506","27.594728013649","27.4248576836473","27.2554659290225","27.2678729956665","27.2802800623105","27.2926871289545","27.3050941955985","27.3175012622426","27.3299083288866","27.3423153955306","27.3547224621746","27.3671295288186","27.3795365954626","27.3925777744809","27.4788170573836","27.5650563402862","27.6512956231889","27.7375349060916","27.8237741889942","27.9100134718969","27.9962527547995","28.0824920377022","28.168707391836","28.2549706035075","28.3411141713348","28.338218790305","28.3353473380441","28.3324758857832","28.3296044335223","28.3267329812614","28.3267329812614","","",
"Barbados","BRB","Agricultural land (% of land area)","AG.LND.AGRI.ZS","","44.1860465116279","44.1860465116279","44.1860465116279","44.1860465116279","44.1860465116279","44.1860465116279","44.1860465116279","44.1860465116279","44.1860465116279","44.1860465116279","44.1860465116279","44.1860465116279","44.1860465116279","44.1860465116279","44.1860465116279","44.1860465116279","44.1860465116279","44.1860465116279","44.1860465116279","44.1860465116279","44.1860465116279","44.1860465116279","44.1860465116279","44.1860465116279","44.1860465116279","44.1860465116279","44.1860465116279","44.1860465116279","44.1860465116279","44.1860465116279","44.1860465116279","44.1860465116279","44.1860465116279","44.1860465116279","44.1860465116279","44.1860465116279","44.1860465116279","44.1860465116279","41.8604651162791","41.8604651162791","41.8604651162791","39.5348837209302","39.5348837209302","37.2093023255814","37.2093023255814","37.2093023255814","37.2093023255814","37.2093023255814","37.2093023255814","34.8837209302326","32.5581395348837","30.2325581395349","29.0697674418605","27.906976744186","25.5813953488372","23.2558139534884","23.2558139534884","23.2558139534884","23.2558139534884","23.2558139534884","23.2558139534884","23.2558139534884","23.2558139534884","","",
"Brunei Darussalam","BRN","Agricultural land (% of land area)","AG.LND.AGRI.ZS","","3.98481973434535","3.98481973434535","3.98481973434535","4.55407969639469","4.55407969639469","4.36432637571157","4.36432637571157","4.55407969639469","4.55407969639469","4.55407969639469","3.60531309297913","3.41555977229602","3.41555977229602","3.41555977229602","3.41555977229602","3.2258064516129","2.84629981024668","2.84629981024668","2.84629981024668","2.84629981024668","2.84629981024668","2.65654648956357","2.65654648956357","2.46679316888046","2.46679316888046","2.46679316888046","2.46679316888046","2.46679316888046","2.46679316888046","2.46679316888046","2.46679316888046","2.46679316888046","2.46679316888046","2.46679316888046","2.27703984819734","2.27703984819734","2.27703984819734","2.27703984819734","2.27703984819734","2.27703984819734","2.46679316888046","2.46679316888046","2.46679316888046","2.46679316888046","2.46679316888046","2.33396584440228","2.35294117647059","2.35294117647059","2.5426944971537","2.5426944971537","2.5426944971537","2.5426944971537","2.5426944971537","2.5426944971537","2.5426944971537","2.5426944971537","2.5426944971537","2.5426944971537","2.5426944971537","2.5426944971537","2.5426944971537","2.5426944971537","2.5426944971537","","",
"Bhutan","BTN","Agricultural land (% of land area)","AG.LND.AGRI.ZS","","7.72638743231385","7.76919290285299","7.76919290285299","7.81199837339212","7.83340110866169","7.87620657920082","7.87620657920082","7.91901204973996","7.91901204973996","8.17584487297477","8.17584487297477","8.24005307878347","8.24005307878347","8.38987222567044","8.38987222567044","8.51828863728785","8.56109410782698","8.56109410782698","8.66810778417482","8.83932966633136","8.83932966633136","8.94634334267919","9.203176165914","9.50281445968795","9.50281445968795","9.50281445968795","9.95227190034887","9.84525822400103","9.67403634184449","9.71684181238362","10.786978575862","10.786978575862","10.8083813111316","12.7889447236181","14.1959798994975","14.321608040201","14.3718592964824","14.3718592964824","14.3718592964824","14.5226130653266","14.5477386934673","14.572864321608","14.6482412060302","15.3212477372301","15.5573628564682","15.1376026444893","14.7703124590078","13.6763124065378","13.6422068893145","13.6422068893145","13.631712884015","13.631712884015","13.631712884015","13.7891229635071","13.7891229635071","13.6063338926174","13.4490352348993","13.4504457262716","13.4504457262716","13.5422128998427","13.6339800734137","13.7257472469848","13.8175144205558","","",
"Botswana","BWA","Agricultural land (% of land area)","AG.LND.AGRI.ZS","","45.8772254865633","45.8772254865633","45.8772254865633","45.8772254865633","45.8789899952358","45.8789899952358","45.8789899952358","45.8789899952358","45.8789899952358","45.8789899952358","45.8789899952358","45.8807545039084","45.8807545039084","45.8807545039084","45.8807545039084","45.8807545039084","45.8807545039084","45.8807545039084","45.8842835212535","45.8842835212535","45.8842835212535","45.8878125385986","45.8878125385986","45.8878125385986","45.8913415559437","45.8913415559437","45.8948705732889","45.8948705732889","45.9036931166517","45.914280168687","45.7025391279798","45.6143136943518","45.7907645616078","45.870167451873","45.781942018245","45.781942018245","45.7025391279798","45.5790235209006","45.5966686076262","45.7907645616078","45.5260882607238","45.605491150989","45.517265717361","45.5719654862104","45.5507913821396","45.5296172780689","45.4960916132903","45.6672489545286","45.7325357754133","45.6319587810774","45.7466518447938","45.677836006564","45.6690134632012","45.8842835212535","45.6330174862809","45.6330174862809","45.6330174862809","45.6330174862809","45.63372328975","45.63372328975","45.63372328975","45.63372328975","45.63372328975","","",
"Central African Republic","CAF","Agricultural land (% of land area)","AG.LND.AGRI.ZS","","7.6053805900671","7.62143246974221","7.63427397348229","7.65674660502745","7.67279848470256","7.68885036437767","7.70490224405278","7.72095412372789","7.737006003403","7.75305788307811","7.76910976275322","7.78516164242833","7.80121352210344","7.81726540177855","7.87034896786414","7.88821470994253","7.90635333397541","7.92434749109121","7.94464669812835","7.96365372885165","7.93765449934187","7.96598606696844","7.93714083919227","7.94535940158593","7.94438184211371","7.95085556518668","7.9577915823943","7.95912228321937","7.97016276605991","7.95447847442936","8.03492889017304","7.993033484221","7.99752801053003","7.98982310828598","7.97457382259463","7.98340235641594","7.98404443160294","7.97617901056214","7.97521589778163","7.98003146168416","7.97874731131015","7.98019198048091","7.95739831134226","7.95210119104947","7.9487302963177","7.94054383768339","7.94664355195994","7.94792770233394","7.93813605573213","7.89688272496709","7.84808501075476","7.85225849947029","7.8614080708851","7.87778098815371","7.89351183023532","7.89270923625156","7.89399338662557","8.30203216796687","8.81890269350541","8.96866673087418","9.00526501653344","9.04218433978619","9.09948955022633","","",
"Canada","CAN","Agricultural land (% of land area)","AG.LND.AGRI.ZS","","6.89781709848432","6.94655901061726","6.9953009227502","7.04404283488315","7.09278474701609","7.1050538782166","7.08999630810688","7.07493873799717","7.05988116788745","7.04482359777773","7.0294314149989","7.03244292902084","7.03545444304279","7.03846595706473","7.04147747108668","7.04459940728943","7.00288547658325","6.96105889294514","6.91923230930703","6.87740572566892","6.83613682981265","6.82743690041592","6.8187369710192","6.81003704162247","6.80133711222574","6.79251359921656","6.80657937737505","6.82063310947746","6.83468684157986","6.84874057368227","6.86326793886403","6.8556559021771","6.84807134834406","6.84048679451101","6.83290224067797","6.82520614928856","6.82777151308503","6.83044841443787","6.83312531579071","6.83580221714355","6.83816244106634","6.92547841246365","6.90930546679025","6.89313252111685","6.87695957544345","6.75739131501664","6.6931456825485","6.62890005008036","6.56465441761223","6.50040878514409","6.43568354118357","6.44363616895263","6.45155533545478","6.45947450195693","6.46750520601544","6.47475514717938","6.45441069689781","6.45681990811536","6.43435624426279","6.37073522211031","6.48457678610033","6.49436207857817","6.47137801950231","","",
"Central Europe and the Baltics","CEB","Agricultural land (% of land area)","AG.LND.AGRI.ZS","","64.6670283466703","64.6253797743056","64.5404115070054","64.5919516065591","64.4029405381944","64.4417920164933","64.3382253207824","64.4733808070532","64.3404543913191","64.2368835114752","64.1685769705519","63.9990233712681","63.8159054840416","63.7602919034765","63.6097283073125","63.901737632425","63.8262662434551","63.7318068987968","63.582842724979","63.4575471058236","63.2671333224809","63.2408600691854","63.228152047101","63.2946251729658","63.2742762568847","63.2254388582901","63.2702064736685","63.2018775521278","62.7828945581004","62.7530089385171","62.7123938879457","57.252114900311","56.5506169018342","56.2385577647924","55.7391172927826","55.2698565814275","55.2253001483208","54.7588429965965","54.705860527747","53.4901884125256","52.0711440773452","50.4344334582013","49.5958439712841","48.8468568725413","48.8827730098494","48.7316129652104","47.7693143736159","47.9949095427671","47.9163379859727","47.0522120681448","47.2142049195397","46.8803414197218","46.9565221325583","46.8621980917691","46.9550718027164","46.6831370243936","46.6336578921674","46.7211321228008","47.1607908068912","46.3028102508104","46.1892360819652","45.4858884198187","45.8519071262889","","",
"Switzerland","CHE","Agricultural land (% of land area)","AG.LND.AGRI.ZS","","43.9258247318357","43.8524590163934","43.4932199959522","43.270592997369","43.0479659987857","42.8987047156446","42.7241449099373","42.6558388990083","42.6887269783445","42.3471969236997","42.1321594818863","42.0663833232139","41.8361667678608","41.6793159279498","41.5857113944546","41.555353167375","41.5249949402955","41.6135397692775","41.9626317175542","41.8267279655724","41.7162158846064","41.5935506116946","41.4712496309644","41.3485006750776","41.2117118450388","41.1040945939621","40.9824324047415","40.8611299368997","40.7401871882525","40.6035907063298","40.4993757802747","40.3795045868357","40.2599880443749","40.1408236209887","40.0220138442846","39.9284652012952","39.8515104913607","39.7749239557872","39.6937644213253","39.6172730401124","39.5407713506987","39.4656034584428","39.3894779687923","39.3119241238083","39.2348776376625","39.1590521822101","39.0830777765012","38.9991102489111","38.9154514632651","38.8328388786286","38.7502111350433","38.6676558338134","38.5853758563219","38.5028064078332","38.4205685464246","38.3386607265115","38.259882464098","38.1824051503393","38.1050341397781","38.0271063029444","37.9496922648985","37.8712936567617","37.7938948048868","","",
"Channel Islands","CHI","Agricultural land (% of land area)","AG.LND.AGRI.ZS","","45.4545454545455","45.4545454545455","45.4545454545455","45.4545454545455","45.4545454545455","45.4545454545455","45.4545454545455","45.4545454545455","44.9494949494949","44.9494949494949","44.9494949494949","44.9494949494949","44.4444444444444","44.4444444444444","44.4444444444444","44.4444444444444","44.4444444444444","43.9393939393939","43.9393939393939","43.9393939393939","43.9393939393939","43.9393939393939","43.4343434343434","43.4343434343434","43.4343434343434","43.4343434343434","43.4343434343434","42.9292929292929","42.9292929292929","42.9292929292929","42.9292929292929","42.9292929292929","42.4242424242424","42.4242424242424","42.4242424242424","42.4242424242424","40.9090909090909","40.4040404040404","39.8989898989899","39.8989898989899","37.8787878787879","37.3737373737374","37.3737373737374","37.8787878787879","38.3838383838384","42.4242424242424","41.4141414141414","40.9090909090909","44.4444444444444","46.010101010101","48.5353535353535","48.2828282828283","47.7777777777778","48.0808080808081","46.7676767676768","46.9191919191919","46.5656565656566","43.2828282828283","43.2828282828283","43.2828282828283","43.2828282828283","","","","",
"Chile","CHL","Agricultural land (% of land area)","AG.LND.AGRI.ZS","","18.0032601152338","18.2318985598468","18.4605370044598","18.6918653131271","18.9218486897672","19.1491422023531","19.4450272483229","19.7409122942926","19.9695507389057","20.3084736097438","20.6447066165276","20.9809396233114","21.3010334457697","21.8551454409494","22.25862504909","23.132830866728","22.9983376640145","22.8638444613009","22.7293512585874","22.6621046572306","22.5276114545171","22.3258716504468","22.25862504909","22.1913784477332","22.1537203509735","22.1053027979966","21.7381363545886","21.7260319663444","21.7462059467515","21.3830742994249","21.23513177644","20.9217626141175","20.8155129839738","20.7791998192411","20.6178079759849","20.4860046373256","20.4725553170543","20.4685205209729","20.2546763286583","20.3219229300151","20.3757202111005","20.9338670023617","20.7455765185628","21.4314918524018","21.364245251045","21.2499260287385","21.1584706508933","20.7361278330993","20.3137863602374","19.7952795575712","19.3910934566367","18.8793126590382","18.4482291279999","18.0003149864236","17.5651877090955","17.0258627541733","16.5754635041584","16.0160767248496","15.435346965027","14.9026289456383","14.5631870231053","14.3199327104591","14.4010249751882","","",
"China","CHN","Agricultural land (% of land area)","AG.LND.AGRI.ZS","","36.4657950097196","36.7587143503848","37.0622853034378","37.3658562564908","37.7706175272282","38.1540755731899","38.5375336191516","38.9209916651133","39.4109658349533","39.9009400047932","40.3962399808271","40.8883444731446","41.4858999281016","42.1910366681756","42.6820759992544","43.309811019093","43.9375460495833","44.5738023593321","45.0603147551461","45.5467206348361","46.1117886720102","47.1353021063563","48.2441349559289","49.4806806380316","50.7386360610337","51.389343061806","51.9549436795995","52.5523926184326","53.2032061353287","53.8645647484888","54.4701089127367","54.7827337363193","55.1991052645594","55.6901445956382","55.6902039146848","55.6944173715386","55.6944440006263","55.694470629714","55.6944972588017","55.694583211727","55.7578718644915","55.8211320658973","55.8843892938216","55.9476447513305","56.0109031839269","56.0741598447602","56.1374176962452","56.2006719746855","56.2639250438662","56.1834730812931","56.1036602181182","56.0235278052443","55.9433953923703","55.8632629794963","55.7831305666223","55.7030573453299","55.6228503623161","55.54274989588","55.462649429444","55.4526368711394","55.4426243128349","55.4326117545304","55.4326117545304","","",
"Cote d'Ivoire","CIV","Agricultural land (% of land area)","AG.LND.AGRI.ZS","","49.4778867924528","49.8607610062893","50.0469496855346","50.3100974842767","50.4925911949685","50.6583396226415","50.832855345912","50.9355188679245","51.0204496855346","51.1058836477987","51.2895786163522","51.2893081761006","51.912606918239","52.4069213836478","52.8345094339623","53.1435125786163","53.8837012578616","54.2558616352201","54.3718333333333","54.4679182389937","54.8984150943396","55.3093993710692","55.2955974842767","56.2924528301887","57.2657672955975","57.6022075471698","57.9163836477987","59.1586100628931","58.2686132075472","59.9286037735849","58.5856635220126","58.6314622641509","61.3270440251572","59.7674528301887","62.1001572327044","62.0582044025157","61.3082012578616","61.6021855345912","61.8879308176101","62.124572327044","60.5841698113208","60.9599433962264","61.0849088050314","63.403606918239","64.1655880503145","65.0364025157233","66.0606006289308","65.7955125786164","65.6981257861635","65.7358081761006","66.200179245283","68.963858490566","70.8868805031447","72.5917201257862","76.9368119496855","75.4266364779874","77.7044808176101","81.3420738993711","81.5248","82.6258229559748","84.3928672955975","84.1568125786164","86.4758163522013","","",
"Cameroon","CMR","Agricultural land (% of land area)","AG.LND.AGRI.ZS","","15.8871189524233","16.0140466670898","16.1198197626452","16.2467474773117","16.3736751919782","16.5006029066447","16.6486852404222","16.7544583359777","16.8602314315331","16.8771551268219","16.9829282223774","17.1246641704216","17.2621691946437","17.5160246239766","17.7593027437541","18.0025808635316","18.2860527596201","18.34317023122","18.8529965517971","18.891074866197","18.9545387235303","19.0603118190857","19.1660849146411","19.2718580101965","19.3776311057519","19.5257134395295","19.4834042013074","19.4834042013074","19.4410949630852","19.398785724863","19.3564764866409","19.3776311057519","19.3776311057519","19.3776311057519","19.3776311057519","19.3776311057519","19.3776311057519","19.3776311057519","19.3776311057519","19.3776311057519","19.3776311057519","19.3776311057519","19.3776311057519","19.4834042013074","19.4897505870407","19.4897505870407","19.4897505870407","19.5955236825961","19.7012967781515","20.5199805377504","20.6257536333058","20.6257536333058","20.6257536333058","20.6257536333058","20.6257536333058","20.6257536333058","20.6701480823338","20.7145425313617","20.7589369803897","20.8033316409638","20.8477260899917","20.8921205390197","20.9365149880476","","",
"Congo, Dem. Rep.","COD","Agricultural land (% of land area)","AG.LND.AGRI.ZS","","11.0496019055601","11.0584239430096","11.071656999184","11.0848900553583","11.0937120928078","11.1025341302574","11.1157671864317","11.1378222800556","11.1598773736795","11.1819324673033","11.2039875609272","11.2260426545511","11.2480977481749","11.2701528417988","11.2701528417988","11.2922079354227","11.305440991597","11.3142630290466","11.3142630290466","11.3363181226704","11.3583732162943","11.3671952537439","11.3804283099182","11.402483403542","11.4245384971659","11.4465935907898","11.4465935907898","11.4465935907898","11.4465935907898","11.4510046095146","11.4598266469641","11.4686486844137","11.4686486844137","11.4686486844137","11.3804283099182","11.3804283099182","11.3363181226704","11.3363181226704","11.2922079354227","11.2922079354227","11.2701528417988","11.2701528417988","11.2701528417988","11.2701528417988","11.2701528417988","11.286032509208","11.3142630290466","11.3363181226704","11.8599060453012","12.5400851326614","13.0724950927417","13.6238724333385","13.8638318519662","14.2250942855252","14.3137557618932","14.4116803775832","14.6841490042125","14.8275512229549","14.9255199488322","14.9434286848548","14.9450533953817","15.3036258573918","15.480763018019","","",
"Congo, Rep.","COG","Agricultural land (% of land area)","AG.LND.AGRI.ZS","","30.8866764275256","30.8882869692533","30.8944363103953","30.8800878477306","30.8736456808199","30.8726207906296","30.8729136163982","30.8732064421669","30.8808199121523","30.8856515373353","30.893411420205","30.8958828696925","30.9071244509517","30.9110541727672","30.9169516837482","30.930972181552","30.928093704246","30.7993674963397","30.800439238653","30.8109077598829","30.8226939970717","30.8963396778917","30.9090775988287","30.9156661786237","30.9336749633968","30.9282254758419","30.8513382137628","30.8582284040996","30.8634026354319","30.7974729136164","30.8051390922401","30.8039941434846","30.8193147877013","30.787317715959","30.7984978038067","30.811121522694","30.8492327964861","30.8508843338214","30.8745680819912","30.8636661786237","30.8649897510981","30.8633352855051","30.8643133235725","30.8734436310395","30.88039238653","30.8895197657394","30.8914231332357","30.8930483162518","30.9318155197657","30.9675080527086","31.0296193265007","31.045411420205","31.1297335285505","31.1315256222548","31.1081434846266","31.1140761346999","31.1174758418741","31.1317628111274","31.20878477306","31.1645680819912","31.2521229868228","31.1897510980966","31.1900439238653","","",
"Colombia","COL","Agricultural land (% of land area)","AG.LND.AGRI.ZS","","36.0252365930599","36.9283461018477","37.3979269941415","37.8503830554304","38.7634069400631","38.7742226228031","38.7769265434881","38.7787291572781","38.783235691753","38.783235691753","40.6074808472285","40.6200991437584","40.6345200540784","40.6480396575034","40.6624605678233","40.6759801712483","40.8427219468229","40.794051374493","40.808472284813","40.8219918882379","40.8364127985579","40.8499324019829","40.8643533123028","40.8796755295178","40.8968003605228","40.9148264984227","40.9202343397927","40.813880126183","40.7237494366832","40.6336187471834","40.4542586750789","40.5434880576836","40.4713835060838","40.4371338440739","40.1198738170347","40.4867057232988","40.6327174402884","41.0482199188824","41.1608832807571","40.4317260027039","37.6250563316809","37.5006759801713","37.9008562415502","38.2073005858495","38.3569175304191","38.011716989635","38.2478593961244","38.408292023434","38.3415953132041","38.3082469580892","37.603424966201","38.411536728256","40.392609283461","40.3785488958991","40.3644885083371","40.3504281207751","39.195132942767","39.7007661108607","39.9765660207301","39.8467278954484","38.7691151870212","37.6412798557909","36.4876070301938","","",
"Comoros","COM","Agricultural land (% of land area)","AG.LND.AGRI.ZS","","51.0478237506717","51.0478237506717","51.0478237506717","51.0478237506717","51.0478237506717","51.0478237506717","51.0478237506717","51.0478237506717","51.0478237506717","51.0478237506717","51.0478237506717","51.0478237506717","51.0478237506717","51.0478237506717","51.0478237506717","51.0478237506717","51.0478237506717","53.7345513164965","53.7345513164965","53.7345513164965","53.7345513164965","53.7345513164965","53.7345513164965","59.1080064481462","59.1080064481462","59.1080064481462","60.7200429876411","61.257388500806","61.257388500806","61.257388500806","61.794734013971","61.794734013971","63.4067705534659","64.4814615797958","65.5561526061257","66.6308436324557","67.7055346587856","67.7055346587856","68.2428801719506","68.7802256851155","69.8549167114455","70.3922622246104","70.9296077377754","71.4669532509404","71.4669532509404","71.4669532509404","71.4669532509404","71.4669532509404","71.4669532509404","71.4669532509404","71.4669532509404","71.4669532509404","71.4669532509404","71.4669532509404","71.4669532509404","71.4669532509404","71.4669532509404","71.4669532509404","71.4669532509404","71.4669532509404","71.4669532509404","71.4669532509404","71.4669532509404","","",
"Cabo Verde","CPV","Agricultural land (% of land area)","AG.LND.AGRI.ZS","","16.1290322580645","16.1290322580645","16.1290322580645","16.1290322580645","16.1290322580645","16.1290322580645","16.1290322580645","16.1290322580645","16.1290322580645","16.1290322580645","16.1290322580645","16.1290322580645","16.1290322580645","16.1290322580645","16.1290322580645","16.1290322580645","16.1290322580645","16.1290322580645","16.1290322580645","16.1290322580645","16.1290322580645","16.1290322580645","16.1290322580645","16.1290322580645","16.1290322580645","16.1290322580645","16.1290322580645","16.6253101736973","16.6253101736973","16.8734491315136","16.8734491315136","17.12158808933","17.12158808933","17.12158808933","17.3697270471464","17.3697270471464","17.8660049627792","17.8660049627792","17.8660049627792","17.8660049627792","18.3622828784119","18.6104218362283","18.6104218362283","18.8585607940447","18.8585607940447","18.8585607940447","18.8585607940447","19.3548387096774","19.3548387096774","19.3548387096774","19.6029776674938","19.6029776674938","19.6029776674938","19.6029776674938","19.6029776674938","19.6029776674938","19.6029776674938","19.6029776674938","19.6029776674938","19.6029776674938","19.6029776674938","19.6029776674938","19.6029776674938","","",
"Costa Rica","CRI","Agricultural land (% of land area)","AG.LND.AGRI.ZS","","27.3207990599295","27.614571092832","27.8104191147669","29.0834312573443","30.4543674108891","32.021151586369","32.0407363885625","33.6075205640423","35.0567959263611","36.349392871132","36.9565217391304","36.9565217391304","40.1096748922836","40.1096748922836","41.5589502546024","43.1844888366628","44.7904426165296","46.2201331766549","47.8456717587152","49.2753623188406","50.9009009009009","52.4676850763807","52.5264394829612","53.8190364277321","52.5068546807677","51.1555033294164","49.725812769291","48.2373678025852","46.5726596161379","43.0591461026244","43.1574226400313","42.3031727379554","41.382687034861","41.030160595378","40.1096748922836","39.0716803760282","38.2491186839013","37.5048962005484","36.9761065413239","36.036036036036","35.8989424206815","35.7618488053271","35.8206032119076","35.6835095965531","35.3505679592636","35.5464159811986","35.2526439482961","35.1155503329416","35.5660007833921","35.6247551899726","35.6247551899726","35.4876615746181","35.2722287504896","34.9588719153937","34.4533666274971","34.1310771641206","33.8087877007442","33.7196494320407","33.6305131218175","33.541374853114","33.342687034861","33.1439992166079","33.1439992166079","","",
"Caribbean small states","CSS","Agricultural land (% of land area)","AG.LND.AGRI.ZS","","4.26874674338666","4.27125629467613","4.27878494854454","4.29133270499188","4.29384225628135","4.30388046143923","4.30388046143923","4.30889956401816","4.31642821788657","4.32395687175498","4.34905238464967","4.35156193593914","4.3866956539917","4.39146380144169","4.38766365590321","3.59153876819441","3.4745720340855","3.36513130967796","3.24866630954914","3.12061339990973","2.99182683980164","2.84773393743033","2.68858561643947","2.69937533311682","2.70765581335757","2.72371492655176","2.74996153967852","2.75658592387112","2.77324725381009","2.79969460585178","2.81610501214709","2.83000618200581","2.84666751194478","2.83773463023051","2.82804897758527","2.82814934704273","2.81369614516796","2.79648278321294","2.81038395307166","2.81279282005079","2.79899201964953","2.76996291423824","2.7830889809617","2.75814993094205","2.72929647208132","2.72731417529641","2.72006248199466","2.72212005587267","2.75975860242155","2.76502799893839","2.77004647181158","2.75298366404275","2.77682141019038","2.78811297415504","2.80768501836046","2.80517578192387","2.80266654548728","2.80266654548728","2.80768501836046","2.7153395902854","2.71776196756723","2.7032277038763","2.70185179358022","","",
"Cuba","CUB","Agricultural land (% of land area)","AG.LND.AGRI.ZS","","33.0540037243948","35.4283054003724","37.5977653631285","44.2737430167598","42.3463687150838","41.9925512104283","43.0260707635009","44.0130353817505","44.1806331471136","46.7597765363128","47.2346368715084","51.9646182495345","54.4785847299814","52.4301675977654","54.096834264432","55.8379888268156","56.219739292365","55.3817504655494","54.5810055865922","55.2793296089385","55.2886405959032","56.6387337057728","57.5325884543762","57.1880819366853","57.9329608938547","60.0651769087523","62.6256983240224","63.2029795158287","63.0540037243948","62.7653631284916","62.8957169459963","63.0819366852886","62.6629422718808","62.2532588454376","62.2346368715084","61.5921787709497","62.2625698324022","62.1415270018622","62.0111731843575","61.024208566108","61.9739292364991","62.5434721308394","62.3872180451128","61.3476177051029","62.3543780533634","62.294465846096","62.1946636602781","61.6967305524239","61.1969184517099","60.7027433295753","59.9627560521415","60.062447842924","60.8549222797927","60.3622380311479","59.9452449567723","59.8490965013456","60.6936416184971","60.6936416184971","61.6666666666667","61.6666666666667","61.6666666666667","61.6666666666667","61.6666666666667","","",
"Curacao","CUW","Agricultural land (% of land area)","AG.LND.AGRI.ZS","","","","","","","","","","","","","","","","","","","","","","","","","","","","","","","","","","","","","","","","","","","","","","","","","","","","","","","","","","","","","","","","","","",
"Cayman Islands","CYM","Agricultural land (% of land area)","AG.LND.AGRI.ZS","","11.25","11.25","11.25","11.25","11.25","11.25","11.25","11.25","11.25","11.25","11.25","11.25","11.25","11.25","11.25","11.25","11.25","11.25","11.25","11.25","11.25","11.25","11.25","11.25","11.25","11.25","11.25","11.25","11.25","11.25","11.25","11.25","11.25","11.25","11.25","11.25","11.25","11.25","11.25","11.25","11.25","11.25","11.25","11.25","11.25","11.25","11.25","11.25","11.25","11.25","11.25","11.25","11.25","11.25","11.25","11.25","11.25","11.25","11.25","11.25","11.25","11.25","11.25","","",
"Cyprus","CYP","Agricultural land (% of land area)","AG.LND.AGRI.ZS","","43.7229437229437","43.5064935064935","43.8311688311688","43.6147186147186","43.5064935064935","43.2900432900433","43.3982683982684","43.3982683982684","43.1818181818182","43.0735930735931","42.8571428571429","42.6406926406926","42.6623376623377","31.0606060606061","19.512987012987","19.2532467532468","19.0584415584416","18.8636363636364","18.6688311688312","18.5606060606061","19.0367965367965","19.6969696969697","19.8051948051948","19.6969696969697","17.6190476190476","17.6623376623377","17.5757575757576","17.4675324675325","17.4675324675325","17.3809523809524","17.2294372294372","17.2727272727273","17.1753246753247","15.5194805194805","15.487012987013","15.4978354978355","15.3896103896104","15.6060606060606","15.6060606060606","15.3138528138528","15.1515151515152","15.1515151515152","16.6666666666667","16.8831168831169","18.0735930735931","16.991341991342","15.9307359307359","12.5108225108225","13.8095238095238","12.3917748917749","12.5865800865801","12.6515151515152","11.7781385281385","11.7943722943723","13.7099567099567","11.8387445887446","13.1406926406926","14.3340800865801","13.5636796536797","13.8147186147186","13.160854978355","13.3160497835498","13.9606385281385","","",
"Czechia","CZE","Agricultural land (% of land area)","AG.LND.AGRI.ZS","","","","","","","","","","","","","","","","","","","","","","","","","","","","","","","","","","55.4160735084768","55.441956774945","55.3901902420085","55.3901902420085","55.3901902420085","55.441956774945","55.4160735084768","55.3901902420085","55.3643069755403","47.2636210689789","47.475346188689","47.0022003624126","46.6669686771939","46.1611650485437","46.5592233009709","46.2404194717763","45.907172449508","45.6289006862618","45.3714877638224","45.6544089084553","45.5969955969956","45.5322455322455","45.2532055433234","45.17549540215","45.6029011786038","45.628804558995","45.6399997409511","45.6468665918898","45.730560511424","45.7476202749375","45.8019594048309","","",
"Germany","DEU","Agricultural land (% of land area)","AG.LND.AGRI.ZS","","55.4950877896486","55.5466445163693","55.5724228797296","55.7328215850829","55.9505055423481","55.9419127545613","55.6010655056856","55.237304156045","55.1485120155816","54.4868673559992","54.283504711712","54.2749119239252","54.1259702689543","53.9082863116891","53.8252226964168","53.7278377681666","53.5874889009824","53.4442757712027","53.258098702489","53.0432790078194","52.8771517772749","52.6909747085613","52.501933377252","52.3701772978547","52.2556067940309","52.1524933405895","51.9147595451551","51.8345601924784","51.7171254260591","51.6483831237648","49.0820038381119","48.5521152579269","49.1578826764436","49.5774970639627","49.6791750214838","49.6634105817984","49.6404526572124","49.776517105037","49.1489483638031","48.9124516406362","48.8220120378332","48.6355558103537","48.7400017201342","48.7799982796686","48.8330083725198","48.5948612066988","48.6133019760805","48.5356968706078","48.4380826711798","47.9100324181656","47.9659169153087","47.8108681930338","47.8588626461821","47.9363714531384","47.9590666743106","47.6843370735058","47.7631164667831","47.6415364359723","47.7002776267209","47.4970663155786","47.4856177910072","47.5011449507671","47.4658729931603","","",
"Djibouti","DJI","Agricultural land (% of land area)","AG.LND.AGRI.ZS","","56.1259706643658","56.1259706643658","56.1259706643658","56.1259706643658","56.1259706643658","56.1259706643658","56.1259706643658","56.1259706643658","56.1259706643658","56.1259706643658","56.1259706643658","56.1259706643658","56.1259706643658","56.1259706643658","56.1259706643658","56.1259706643658","56.1259706643658","56.1259706643658","56.1259706643658","56.1259706643658","56.1259706643658","56.1259706643658","56.1259706643658","56.1259706643658","56.1259706643658","56.1259706643658","56.1259706643658","56.1259706643658","56.1259706643658","56.0396893874029","57.6574633304573","59.167385677308","60.4616048317515","60.4616048317515","62.6229508196721","63.9171699741156","64.7799827437446","64.7799827437446","66.9370146678171","69.0940465918896","72.5452976704055","73.4081104400345","73.4124245038827","73.4124245038827","73.4124245038827","73.4253666954271","73.4339948231234","73.4210526315789","73.4253666954271","73.4383088869715","73.4598792062122","73.4598792062122","73.4598792062122","73.4598792062122","73.4598792062122","73.4598792062122","73.4598792062122","73.4598792062122","73.4598792062122","73.5030198446937","73.5030198446937","73.5030198446937","73.5073339085419","","",
"Dominica","DMA","Agricultural land (% of land area)","AG.LND.AGRI.ZS","","22.6666666666667","24","24","24","24","25.3333333333333","25.3333333333333","25.3333333333333","25.3333333333333","25.3333333333333","25.3333333333333","25.3333333333333","25.3333333333333","25.3333333333333","25.3333333333333","25.3333333333333","25.3333333333333","25.3333333333333","25.3333333333333","25.3333333333333","25.3333333333333","25.3333333333333","25.3333333333333","25.3333333333333","25.3333333333333","25.3333333333333","25.3333333333333","24","24","24","24","24","24","24","22.6666666666667","22.6666666666667","22.6666666666667","22.6666666666667","25.3333333333333","28","29.3333333333333","29.3333333333333","29.3333333333333","29.3333333333333","29.3333333333333","29.3333333333333","29.3333333333333","29.3333333333333","30.6666666666667","33.3333333333333","33.3333333333333","33.3333333333333","33.3333333333333","33.3333333333333","33.3333333333333","33.3333333333333","33.3333333333333","33.3333333333333","33.3333333333333","33.3333333333333","33.3333333333333","33.3333333333333","33.3333333333333","","",
"Denmark","DNK","Agricultural land (% of land area)","AG.LND.AGRI.ZS","","79","78.525","77.2","76.7","75.825","75.675","75.575","75.425","74.775","74.375","73.775","73.9","74.65","73.3","73.425","73.325","73.175","73.025","73","72.625","72.425","72.175","71.15","71.375","70.85","70.475","69.95","69.675","69.35","69.7","69.25","68.9","68.475","67.275","68.15","67.9","67.2","66.8","66.1","66.175","66.9","66.625","66.45","66.15","67.675","67.75","66.575","66.7","65.85","65.65","67.25","65.6","65.7","66.315775","65.847475","65.6275","65.7825","65.8125","65.649125","65.499675","65.45","65.6","65.525","","",
"Dominican Republic","DOM","Agricultural land (% of land area)","AG.LND.AGRI.ZS","","45.332229352101","45.6427240736908","45.9532187952805","46.2637135168702","46.5742082384599","46.8847029600497","47.1951976816394","47.4021941626992","48.2301800869385","48.3336783274684","48.5199751604223","49.0581660111778","49.7826536948872","50.1966466570068","50.8176361001863","51.9561167460153","52.5771061891948","53.0945973918443","53.6120885944939","54.2330780376734","54.3365762782033","54.4400745187332","54.4400745187332","54.4400745187332","54.4400745187332","54.5849720554751","54.5849720554751","54.5849720554751","54.3796998551025","54.1744297246947","53.9691575243221","53.7638853239495","53.5586151935417","53.3533429931691","53.1480707927965","52.9428006623887","52.7375284620162","52.5322562616436","52.2648871869178","52.0596149865452","52.0596149865452","52.0596149865452","49.030830055889","48.0828234320017","48.2908052163113","47.6230656178845","47.8957917615401","46.9829931691161","48.1226019457669","47.5629331401366","48.0161270958394","47.674021941627","50.0752101014283","50.2703291244049","50.0964851997516","51.825944938936","52.3864086110536","53.3660298074933","53.7012184317945","52.3243921638275","52.4107297353709","54.6941243644449","55.3530808941944","","",
"Algeria","DZA","Agricultural land (% of land area)","AG.LND.AGRI.ZS","","19.0915045303014","18.8517638365229","18.6880180036444","18.5427460596035","18.5440056429333","18.5440056429333","18.5792739761687","18.5591206428913","18.5591206428913","18.5645788373206","19.0755498081235","19.0600149470555","18.6015266149958","18.614962170514","18.3701831434162","18.4827059208814","18.4033521711018","18.4079706433112","18.3983138377825","18.4025124488819","16.4463795376489","16.4195084266125","16.4929841208528","16.6306985649147","16.3959962044556","16.2435866215456","16.2817939825506","16.2977487047285","16.2738166214616","16.2385482882263","16.2158757882892","16.3179020380058","16.316642454676","16.6432943982131","16.6470731482026","16.6416149537733","16.6642874537103","16.7213885646628","16.6815017592181","16.8032614811021","16.8402092587772","16.7335645368512","16.7548514951254","17.27518536868","17.3028962019364","17.2903003686381","17.3201105074441","17.344042590711","17.3738527295171","17.3713335628574","17.3772116183966","17.381490003107","17.3955322579291","17.3952656461243","17.4059228102468","17.3655321884285","17.3550108093197","17.3565679895505","17.3469816184806","17.3352255074022","17.3306070351928","17.351348174024","17.359031632336","","",
"East Asia & Pacific (excluding high income)","EAP","Agricultural land (% of land area)","AG.LND.AGRI.ZS","","35.2949488485039","35.5135978415232","35.7499778846807","35.9814664576945","36.2607497486871","36.5256301668443","36.7944828531235","37.0670810687651","37.3901068273945","37.7253974998917","37.9965681946305","38.3841435803049","38.8019491839005","39.3151248292278","39.6854973951059","39.1814074744828","39.6595899430835","40.0966862708439","40.383598296879","40.733998338381","41.1284811043467","41.7982458003412","42.5114450314277","43.2224299640638","44.1669056764748","44.7299780350901","45.3033033746314","45.7748337280489","46.2408811703803","46.6951252805811","46.8763745437741","46.8968771114804","46.9060430524624","47.1740716208788","47.2405644406908","47.2908502192348","47.9802151319602","48.0256785075421","48.1939359412055","48.1328629618202","48.2653339252351","48.3562906977161","47.4472213989439","47.5384813340752","47.6065120649537","47.7948768914778","47.9420135077584","48.046385962321","48.1455350624515","48.1491617965991","48.1887445169774","48.1709265402165","48.1860668205987","48.1495128245301","48.2392846149473","48.2235848681392","48.1833322642647","48.2133165055377","48.2111997881127","48.2074485448659","48.1990811354556","48.1717528204146","47.8364016478009","","",
"Early-demographic dividend","EAR","Agricultural land (% of land area)","AG.LND.AGRI.ZS","","35.0471243629147","35.0274092479284","34.9860040964551","34.9499531046134","34.9292750898907","34.9286263153027","34.9208787263197","34.9360316120703","34.8774270818696","34.903651386218","34.9321976769998","35.085615521384","35.1740903623735","35.2165722979253","35.2509639373365","35.2866913834685","35.3630618380952","35.4564697252198","35.5820578815781","35.6002841629776","35.5190351629111","35.6259842286495","35.6804449404476","36.0319539874812","36.3341590761549","36.6029833542567","37.0162130138336","37.2542336673054","37.5481958099295","37.7760548360699","37.8079712547727","38.7162256177765","38.7918967020032","39.0769165818478","39.3676607188049","39.6210573593733","39.885896021186","40.2185595575371","40.4971037486049","40.4291059879349","40.5165341128847","40.5585745207739","40.5621188295483","40.5109520414339","40.0485619046908","40.0886907282567","40.1443998466866","39.9013774793904","39.8531812192665","39.863271691349","39.8566922872942","39.8632073512882","39.8442504549626","39.7737924627764","39.8296421263747","39.8023067016835","39.7758288793532","39.7970720278114","39.8364059229789","40.0520852065017","40.0833527050021","40.070798660118","39.9842841656877","","",
"East Asia & Pacific","EAS","Agricultural land (% of land area)","AG.LND.AGRI.ZS","","43.4537402393251","43.6855753579135","43.952107727404","44.2126023069829","44.5733988535614","44.7741915921063","45.0534374008183","46.2132571943287","46.3021440674442","45.806196643656","46.2255687009278","46.5022560023019","46.6940592122121","47.1284667702198","47.3541288888918","47.0888994692058","47.0181216561264","47.4989012192966","47.5647364839586","47.8965839381784","48.1737010714386","48.3901536788865","48.5673554845844","49.1419852218072","49.7627456197688","49.3798689071569","49.8495462519428","50.1945720733073","50.2891337290221","50.4657677135783","50.5049198992441","50.6406362637497","50.3951829726268","50.9309681731402","50.7273994585563","50.825320200046","51.1421345090951","51.2296097930102","50.9124335833578","50.9314997838925","51.0175612535197","50.7120696629938","49.8012346395431","48.036310356039","48.6978574071015","48.7665895634163","48.4173645558051","48.1075372858401","47.9688278631017","47.6430213008192","48.4722162176107","48.0841743075503","47.4625626070285","47.5455706882654","46.5106401873053","46.2494139391239","47.4166346861835","46.8988389345933","47.0355154608272","46.7493470334039","47.0600947043775","47.0588933173834","46.8247739708157","","",
"Europe & Central Asia (excluding high income)","ECA","Agricultural land (% of land area)","AG.LND.AGRI.ZS","","47.3620817284167","47.5264419156117","48.4335595899778","48.3319322986588","48.3457335357515","48.5853731979976","48.3595347728442","48.7321681743473","50.0332484348142","49.4435592135804","49.5765529528374","50.1863167007515","50.1022546202778","49.4962548461162","48.9843544157685","48.9040563090473","49.1048015758503","49.1311493921182","50.1976086220092","49.8061553517433","49.846304405104","48.0596715305572","47.4611997039007","48.5878825138326","49.2352859992723","49.6769255862389","50.8613226603767","50.6630867094087","51.449757223693","51.1875337189315","51.684378254269","70.1040147323296","70.1418484862129","70.1832650628494","69.3591867892061","69.0714693947189","69.0991265453482","69.0817930745847","69.0762396052586","69.0176173626895","68.932468041964","68.732240000496","68.5087164119985","68.4005876102415","68.2680222683688","67.5690018266422","67.2392032168173","67.0237257309698","66.8833841031184","67.7601556032929","67.5253167417636","67.633912209867","67.7148582779242","67.873246462024","67.8487776332438","67.9344460010634","67.9818823245194","67.9786852625397","67.7343777319299","67.8578678547391","67.9129544926117","67.8265701384006","67.6948897292546","","",
"Europe & Central Asia","ECS","Agricultural land (% of land area)","AG.LND.AGRI.ZS","","46.0524664174417","46.0371447338351","46.0652822119691","45.9226582447896","45.7816705472768","45.7460432527392","45.6762392264931","45.5681848466883","45.744529856878","45.2525671954902","44.8894917918806","44.8434051867287","44.6932172883697","44.5084754425457","44.3250082836686","44.2095304564061","44.1881181479236","44.1803910277211","44.2549344423951","44.111160893564","44.0317529076053","43.7227494601231","43.4210917131989","43.5441658443058","43.5619210305695","43.5523752250084","43.6872463089112","43.5592496682535","43.5743313355753","43.4029094948549","43.0696842510668","30.6856969068536","30.6619953846836","30.6172945748531","30.3380493568503","30.2561233659249","30.2296363618546","30.1730457338635","30.1279979487307","30.0878688408355","29.9790993584753","29.8422848414835","29.7143005954707","29.6419972027923","29.5961603699585","29.5543407838237","29.3971838360869","29.3836298742286","29.3010982447306","29.4281474293608","29.3396424441319","29.3293543341225","29.3331721776098","29.3037692895895","29.2948434348914","29.2851952420798","29.297925292461","29.2738777734865","29.2721464051844","29.2091911996098","29.2100458848784","29.1923748654532","29.0887158812123","","",
"Ecuador","ECU","Agricultural land (% of land area)","AG.LND.AGRI.ZS","","17.0134373645427","17.0134373645427","17.0495593122381","17.0495593122381","17.0856812599335","17.0856812599335","17.121803207629","17.1037422337812","17.3204739199538","17.5372056061263","17.7539372922988","17.9706689784713","18.1874006646438","18.6678225689929","19.4516688339835","20.0657419448057","21.0771564802774","21.6912295910996","22.3594856234648","23.3997977170929","24.4148244473342","25.1408755960121","25.6285218899003","26.206473053027","26.8024851900014","27.3804363531282","27.8897558156336","27.9078167894813","28.0053460482589","28.3412801618263","28.5869094061552","28.7277850021673","28.8072532870972","29.3635312816067","29.2876751914463","28.8505996243317","28.9409044935703","32.3200193267837","32.5132871637945","32.477049444355","31.3456273151876","30.1578354002255","29.1914962151715","30.3068126912546","30.1980995329361","29.9726203897568","29.8437751650829","29.9766468030279","30.3366081494605","30.1888387824126","29.5784345305202","30.2258817845064","30.2504429054598","22.0446126590433","23.3089064261556","22.2096956031567","22.507650185215","21.9358995007248","21.4607827347399","21.8231599291351","22.024480592688","21.5332581736189","21.5413110001611","","",
"Egypt, Arab Rep.","EGY","Agricultural land (% of land area)","AG.LND.AGRI.ZS","","2.57973780702195","2.51644984680295","2.50138128484605","2.51745441760008","2.68421316992315","2.79270681601286","2.81380280275252","2.81380280275252","2.84795820985484","2.85599477623186","2.865035913406","2.86804962579738","2.86804962579738","2.85599477623186","2.83791250188357","2.74247827615651","2.64704405042945","2.5516098247024","2.45818474056959","2.45617559897534","2.47928072730926","2.45641669596665","2.44586870259682","2.46949620774524","2.50841328042594","2.57873323622482","2.55864182028228","2.5927972273846","2.58275151941333","2.6601034707921","2.65508061680647","3.00997538801547","3.02896177608117","3.02643025767241","3.2980059269677","3.1909789542418","3.25975187101311","3.27451906173088","3.49892008639309","3.30604249334472","3.35325732080968","3.4396504093626","3.4245818474057","3.49389723240745","3.53910291827817","3.54914862624943","3.55417148023507","3.55818976342358","3.70586167060124","3.68777939625295","3.63654628559948","3.71289366618112","3.74802350695665","3.73217137977799","3.80719985936009","3.75083168416294","3.85450680596715","3.88065698930132","3.93992666633181","3.98915063539103","4.04942488321865","4.07654829474107","4.07654829474107","","",
"Euro area","EMU","Agricultural land (% of land area)","AG.LND.AGRI.ZS","","55.6788148006623","55.6541762195899","55.5721802955038","55.3573987390141","55.2142243026366","55.094971978092","55.0787320086613","54.774869443383","54.8631543752388","54.2839287988791","53.497165966119","53.3136304292447","53.0794245955929","52.9535204932552","52.7572576696641","52.5519185067533","52.508638259928","52.5199536637116","52.3804576287379","52.2335500256766","52.1785828025478","52.1058917197452","51.6927351839393","51.5920508921249","51.4992555673214","51.3767227446078","51.3052253600745","50.996345512305","50.9674838175463","50.7275933725587","49.8965358004443","49.0048549591392","48.8724652807627","48.7475775012333","48.1839710893605","48.0903398910702","47.8770514696886","47.7052291981249","47.6673621622123","47.1031219319908","46.5330575976943","46.213220483959","45.8388603010176","45.6298766464457","45.7058441901936","45.1872631826882","44.7677952481057","45.0397743896067","44.7025368773182","44.5264203665938","44.1223412028225","43.99491330487","43.8421080130626","43.2709506251138","43.2327549280376","43.0052877417236","42.9938202279303","42.7875357388301","43.0793001651091","42.6742017990909","42.6103910072997","42.794955375032","42.0685163460482","","",
"Eritrea","ERI","Agricultural land (% of land area)","AG.LND.AGRI.ZS","","","","","","","","","","","","","","","","","","","","","","","","","","","","","","","","","","73.2673267326733","73.3267326732673","73.3366336633663","72.6534653465346","72.8712871287129","73.9306930693069","73.9306930693069","74.5544554455445","74.5742574257426","74.5742574257426","74.9207920792079","61.9923728717243","62.1522804243469","62.5764277224781","62.5616538406188","62.5487918988311","62.7077358945754","62.7100610487235","62.6976908693159","62.701247715187","62.7182592530622","62.7250437544772","62.6978016748456","62.7036614635264","62.70688595366","62.7035294042634","62.7020628070177","62.7226371689837","62.6515330315189","62.6515330315189","62.6515330315189","","",
"Spain","ESP","Agricultural land (% of land area)","AG.LND.AGRI.ZS","","66.4892552723198","66.4932570330946","66.3031733962944","65.5348353275441","65.4167833846893","64.340309736284","64.7925087038297","64.3463123774461","65.0826363599984","64.2662771619513","65.3967745808156","65.1646724558806","64.5884189043179","64.1880940470235","63.8892780657687","63.0862541785936","63.2381791247948","63.0152343202611","62.7677463266205","62.5422948325225","62.4794778360629","62.4494454010331","61.6522836033078","61.3246836456832","61.4928720166587","61.2886432804741","61.2706230978696","61.2245715201025","61.4708473490309","61.0123338138715","60.8101073201986","60.6259010091302","60.1333493512734","60.4336857280154","59.5046452026269","60.3455870575044","60.1854076565754","59.9831811629025","59.6227775108121","59.6513026052104","59.2152772205729","58.9511862776531","58.3982692654394","58.2375095156056","58.4343505179427","57.3429796785442","56.1078720121817","56.4194065757819","56.0903220631292","55.0888982220356","54.0409698327599","53.8613782211471","53.4439535395134","53.1336838527818","53.1890621841609","52.5772473596977","52.6387138276281","52.408209711446","52.4584917258728","52.3316792232841","52.4848941208322","53.3572810066811","49.5753269878931","","",
"Estonia","EST","Agricultural land (% of land area)","AG.LND.AGRI.ZS","","","","","","","","","","","","","","","","","","","","","","","","","","","","","","","","","32.41330502477","31.1394196744515","25.9731068648266","23.378155225289","23.7084217975938","24.1330502476999","24.6048596367068","23.6140599197924","23.2602028780373","20.9955178108044","16.4708657702288","19.5494220334985","18.1740976645435","20.8044350082567","21.1960368011323","21.5758433592828","21.3918376975702","21.9815994338287","22.3826374144845","22.3165841000236","22.550129747582","22.1992178513918","22.4062571888659","22.8433402346446","23.0733839429492","22.9707602339181","23.0409356725146","23.1204678362573","23.0409356725146","23.0877192982456","23.075122864498","23.1219283875497","","",
"Ethiopia","ETH","Agricultural land (% of land area)","AG.LND.AGRI.ZS","","","","","","","","","","","","","","","","","","","","","","","","","","","","","","","","","","30.54","30.472","30.5","30.5","30.492","30.449","30.557","30.534","30.559","30.498","31.607","29.3293276530079","29.7634289851903","30.319510705705","31.0792400564507","30.5812240163046","30.9988954345277","31.6178601080481","32.186781367053","32.3308335299665","32.5914011165082","32.7461141549206","32.9671104083739","33.1082473792896","33.263928812192","33.5852351498111","33.8392563550947","34.0927476985506","34.3554706330212","34.0779564851996","34.0779564851996","","",
"European Union","EUU","Agricultural land (% of land area)","AG.LND.AGRI.ZS","","52.7798657217712","52.7272086958915","52.5820662335262","52.4040006806978","52.2229856501239","52.1287164037071","52.0745437826732","51.8648894005674","51.8595356630996","51.4335550390981","50.8632991637499","50.690946893779","50.5042900267373","50.3787027361912","50.2322056684434","50.0819053450673","50.0285595992671","50.0157040846822","49.883550326708","49.7556296837574","49.6681739439668","49.6040043061361","49.2951723144362","49.2352439381045","49.12840673945","49.0241630828146","48.9715671661708","48.734129047258","48.6132716430016","48.4440585838708","47.8329105507688","47.2256688612167","47.3045234530527","47.2009509528182","46.7795465892286","46.6779186383352","46.5130938482692","46.3634584593354","46.3243371502063","45.810522608676","45.2627355034638","44.6727015857579","44.222005863619","43.9370126686825","43.9187934728377","43.4917335006867","42.9573595837114","43.1642897002956","42.8952939704759","42.4953256659804","42.2531647599187","42.0204645857074","41.9064752224123","41.4836717679817","41.4382367036087","41.1918482423318","41.182274592069","41.0537392738522","41.3634336445269","40.8412386713647","40.7774734266518","40.7349975415071","40.3260601692906","","",
"Finland","FIN","Agricultural land (% of land area)","AG.LND.AGRI.ZS","","9.08007485472274","9.14376703109097","9.21402541120851","9.27673265701435","9.3289339768213","9.38770150037756","9.43366492662267","9.47536032043074","9.07941823434781","8.94382612692472","8.87652253849437","8.58104336977576","8.47729735053679","8.55379362421616","8.58137167996323","8.57513378640139","8.52818542959388","8.48714665616074","8.42936406316688","8.32594635411537","8.2625824879346","8.16737253356972","8.04491283364523","7.96382021734134","7.90702255490988","7.85777602679011","7.90570931416002","7.79145736892216","7.83282445254276","7.85646278604025","7.96086542565416","7.90078466134804","7.825929938606","7.91851341147116","7.36728060671723","7.2819199579763","7.05866903050002","7.19655930923537","7.22742046685709","7.2819199579763","7.2950523654749","7.34101579172002","7.37384681046653","7.39682852358909","7.46511704258183","7.56568346979711","7.54677891413726","7.55643303718328","7.55676209279368","7.54162553471537","7.52443318305966","7.51949718648195","7.43196551383724","7.46026522754944","7.48050409660755","7.48576881313547","7.4690708081074","7.47565148723348","7.48198598361465","7.46857932486675","7.46181004166177","7.45522996225995","7.44176865377023","","",
"Fiji","FJI","Agricultural land (% of land area)","AG.LND.AGRI.ZS","","12.4247400109469","12.4247400109469","12.4794745484401","12.4794745484401","12.2058018609743","12.2058018609743","12.096332785988","11.9868637110016","12.096332785988","12.096332785988","12.096332785988","12.5889436234264","12.8626163108922","13.136288998358","13.4099616858238","14.2309797482211","14.7783251231527","15.3256704980843","15.5993431855501","15.8730158730159","16.4203612479475","16.967706622879","17.5150519978106","18.0623973727422","18.8834154351396","19.1570881226054","19.9781061850027","20.7991242474001","21.6201423097975","22.4411603721949","23.2074438970991","22.8899835796388","22.5725232621784","22.2550629447181","21.9376026272578","21.6201423097975","21.3026819923372","20.9852216748768","20.6677613574165","20.3503010399562","20.0328407224959","19.7153804050356","19.3979200875753","19.0804597701149","18.7629994526546","18.4455391351943","18.128078817734","17.8106185002737","17.504105090312","17.4657909140668","17.4274767378216","17.3891625615764","17.3508483853311","17.3125342090859","17.2742200328407","17.2359058565955","17.1975916803503","17.1592775041051","17.1209633278599","17.0552818828681","17.0552818828681","17.0552818828681","17.0552818828681","","",
"France","FRA","Agricultural land (% of land area)","AG.LND.AGRI.ZS","","64.0857222376844","63.9020317283607","63.7424621950088","63.2878745709249","63.08748492439","62.7998886724186","62.3972539196586","61.5604415994063","61.5511643009556","60.2931626310418","60.5306614713795","60.3302718248446","60.228221541887","60.1948232674645","60.0371091938028","59.4136747379163","59.207718712311","59.302347156508","59.0667037758605","58.858892290565","58.7939512014101","58.7178773541145","58.5675851192133","58.4618239168754","58.3393635773263","58.2521569718898","58.174227664904","57.2038222469617","57.0385007885704","56.7637072084609","56.563503107895","56.3768438630671","56.2042861118842","56.0439743946563","55.9424807496057","55.8424714723073","55.7372669078764","55.6266815103442","55.5322386121161","55.3064291678263","55.1318304109843","54.9414602467761","54.8002597643566","54.6588737359681","54.5327024770387","54.3885332591149","54.1907412561462","54.0126171258929","53.8452546618425","53.6715836348455","53.5830782076259","53.5203636700993","53.3884404861304","53.3750811763614","53.301604972632","53.2851303460432","53.2470526022822","53.1776602653307","52.915574914185","52.729670655905","52.7417272474256","52.6738892290565","52.5043974394656","","",
"Faroe Islands","FRO","Agricultural land (% of land area)","AG.LND.AGRI.ZS","","69.1489971346705","69.1489971346705","69.1489971346705","69.1489971346705","69.1489971346705","69.1489971346705","69.1489971346705","69.1489971346705","69.1489971346705","69.1489971346705","69.1489971346705","69.1489971346705","69.1489971346705","69.1489971346705","69.1489971346705","69.1489971346705","69.1489971346705","69.1489971346705","69.1489971346705","69.1489971346705","69.1489971346705","69.1489971346705","69.1489971346705","69.1489971346705","69.1489971346705","69.1489971346705","69.1489971346705","69.1489971346705","69.1489971346705","69.1489971346705","69.1489971346705","69.1489971346705","69.1489971346705","69.1489971346705","69.1432664756447","69.1267908309456","69.1267908309456","69.1210601719198","69.1210601719198","69.1210601719198","69.1210601719198","69.154011461318","69.154011461318","69.154011461318","69.154011461318","69.154011461318","69.154011461318","69.154011461318","69.0616045845272","69.0508595988539","69.0565902578797","69.0565902578797","69.0565902578797","69.067335243553","69.067335243553","69.0186246418338","69.0186246418338","69.0078796561605","69.0078796561605","70.3294289897511","70.1240875912409","70.0729927007299","70.1240875912409","","",
"Micronesia, Fed. Sts.","FSM","Agricultural land (% of land area)","AG.LND.AGRI.ZS","","","","","","","","","","","","","","","","","","","","","","","","","","","","","","","","7.85714285714286","7.85714285714286","7.85714285714286","7.85714285714286","7.85714285714286","7.85714285714286","7.85714285714286","7.85714285714286","7.85714285714286","7.85714285714286","7.85714285714286","7.85714285714286","7.85714285714286","7.85714285714286","7.85714285714286","7.85714285714286","7.85714285714286","7.85714285714286","7.14285714285714","7.14285714285714","7.14285714285714","7.14285714285714","7.14285714285714","7.14285714285714","7.14285714285714","7.14285714285714","7.14285714285714","7.14285714285714","7.14285714285714","7.14285714285714","7.14285714285714","7.14285714285714","7.14285714285714","","",
"Gabon","GAB","Agricultural land (% of land area)","AG.LND.AGRI.ZS","","6.50979935576513","6.56801335040944","6.62622734505375","6.68444133969806","6.74265533434238","6.80086932898669","6.859083323631","6.91729731827531","6.97551131291963","7.03372530756394","7.11134396708969","7.169557961734","7.24717662125975","7.30539061590406","7.37912834245353","7.51496099662359","7.6042224550782","7.68960298055653","7.6973648465091","7.70512671246168","7.71288857841425","7.72065044436683","7.7284123103194","7.73617417627198","7.74393604222455","7.75169790817713","7.7594597741297","7.76722164008228","7.77498350603485","7.78274537198743","7.80665968098731","7.83057398998719","7.85448829898708","7.87840260798696","7.90231691698684","7.92623122598673","7.95014553498661","7.97405984398649","7.99797415298638","8.02188846198626","8.0415221019133","8.06115574184034","8.08078938176738","8.10042302169442","8.12005666162145","8.13969030154849","8.15932394147553","8.17895758140257","8.19859122132961","8.21822486125665","8.26433810688089","8.31045135250514","8.35656459812939","8.35656459812939","8.35656459812939","8.35656459812939","8.35656459812939","8.35656459812939","8.35656459812939","8.35656459812939","8.35656459812939","8.35656459812939","8.35656459812939","","",
"United Kingdom","GBR","Agricultural land (% of land area)","AG.LND.AGRI.ZS","","81.8418550820485","81.7550531145373","81.6227834497582","81.440912660687","80.9531682718142","80.808498325962","80.8250320340594","80.2959533749432","80.1058157318233","77.9109659818956","77.8861654197495","77.5265572686314","77.2785516471707","77.0388128797586","76.8114743934196","76.7494729880544","76.4270656801554","76.3774645558633","76.2699954532303","76.3402637126441","75.7243830860166","75.5631794320671","75.2945066754846","75.2366386971438","75.096102178316","74.9390319513909","74.8811639730501","76.1501260695242","75.6665151076758","75.2407721241681","74.9927665027074","74.6910263299301","72.4755094448807","71.9588310668375","71.8348282561071","72.3101723639069","72.6863142231224","72.4093746124912","71.1734799322118","70.1194560410036","70.0739883437358","70.1690571652957","70.0863886248088","70.4790641921217","70.0863886248088","73.7320712602819","72.9425866986318","73.0955234985326","71.6116231967925","71.1941470673335","70.9461414458728","71.020543132311","71.3024428553714","71.2272144835283","70.8386723432398","71.7148836440293","72.1950667548465","71.7185202331253","72.4229988013062","71.3400491877816","71.1575290373248","71.9816417972141","70.3073227793163","","",
"Georgia","GEO","Agricultural land (% of land area)","AG.LND.AGRI.ZS","","","","","","","","","","","","","","","","","","","","","","","","","","","","","","","","","46.4671175708735","45.0136710318031","44.5675636782271","43.8624262483811","43.675348971075","43.7041300906605","43.8192545690027","43.157288818535","43.1716793783278","43.2148510577061","43.2292416174989","43.2580227370845","35.8612750035976","36.2642106777954","36.2354295582098","36.221038998417","36.1778673190387","35.9476183623543","35.4007770902288","35.147503237876","35.0410130954094","35.7763707008203","34.7675924593467","34.7978126349115","34.4510001439056","34.3186069938121","34.1660670600086","34.1430421643402","34.2193121312419","34.2480932508275","34.3056554899986","34.1329687724852","","",
"Ghana","GHA","Agricultural land (% of land area)","AG.LND.AGRI.ZS","","51.4195306319768","51.4195306319768","51.4195306319768","51.4195306319768","51.4195306319768","51.4195306319768","51.4195306319768","51.4195306319768","51.4195306319768","51.4195306319768","51.4195306319768","51.4195306319768","51.4195306319768","51.4195306319768","51.8590137997715","51.8590137997715","51.8590137997715","52.2984969675661","52.2984969675661","52.2984969675661","52.2984969675661","53.1423046497319","53.1071459963083","53.9509536784741","54.3552781928452","54.3201195394216","54.7244440537927","55.1287685681638","55.0936099147403","55.4979344291114","55.9022589434825","55.9022589434825","56.2538454777182","56.6933286455129","57.5722949811022","58.4512613166916","59.6936582578887","57.0678153291729","57.394525797662","56.1023121209458","56.6846743429727","57.3546607189945","55.3358934692801","52.1647793794498","53.263512349477","52.930439922651","54.8134481849345","52.75890261053","54.1024233101872","54.4978377428144","54.0909101696405","54.277658433682","54.7731216489409","54.3845249186956","54.564096422607","54.3110758547948","53.1069873428848","53.694038850312","54.8490737607292","55.393750274689","55.393019913595","55.393019913595","55.393019913595","","",
"Gibraltar","GIB","Agricultural land (% of land area)","AG.LND.AGRI.ZS","","","","","","","","","","","","","","","","","","","","","","","","","","","","","","","","","","","","","","","","","","","","","","","","","","","","","","","","","","","","","","","","","","",
"Guinea","GIN","Agricultural land (% of land area)","AG.LND.AGRI.ZS","","56.3934559661403","56.3771772749471","56.336480546964","56.3242715285691","56.3303760377666","56.3771772749471","56.4007813771773","56.3958977698193","56.3417711216018","56.3436024743611","56.3985430571382","56.4188914211297","56.4218215855445","56.4060312550871","56.4106299853492","56.4545010581149","56.4335422432036","56.4190664170601","56.5054777795865","56.5079684193391","56.5005209181182","56.490456617288","56.5341364154322","56.5701448803516","56.6249023278528","56.5025231971349","56.5045580335341","56.7183989907211","56.6828788865375","57.1793464105486","56.8966018232134","57.0572114601986","57.0959018394921","57.1904810353248","57.14911281133","57.1935902653427","57.2002808074231","57.2425158717239","57.223083184112","57.2361102067394","57.2297574475012","57.3726965651962","57.441909490477","57.4635398014","57.5021040208367","57.7930225459873","58.318871479733","58.9289268272831","58.4625895328016","61.2889772912258","61.4914850236041","63.3314846166368","63.6899243040859","65.2257594009442","66.0886985186391","66.5092104834771","67.2847460524174","67.9785214878724","67.9118492593196","69.0970645450106","70.5533212599707","71.948919501872","73.2292487384014","","",
"Gambia, The","GMB","Agricultural land (% of land area)","AG.LND.AGRI.ZS","","51.7786561264822","51.8774703557312","51.9762845849802","52.0750988142292","52.1739130434783","52.2727272727273","52.4703557312253","52.4703557312253","52.6679841897233","52.7667984189723","53.0632411067194","53.5573122529644","54.0513833992095","56.7193675889328","56.1264822134387","56.0276679841897","56.7193675889328","57.4110671936759","56.3241106719368","55.6324110671937","57.8063241106719","59.8814229249012","58.00395256917","56.6205533596838","56.6205533596838","57.3122529644269","57.8063241106719","59.0909090909091","57.1146245059289","57.5098814229249","57.5098814229249","54.1501976284585","54.0513833992095","55.0395256916996","55.0395256916996","55.0395256916996","55.0395256916996","56.0276679841897","56.0276679841897","50","47.8260869565217","48.5177865612648","46.5415019762846","47.2332015810277","47.9249011857708","49.0118577075099","49.0118577075099","55.9288537549407","61.4624505928854","63.6363636363636","63.6363636363636","63.6363636363636","63.6363636363636","63.6363636363636","63.6363636363636","63.6363636363636","62.6482213438735","62.6482213438735","62.6482213438735","62.6482213438735","62.6482213438735","62.6482213438735","62.6482213438735","","",
"Guinea-Bissau","GNB","Agricultural land (% of land area)","AG.LND.AGRI.ZS","","17.4135846372688","17.4135846372688","17.4135846372688","17.4135846372688","17.4135846372688","17.4135846372688","17.7692034139403","17.7692034139403","17.7692034139403","17.7692034139403","17.7692034139403","17.7692034139403","17.947012802276","18.1248221906117","18.1248221906117","18.1248221906117","18.1603840682788","18.1603840682788","18.1959459459459","18.3026315789474","18.5515647226174","19.0138691322902","19.3694879089616","20.3296586059744","20.6141536273115","19.4406116642959","19.2628022759602","18.9071834992888","20.222972972973","20.5785917496444","20.7130156472262","20.7130156472262","21.424253200569","21.7798719772404","22.0801920341394","22.3805120910384","22.6808321479374","22.9811522048364","23.2814722617354","23.5817923186344","23.8821123755334","24.1824324324324","24.4827524893314","24.7830725462304","25.0833926031294","25.3837126600285","25.6840327169275","25.9843527738265","26.2846728307255","26.5849928876245","26.8852773826458","27.1855618776671","27.4858463726885","27.7861308677098","28.0864153627312","28.2661948790896","28.2675711237553","28.8265931721195","29.0523897581792","29.3353982930299","29.8490327169275","29.6239118065434","29.8908428165007","","",
"Equatorial Guinea","GNQ","Agricultural land (% of land area)","AG.LND.AGRI.ZS","","5.23529411764706","5.16399286987522","5.12834224598931","5.05704099821747","5.02139037433155","4.95008912655971","4.9144385026738","4.84313725490196","4.80748663101604","4.73618538324421","4.70053475935829","4.62923351158645","4.59358288770053","4.5222816399287","4.48663101604278","4.41532976827094","4.37967914438503","4.30837789661319","4.27272727272727","4.20142602495544","4.16577540106952","4.09447415329768","4.05882352941176","3.84491978609626","3.84491978609626","3.84491978609626","3.84491978609626","3.84491978609626","3.84491978609626","3.70231729055258","3.70231729055258","3.7379679144385","3.66666666666667","3.66666666666667","3.66666666666667","3.70231729055258","3.7379679144385","3.66666666666667","3.66666666666667","3.66666666666667","3.66666666666667","3.66666666666667","3.66666666666667","3.66666666666667","3.67130124777184","3.67593582887701","3.68057040998217","3.68520499108734","3.68983957219251","3.69447415329768","3.69910873440285","3.70374331550802","3.70837789661319","3.71301247771836","3.71764705882353","3.7222816399287","3.72691622103387","3.73155080213904","3.73618538324421","3.74046345811052","3.74046345811052","3.74046345811052","3.73333333333333","","",
"Greece","GRC","Agricultural land (% of land area)","AG.LND.AGRI.ZS","","69.1233514352211","69.0612878200155","69.9844840961986","69.7517455391777","67.3235065942591","70.5197827773468","70.6982156710628","70.9309542280838","70.9387121799845","71.0240496508922","71.0240496508922","71.0628394103957","70.9309542280838","70.9154383242824","70.7370054305663","70.7137315748642","70.6904577191621","71.1792086889061","71.2257564003103","71.2179984484096","71.4197051978278","71.4197051978278","71.233514352211","71.4429790535299","71.2490302560124","71.2179984484096","71.1947245927075","71.2102404965089","71.4895267649341","71.5438324282389","71.0938712179985","71.1171450737005","71.0628394103957","71.1404189294026","71.0938712179985","71.155934833204","69.7051978277735","68.1303335919317","67.2614429790535","66.1675717610551","65.4615981380915","64.7245927075252","64.0186190845617","62.6842513576416","62.1024049650892","61.0007757951901","60.1474010861133","59.4026377036462","58.6501163692785","58.0993017843289","57.377812257564","56.5011636927851","55.4926299456943","48.1070597362296","48.0915438324282","47.6027928626843","46.9630783553142","46.1108642358417","45.4892645461598","43.6358456167572","44.3128673390225","41.6760170674942","41.6760178432894","","",
"Grenada","GRD","Agricultural land (% of land area)","AG.LND.AGRI.ZS","","64.7058823529412","64.7058823529412","64.7058823529412","64.7058823529412","64.7058823529412","64.7058823529412","64.7058823529412","64.7058823529412","64.7058823529412","64.7058823529412","64.7058823529412","58.8235294117647","58.8235294117647","58.8235294117647","58.8235294117647","58.8235294117647","58.8235294117647","55.8823529411765","55.8823529411765","47.0588235294118","47.0588235294118","47.0588235294118","47.0588235294118","47.0588235294118","41.1764705882353","41.1764705882353","38.2352941176471","38.2352941176471","38.2352941176471","38.2352941176471","35.2941176470588","35.2941176470588","35.2941176470588","35.2941176470588","32.3529411764706","32.3529411764706","32.3529411764706","32.3529411764706","35.2941176470588","35.2941176470588","38.2352941176471","38.2352941176471","35.2941176470588","35.2941176470588","26.4705882352941","26.4705882352941","26.4705882352941","26.4705882352941","29.4117647058824","29.4117647058824","29.4117647058824","23.5294117647059","23.5294117647059","23.5294117647059","23.5294117647059","23.5294117647059","23.5294117647059","23.5294117647059","23.5294117647059","23.5294117647059","23.5294117647059","23.5294117647059","23.5294117647059","","",
"Greenland","GRL","Agricultural land (% of land area)","AG.LND.AGRI.ZS","","0.687737781679836","0.687737781679836","0.687737781679836","0.687737781679836","0.687737781679836","0.687737781679836","0.687737781679836","0.687737781679836","0.687737781679836","0.687737781679836","0.687737781679836","0.687737781679836","0.687737781679836","0.687737781679836","0.687737781679836","0.687737781679836","0.687737781679836","0.687737781679836","0.687737781679836","0.687737781679836","0.687737781679836","0.687737781679836","0.687737781679836","0.687737781679836","0.688615744805385","0.689493707930934","0.690371671056482","0.691249634182031","0.69212759730758","0.693005560433128","0.693883523558677","0.694761486684226","0.695639449809775","0.696517412935323","0.697395376060872","0.698273339186421","0.582044097941284","0.582775003045438","0.583505908149592","0.584236813253746","0.5849677183579","0.585698623462054","0.586429528566208","0.587160433670362","0.587891338774516","0.58862224387867","0.589353148982824","0.590084054086978","0.590814959191132","0.591545864295286","0.59227676939944","0.593007674503594","0.592203678889024","0.592228042392496","0.59227676939944","0.592301132902911","0.592301132902911","0.592301132902911","0.592301132902911","0.592301132902911","0.592301132902911","0.592301132902911","0.592301132902911","","",
"Guatemala","GTM","Agricultural land (% of land area)","AG.LND.AGRI.ZS","","24.6920492721165","24.8040313549832","24.9160134378499","25.0279955207167","25.1399776035834","25.2519596864502","25.4572601717059","25.5692422545726","25.5879059350504","25.709219858156","25.8212019410228","26.1291526689063","26.5304217991788","26.8290406868234","26.9503546099291","27.3422918999627","27.9301978350131","28.0421799178798","28.1448301605076","28.4621127286301","28.6207540126913","28.9660321015304","29.1060097051138","35.321015304218","35.321015304218","35.321015304218","35.321015304218","39.9869354236655","39.9869354236655","39.9869354236655","39.9869354236655","39.9869354236655","41.8253079507279","42.1052631578947","42.1052631578947","42.1052631578947","42.687849944009","43.2704367301232","43.8530235162374","44.4356103023516","45.0181970884658","45.6007838745801","46.1832773422919","44.0742814483016","42.5718551698395","40.2711011571482","41.5080253826055","41.3773796192609","40.7764091078761","40.287420679358","40.0783874580067","39.7760358342665","39.408361328854","39.9860022396417","41.6573348264278","41.9354236655468","42.2135125046659","42.491601343785","42.7696901829041","43.0384471817842","43.0384471817842","43.0384471817842","43.0384471817842","","",
"Guam","GUM","Agricultural land (% of land area)","AG.LND.AGRI.ZS","","29.6296296296296","29.6296296296296","31.4814814814815","31.4814814814815","31.4814814814815","31.4814814814815","31.4814814814815","31.4814814814815","31.4814814814815","31.4814814814815","31.4814814814815","31.4814814814815","31.4814814814815","31.4814814814815","31.4814814814815","31.4814814814815","31.4814814814815","31.4814814814815","33.3333333333333","33.3333333333333","37.037037037037","37.037037037037","37.037037037037","37.037037037037","37.037037037037","37.037037037037","37.037037037037","37.037037037037","37.037037037037","37.037037037037","37.037037037037","37.037037037037","37.037037037037","37.037037037037","37.037037037037","37.037037037037","37.037037037037","37.037037037037","37.037037037037","37.037037037037","37.037037037037","37.037037037037","37.037037037037","37.037037037037","37.037037037037","37.037037037037","35.1851851851852","35.1851851851852","33.3333333333333","33.3333333333333","33.3333333333333","33.3333333333333","33.3333333333333","33.3333333333333","31.4814814814815","31.4814814814815","31.4814814814815","29.6296296296296","29.6296296296296","29.6296296296296","29.6296296296296","29.6296296296296","29.6296296296296","","",
"Guyana","GUY","Agricultural land (% of land area)","AG.LND.AGRI.ZS","","6.90864724721671","6.90864724721671","6.90864724721671","6.90864724721671","6.90864724721671","6.93406537542575","6.93406537542575","6.94423262670937","6.94423262670937","6.96965075491841","6.96965075491841","6.98490163184383","6.99506888312745","6.99506888312745","7.000254000508","5.37795580391161","5.12078028956058","4.86360477520955","4.60642926085852","4.34925374650749","4.09207823215646","3.83490271780544","3.57772720345441","3.59296723393447","3.59296723393447","3.60312725425451","3.60312725425451","3.60312725425451","3.61328727457455","3.61328727457455","3.61328727457455","3.61328727457455","3.61328727457455","3.61328727457455","3.62344729489459","3.62852730505461","3.62852730505461","3.62852730505461","3.62852730505461","3.63360731521463","3.64376733553467","3.64595732791466","3.64814732029464","3.65033731267463","3.65252730505461","3.65252730505461","3.65252730505461","3.65252730505461","3.65252730505461","3.65252730505461","3.65252730505461","3.65252730505461","3.65252730505461","3.65252730505461","3.65252730505461","3.65252730505461","3.65252730505461","3.65252730505461","3.65252730505461","3.40532348204982","3.41005967604433","3.41005967604433","3.41005967604433","","",
"High income","HIC","Agricultural land (% of land area)","AG.LND.AGRI.ZS","","38.2874522094401","38.2579972773054","38.2632857154525","38.2682259055998","38.2979554237185","38.3063805862237","38.3664080231639","39.0394913610002","38.9449638333073","38.4974685757612","38.5447088706498","38.4826931210922","38.3547855025114","38.3575961891794","38.3411549083913","38.3829396844228","38.1025404117148","38.1625388487118","38.053247270369","38.1001305335953","38.0893972911191","38.0163744417318","37.7836115048534","37.9988397184628","38.133270187257","37.7422996385919","37.8174593491306","37.9759843014919","37.9633783947117","38.0025160865899","37.8917069430261","30.1987939904477","30.1474406640135","30.3868713039113","30.3274753987015","30.4040340073138","30.4310029643652","30.5781475929959","30.4757985062713","30.4960930290269","30.459869247177","30.2261876799849","30.0302369769145","29.151002713583","29.4268702218643","29.3573122583489","29.0861177993216","28.9575391429025","28.8563363615883","28.6823307065408","29.0641793998301","28.8958776823266","28.6044105233749","28.634511518125","28.1248676328714","28.0009758891289","28.5713840325287","28.2754761399234","28.3319932912149","28.1024997545865","28.3125312141516","28.2855456494363","28.2378990257377","","",
"Hong Kong SAR, China","HKG","Agricultural land (% of land area)","AG.LND.AGRI.ZS","","13.7254901960784","13.7254901960784","13.7254901960784","12.7450980392157","12.7450980392157","12.7450980392157","12.7450980392157","12.7450980392157","12.7450980392157","12.7450980392157","11.7647058823529","11.7647058823529","11.7647058823529","11.7647058823529","9.9009900990099","9.9009900990099","9","8","8","9","9","9.09090909090909","9.09090909090909","9.09090909090909","9.09090909090909","9.09090909090909","9.09090909090909","9.09090909090909","8.08080808080808","8.08080808080808","8.08080808080808","8.08080808080808","8.08080808080808","8.08080808080808","7.61904761904762","7.61904761904762","6.66666666666667","6.66666666666667","6.66666666666667","6.66666666666667","6.66666666666667","6.66666666666667","6.66666666666667","6.66666666666667","6.66666666666667","5.71428571428571","5.71428571428571","5.71428571428571","5.71428571428571","5.23809523809524","5.23809523809524","4.85714285714286","4.85714285714286","4.85714285714286","4.85714285714286","4.76190476190476","4.85714285714286","4.76190476190476","4.76190476190476","3.80952380952381","3.80952380952381","3.80952380952381","3.80952380952381","","",
"Honduras","HND","Agricultural land (% of land area)","AG.LND.AGRI.ZS","","26.633300563053","26.7226740548753","26.7673608007865","26.8120475466976","26.8567342926088","26.9461077844311","27.0354812762535","27.0801680221646","27.0801680221646","27.1695415139869","27.2142282598981","27.5270354812763","27.6164089730986","27.670033068192","28.018589686299","28.3313969076772","29.0016980963446","29.1089462865314","29.1089462865314","29.1089462865314","29.171507730807","29.2161944767182","29.2251318259004","29.2876932701761","29.2966306193583","29.3591920636339","29.3591920636339","29.3591920636339","30.1278040933059","29.6719992850121","29.8686209670212","29.9848065063902","31.7097148985611","31.4594691214586","31.1019751541693","31.1019751541693","30.3423004736795","30.3423004736795","29.82393422111","26.2311198498525","26.2400571990348","27.0622933238002","28.1794619715792","28.0632764322102","28.1526499240325","28.2420234158549","28.2420234158549","28.4565197962284","28.5816426847797","29.207257127536","29.591563142372","30.0116185539369","30.1188667441237","30.1635534900349","30.1635534900349","30.6014835999643","31.1734739476271","31.361158280454","31.361158280454","31.6203414067388","31.9599606756636","31.9599606756636","31.9599606756636","","",
"Heavily indebted poor countries (HIPC)","HPC","Agricultural land (% of land area)","AG.LND.AGRI.ZS","","31.8071817454125","31.8389995706172","31.9335426121429","32.0033252132123","32.0458600376694","32.0799485109251","32.1127678812075","32.2010740898224","32.2498533653715","32.2728256221059","32.400830541485","32.4540870344024","32.4820388784047","32.50070061342","32.6016905921048","32.6393413913612","32.7112972930829","32.8036757248671","32.8469959955619","32.9057295161995","33.0189483276523","33.0798897973119","33.1566641482642","33.2629573528598","33.3892400009314","33.5116915253698","33.5341969444817","33.6161427449457","33.6555947580119","33.7805711360846","33.9032713120656","34.0379541564731","34.2671924248286","34.4147244569045","34.6221934546268","34.7976306757519","34.9882153738196","35.0831407734426","35.3033357174931","35.4580921047596","35.6045464425177","35.7164946049105","35.9118855573378","35.7156656605107","36.1709539483046","36.3184438406742","36.5202949119993","36.6471395056396","36.8804427630841","37.1480171852405","37.3636144249007","39.7473525072974","39.9918907561356","40.1530154511411","40.3453118020294","40.4387960522603","40.5971684378194","40.8231880579411","40.9329165023273","41.0090004035199","41.1249496486906","41.1968141885457","41.2559902326334","","",
"Croatia","HRV","Agricultural land (% of land area)","AG.LND.AGRI.ZS","","","","","","","","","","","","","","","","","","","","","","","","","","","","","","","","","42.9976748345555","40.6367376140225","41.3521731353962","41.709890896083","34.5659163987138","34.6730975348339","36.6302986943302","36.3441244857807","20.9078552010302","21.0688224352554","21.1224781799971","21.3708812808234","21.0135086841541","21.6389107283254","21.9784146951612","21.4780930598242","23.0344507183189","23.2220713315703","23.8331784718748","23.6955900221571","23.7831463083411","28.0055035379887","26.954828103781","27.4676577800014","27.6249017225359","26.7493388606962","26.5170466728611","26.8744192695304","26.8942101501072","26.3759828448892","25.8756254467477","26.554681915654","","",
"Haiti","HTI","Agricultural land (% of land area)","AG.LND.AGRI.ZS","","60.2322206095791","60.4136429608128","60.5950653120465","60.7764876632801","60.9579100145138","61.1393323657475","61.3207547169811","61.5021770682148","61.6835994194485","61.8650217706821","62.0464441219158","57.4746008708273","57.4383164005805","57.4383164005805","57.4383164005805","57.510885341074","57.510885341074","57.8737300435414","57.8737300435414","58.055152394775","58.055152394775","58.055152394775","58.055152394775","58.055152394775","58.055152394775","58.055152394775","58.055152394775","58.0188679245283","57.9825834542816","57.9462989840348","57.9100145137881","57.1480406386067","57.1480406386067","57.8737300435414","57.6923076923077","57.6923076923077","61.3207547169811","61.3207547169811","61.3207547169811","61.3207547169811","60.5950653120465","60.5950653120465","60.5950653120465","60.5950653120465","64.2235123367199","64.2235123367199","64.2235123367199","64.2235123367199","65.9045718432511","71.988388969521","72.8955007256894","73.4397677793904","75.0362844702467","75.0362844702467","75.0362844702467","75.0362844702467","72.9317851959361","72.3875181422351","64.9492017416546","64.9492017416546","65.1306240928882","65.1306240928882","65.1306240928882","","",
"Hungary","HUN","Agricultural land (% of land area)","AG.LND.AGRI.ZS","","78.6650377609951","77.8938013774717","77.5741419526824","77.5186049094746","77.2383914685625","76.958115764915","76.8222222222222","76.708523169241","76.541837981998","76.4058679706601","76.1920640213404","76.0920306768923","75.9697677003446","75.3806824497055","75.2473046571079","75.1195108393552","74.7999110715874","74.4470379015227","73.9657473309609","73.707040373707","73.4260289210234","73.2228279007676","73.1085892300845","72.919448153093","72.7525589675122","72.5745438362261","72.4410324877615","72.2933125625904","72.148659174363","72.0373873372649","71.8816067653277","68.2763992433515","68.2172267972401","68.1281994213221","68.7625194747385","68.8181615846873","68.9866369710468","68.9643652561247","68.8864142538976","65.32024101763","65.4429814773488","65.264449899576","65.4429814773488","65.431823253738","65.4279656288361","64.8253543131347","64.8030353755161","64.6133244057583","63.8793770020987","59.0191096873964","58.9528333149232","58.9638793770021","58.0691483486137","57.6813499890423","57.6813499890423","57.8785886478194","58.1087004163927","58.031996493535","57.8347578347578","53.8754394039009","55.2672430418584","55.6214332675871","55.6985097523559","","",
"IBRD only","IBD","Agricultural land (% of land area)","AG.LND.AGRI.ZS","","34.5059666983611","34.6521959399881","34.7807484457523","34.9035663268292","35.0647860333174","35.2312319003363","35.3803317760196","35.566003255479","35.7374738511736","35.9313837262275","36.1880472201161","36.4494797548513","36.6961515797959","36.9609370146859","37.1623514770461","37.1278638605211","37.4152899957869","37.6894015630233","37.9396354070958","38.1295540110836","38.2420974466129","38.5010782381312","38.8321613772665","39.1864959352482","39.5504334656007","39.7329090446304","39.9496481712815","40.098807101525","40.2575795937492","40.3962495262627","40.5043446779395","36.3981707027891","36.3708833427711","36.41586947482","36.3215904628545","36.311731093347","36.4995969341291","36.5399401519132","36.5592952816675","36.5403730074958","36.5058243864242","36.5130725869963","36.2801795556636","36.3060606076838","36.0694980721297","36.0844466133988","36.0927620383944","36.0029500784016","35.9847764100018","36.0819808346724","36.061516723163","36.065249149749","36.089126739893","36.0288559973977","36.0635669221521","36.0327009989565","35.9837161490656","35.9658039285949","35.9447939021545","36.0161934902284","36.0173197428514","35.9541769999723","35.8301554709565","","",
"IDA & IBRD total","IBT","Agricultural land (% of land area)","AG.LND.AGRI.ZS","","34.1018537667371","34.2200266893276","34.345080123485","34.4575091097629","34.591281508144","34.7138469191332","34.8272991603759","34.9736800126683","35.0861214834567","35.2367213045746","35.4259427993457","35.6367342210071","35.8333991036223","36.0144652383647","36.1797807547433","36.1667967807507","36.3797107244081","36.6040011803039","36.7859316301168","36.9546440101432","37.0455224809059","37.273927029539","37.4986739389162","37.7873211009511","38.0909781450805","38.229934753728","38.4124135414992","38.5340570966815","38.67148938567","38.7986777937694","38.9152445936028","36.2937179139191","36.2960028986623","36.380807061051","36.3777091076977","36.4023565432569","36.5882487642817","36.643382382037","36.7118045948239","36.7276113001694","36.7382796696731","36.76436055","36.6350044146453","36.6167612591899","36.5251084237061","36.5670263858479","36.6133198208022","36.5665721219881","36.59812339394","36.7117384830529","36.748556318921","37.3018114563256","37.3673072205401","37.3612969934537","37.426987231449","37.4353284827178","37.4375324882277","37.4724402929702","37.4690453940825","37.5496488170857","37.5655851768851","37.5373704996595","37.4605944955608","","",
"IDA total","IDA","Agricultural land (% of land area)","AG.LND.AGRI.ZS","","33.1298756228941","33.1805670897674","33.2972045073626","33.3846459768027","33.4524017211753","33.4694252381416","33.4971372843929","33.5490157640175","33.519479547954","33.5659094142393","33.592918458011","33.6819071576218","33.7582975412835","33.7379591078563","33.8164188190556","33.8551632322985","33.8888546372632","33.9933114677854","34.0109532628652","34.128663867366","34.1674321678389","34.3222924831559","34.2912716541416","34.4219226492978","34.5805886243858","34.6148701974684","34.7149434926637","34.7704050394526","34.8565838746457","34.95615662095","35.0932179354047","35.9509786619595","36.0622621984596","36.2713330742467","36.5529186915568","36.6852994064922","36.8650324714003","36.9662249787132","37.1878312959434","37.3121224021763","37.4639395899754","37.5487916813655","37.7427594802332","37.5805173532256","37.9384149972721","38.0661045155052","38.2303417177047","38.317369889694","38.5033169007379","38.6678665854892","38.8825896796186","40.7630339717992","40.9450078052876","41.0909697097567","41.2424695720881","41.3603042851889","41.5050926840269","41.6874771725055","41.7330605789878","41.8364509430501","41.8946924782424","41.9640468120813","42.0195006282107","","",
"IDA blend","IDB","Agricultural land (% of land area)","AG.LND.AGRI.ZS","","36.1689290158052","36.2905314822824","36.3826041860988","36.5786273409956","36.8549959962802","36.9375083374181","36.9518917274932","36.9544245300437","36.7334598157013","36.8531455933835","36.8612637335703","36.9555762419249","37.278776579057","37.2571975835693","37.5014725923239","37.5517190063414","37.6904820358706","37.8507280382119","37.9805201968953","38.2970075069856","38.1967568981105","38.7491054344911","38.3667298518281","38.7671141567607","39.0584837948715","38.8573277629784","39.1378104464922","39.0636429576552","39.2972210179425","39.3715349049451","39.5205432514355","42.034456189143","42.3531466591966","42.618146287533","43.2843788321066","43.2484281282401","43.3710484599297","43.5300435641563","43.7490122854932","43.7323178880361","43.7395634897096","43.7582671941841","43.7976980647833","43.8804497713359","43.9464900514463","44.0204643632149","44.0827481901033","43.9701911211544","44.0252977574392","44.0844382618194","44.399980751676","44.6564360886926","44.7725977851627","45.0018253869089","45.2557347471195","45.3342488598272","45.4906218970412","45.8663002669363","45.785023928178","46.0448175159798","46.0836069035959","46.1337034448139","46.3071857117083","","",
"Indonesia","IDN","Agricultural land (% of land area)","AG.LND.AGRI.ZS","","17.2389290504921","17.341868710566","17.4619255121248","17.5257805660284","17.6613034550142","17.753716389651","17.8208957423671","18.0379823026436","18.2508194549479","18.3283902360936","18.5436113426475","18.7494202266542","18.9083417146453","19.0592951969838","19.2796506345325","19.2708001898905","19.3831132111925","19.5392988954332","19.7914339495576","20.0194400989197","20.2260801956314","20.4440273906059","20.5471147126526","20.4529772517761","21.6820216718095","22.7934885210066","24.0040406939837","24.3639495023654","24.5284477000613","24.8861484789437","22.9215542319645","22.828816992995","23.1931418603753","23.1683015285084","23.7241729549507","23.7186528812025","23.7186528812025","23.8014539874253","24.3534613622438","23.7643400679301","24.2026845001302","24.5222551675908","24.7885640571414","24.8373681438111","24.9394340083909","25.5208558741616","26.0490159620222","26.2043436045121","26.5727183586424","26.568260667402","27.0964207552627","27.0919630640223","27.3538142623324","27.5091419048223","27.6112077694021","27.8730589677122","27.7598939877572","28.411834447481","28.7503293442037","28.9649906072855","28.9558492042508","29.0073830174182","29.1258057551148","","",
"IDA only","IDX","Agricultural land (% of land area)","AG.LND.AGRI.ZS","","32.2986302636034","32.3299260727759","32.4532824589745","32.5110245416416","32.5217202440655","32.5208311829557","32.5521888984861","32.6175644641324","32.6403879898233","32.6667808154526","32.6989569207753","32.7864894461306","32.7953720890834","32.7753493749511","32.8084379204899","32.844036166054","32.8489870974575","32.9381837925786","32.9251488509715","32.9884876241119","33.0652820739395","33.111416558132","33.1765025709954","33.233372818111","33.3557400671215","33.4544214083543","33.5051469250542","33.5960661882971","33.6419265878581","33.7484084457418","33.8822671812957","34.1647436370303","34.329715813843","34.52270148939","34.6983117544362","34.8770700175599","35.0725384012566","35.1578055231432","35.3801385331769","35.5394846880774","35.7312376816876","35.8343533653628","36.0709825631112","35.8553763708904","36.293194711709","36.4356077681526","36.6277288171873","36.769394977673","36.9911801485811","37.184663977691","37.3718320496376","39.8276630753443","40.0254451554215","40.1513465550399","40.2768734262188","40.4037767398994","40.5453905704735","40.6808264339281","40.7565873641754","40.8225699573647","40.8855009829716","40.9594991973509","40.9865039117828","","",
"Isle of Man","IMN","Agricultural land (% of land area)","AG.LND.AGRI.ZS","","57.0175438596491","57.0175438596491","56.4912280701754","55.7894736842105","56.140350877193","54.3859649122807","54.5614035087719","54.7368421052632","55.4385964912281","55.4385964912281","55.4385964912281","56.140350877193","56.8421052631579","57.5438596491228","58.2456140350877","59.1228070175439","59.8245614035088","60.5263157894737","61.2280701754386","62.1052631578947","62.8070175438596","63.6842105263158","64.2105263157895","64.9122807017544","65.6140350877193","66.4912280701754","67.1929824561403","67.8947368421053","68.5964912280702","69.4736842105263","70.1754385964912","70.8771929824561","71.5789473684211","72.4561403508772","73.1578947368421","73.859649122807","74.5614035087719","75.4385964912281","76.140350877193","76.8421052631579","77.5438596491228","79.6491228070175","80.2982456140351","80.3508771929825","80.8947368421053","74.3157894736842","73.8947368421053","77.6842105263158","76.1754385964912","76.1052631578947","74.7543859649123","67.3684210526316","68.0701754385965","68.2456140350877","72.1052631578947","70.5263157894737","70.8771929824561","72.280701754386","70.5263157894737","70.5263157894737","68.7719298245614","71.4035087719298","69.0898245614035","","",
"India","IND","Agricultural land (% of land area)","AG.LND.AGRI.ZS","","58.8431953558299","59.357794153754","59.2474749343298","59.4351521429845","59.5915498168634","59.7102775133779","59.803443439538","59.9907843091091","59.7983983532838","59.8858465150226","59.8068068303741","59.8501945721599","60.1209475344664","60.2995435878635","60.4381152903111","60.4229800315486","60.4034723646992","60.7401477873933","60.73611171839","60.632519280638","60.6759070224237","60.8003524833596","60.696423706524","61.0293993992984","60.991729421934","60.9419512375597","61.0600062559069","60.907980990115","61.0458800143953","61.0162821750376","61.0744688365022","60.9799575540076","61.0058556634457","60.9752488068371","60.8588754839079","60.7391387701425","60.8709836909178","60.8349954089715","60.8844372542623","60.8689656564162","60.7048321836142","60.7293849367178","60.6247834817149","60.6671622062499","60.5834137744308","60.5094191760365","60.4132261981239","60.4593046525785","60.5639061075814","60.3974182611942","60.4300431523044","60.4206256579633","60.4394606466455","60.4495508191538","60.4317248477225","60.3990999566123","60.2840719900175","60.2437112999842","60.2198312250478","60.0459439188212","60.0507647678083","60.0555856504293","60.0604064994165","","",
"Not classified","INX","Agricultural land (% of land area)","AG.LND.AGRI.ZS","","","","","","","","","","","","","","","","","","","","","","","","","","","","","","","","","","","","","","","","","","","","","","","","","","","","","","","","","","","","","","","","","","",
"Ireland","IRL","Agricultural land (% of land area)","AG.LND.AGRI.ZS","","66.1634489766294","66.9719843228335","67.0184351865292","67.6382638989694","68.3379300333866","69.0042096095224","69.4237189722746","69.7183916388445","69.908549862099","69.5935549426622","70.0246770213384","70.0740310640151","70.2859631296269","70.3846712149804","70.191609812745","70.4311220786761","70.8491798519379","70.91450137901","71.0727246334737","71.5851357236174","71.2599796777471","71.0582087385687","70.7867615038467","71.0320801277399","70.8898243576716","70.3280592248512","69.9230657570039","69.6835534910727","67.8864857018435","65.864421541588","64.5202496733924","64.1050950791116","63.9759036144578","63.7770358542604","63.7059079692263","63.0251124981855","63.2260124836696","63.4269124691537","63.6278124546378","63.814196545217","64.0150965307011","63.478008419219","63.4344607345043","62.4909275656844","62.4473798809697","61.837712294963","62.0699666134417","67.1940775148788","66.6848599216142","66.3086079256786","66.1199012919147","65.8005516040064","64.9876614893308","64.8279866453767","64.3054144287995","64.7554071708521","65.1618522281899","65.5537813906227","65.6699085498621","65.495717811003","62.9554362026419","63.115111046596","60.8070837567136","","",
"Iran, Islamic Rep.","IRN","Agricultural land (% of land area)","AG.LND.AGRI.ZS","","36.3902600751492","36.4019253910951","36.4387632309241","36.4756010707532","36.5124389105823","36.5185785505538","36.5615560303544","36.5922542302119","36.6352317100125","36.6536506299271","36.9323902846337","37.3290110267934","37.7471205088534","37.4272452663376","37.107983987819","36.8071416292149","36.649352881947","36.1422186203001","36.7813551413345","35.4337041675876","35.7818217539723","36.1422186203001","36.352808271323","36.5554163903829","37.0650065080184","37.2676146270783","37.4702227461382","37.9865664677423","37.8815786242295","37.7587858247992","38.6778899285346","39.162921486284","39.3870183452442","39.39008816523","39.4214003290847","39.5558584444608","39.1905498661558","39.7768854834353","39.1015250865689","38.6085119968565","39.1850241901815","39.3207102335519","39.4563962769223","39.5920823202927","29.2437191483091","29.3794051916796","29.51509123505","28.6629092070041","28.6636459638007","28.5735160490189","28.4833861342371","28.3932562194553","28.2141015250866","28.2141015250866","28.2141015250866","28.2141015250866","28.6194144838213","28.9152542372881","28.9602465331279","28.9848998459168","29.008936825886","29.008936825886","29.008936825886","","",
"Iraq","IRQ","Agricultural land (% of land area)","AG.LND.AGRI.ZS","","20.1202643071084","20.2460159590278","20.3717676109473","20.2688798957405","20.3946315476599","20.4060635160162","20.5318151679356","20.5432471362919","20.5546791046482","20.561538285662","20.5752566476896","20.9433660287628","20.9662299654755","21.2177332693143","21.2291652376706","21.2291652376706","21.2291652376706","21.4669501794819","21.581269863045","21.581269863045","21.581269863045","21.6064201934289","21.6064201934289","21.6064201934289","21.6407160984978","21.6811852664792","21.6434597709034","21.7447470105403","21.106614536891","21.121247456387","22.0136269062807","21.816768411185","22.5728787982715","21.3171913940142","20.7268445480943","20.7382765164506","19.7715892722409","19.751926286668","19.3888469716716","19.4233715161076","19.4025653336992","19.8552712806091","19.8571003955461","19.7304341861582","20.0640190227953","20.5281569380616","20.8832338752086","18.7511717767565","18.0645606925769","18.9231442254559","19.6313777859643","19.7276201878799","20.4671202963181","21.5010319537095","21.364205948476","21.4745420705414","21.5116279069767","21.60422732466","21.7695160435814","21.7755050330546","21.8439177204985","21.7784995277912","21.8307880128072","","",
"Iceland","ISL","Agricultural land (% of land area)","AG.LND.AGRI.ZS","","21.1471321695761","21.1471321695761","21.1471321695761","21.1471321695761","21.1471321695761","21.1471321695761","21.1471321695761","21.1471321695761","21.1471321695761","19.9600997506234","19.860349127182","19.7605985037406","19.6608478802993","19.5511221945137","19.4513715710723","19.3516209476309","19.2618453865337","19.1620947630923","19.0623441396509","18.9526184538653","18.9526184538653","18.9526184538653","18.9526184538653","18.9526184538653","18.9526184538653","18.9526184538653","18.9526184538653","18.9526184538653","18.9526184538653","18.9625935162095","18.9625935162095","18.9625935162095","18.9526184538653","18.9526184538653","18.9426433915212","18.9226932668329","18.9027431421446","18.8628428927681","18.8428927680798","18.8428927680798","18.8428927680798","18.8229426433915","18.8029925187032","18.7930174563591","18.7730673316708","18.7630922693267","18.713216957606","18.713216957606","18.7032418952618","18.6932668329177","18.6852867830424","18.6753117206983","18.6753117206983","18.6753117206983","18.6733167082294","18.6733167082294","18.6733167082294","18.565903005058","18.565903005058","18.565903005058","18.565903005058","18.565903005058","16.2451651294258","","",
"Israel","ISR","Agricultural land (% of land area)","AG.LND.AGRI.ZS","","23.6136783733826","23.3364140480592","24.1219963031423","24.2606284658041","23.7523105360444","24.2606284658041","24.2606284658041","24.0757855822551","24.1682070240296","24.2606284658041","24.3530499075786","24.3530499075786","24.815157116451","25.184842883549","24.9537892791128","24.4916820702403","24.5378927911275","24.630314232902","24.630314232902","24.630314232902","24.8613678373383","24.9537892791128","25.554528650647","26.0628465804067","26.5711645101664","26.7560073937153","26.6635859519408","26.6173752310536","26.5711645101664","26.7560073937153","26.7097966728281","26.6635859519408","26.6635859519408","26.7560073937153","26.4787430683919","26.0628465804067","26.0166358595194","25.9704251386322","25.8317929759704","26.1552680221811","25.9242144177449","26.0166358595194","25.4621072088725","23.7292051756007","23.775415896488","23.5120147874307","23.9417744916821","23.826247689464","24.1497227356747","23.3133086876155","23.8909426987061","24.3160813308688","24.043438077634","24.8475046210721","24.6719038817006","25.5083179297597","29.7597042513863","29.6349353049908","29.5009242144177","25.0369685767098","24.9075785582255","24.7042513863216","24.8012939001848","","",
"Italy","ITA","Agricultural land (% of land area)","AG.LND.AGRI.ZS","","70.324028424739","70.2186256842678","69.7358131311414","69.5726088878311","69.4978069429805","69.3788038489001","69.2904015504403","69.2087994287852","68.773588113291","68.6137839583829","60.0081602121655","59.5287477474414","59.4403454489817","59.5083472170276","59.5593485430621","59.6001496038897","59.5049471286253","59.8041549080276","59.8687565876713","59.7123525211655","59.6749515487403","59.6239502227058","58.6855258236714","58.6311244092346","58.1245112372922","57.9443065519703","57.8423038999014","57.2540886063038","57.291489578729","57.2574886947061","54.5850192104995","54.3266124919248","54.0954064805685","53.3881880928904","52.1335554724423","52.1879568868791","52.1743565332699","52.6469688211894","53.7179966679134","52.8780797922345","52.4215637871215","51.6471773784484","50.4095117645865","50.3283533636776","49.8312581581101","48.0288653379233","47.8902197363705","48.8884680675508","47.2828843695683","48.45088902265","46.8439526846523","46.4259869199711","46.0912085162215","44.5086196984965","43.7748124902779","43.3250596852407","43.3743295977925","41.948748469826","44.3699956377212","42.332263616904","41.9422315930434","43.9631475720276","44.2565839307453","","",
"Jamaica","JAM","Agricultural land (% of land area)","AG.LND.AGRI.ZS","","49.2151431209603","49.3998153277932","49.3998153277932","49.2151431209603","46.814404432133","47.7377654662973","47.7377654662973","47.7377654662973","47.7377654662973","46.814404432133","46.814404432133","46.814404432133","46.814404432133","46.814404432133","46.814404432133","46.814404432133","46.814404432133","46.814404432133","45.8910433979686","45.8910433979686","45.8910433979686","44.9676823638042","44.0443213296399","44.0443213296399","44.0443213296399","44.0443213296399","44.0443213296399","44.0443213296399","44.0443213296399","43.9519852262235","43.9519852262235","43.9519852262235","46.4450600184672","46.1680517082179","45.8910433979686","45.6140350877193","45.1523545706371","44.6906740535549","44.5060018467221","44.2289935364728","44.2289935364728","43.7673130193906","43.7673130193906","43.5826408125577","43.1209602954755","43.1209602954755","42.8439519852262","41.4589104339797","41.1819021237304","38.9012003693444","38.8273314866113","38.7626962142198","38.6703601108033","38.5872576177285","38.5041551246537","38.5041551246537","38.5041551246537","38.5041551246537","38.5041551246537","38.5041551246537","38.5041551246537","38.5041551246537","38.5041551246537","","",
"Jordan","JOR","Agricultural land (% of land area)","AG.LND.AGRI.ZS","","12.2846781504986","12.3073436083409","12.318676337262","12.3640072529465","12.3753399818676","12.3980054397099","12.4320036264733","12.4546690843155","12.4660018132366","12.5113327289211","12.5226654578422","12.5679963735267","12.5793291024479","12.6246600181324","12.6359927470535","12.6586582048957","12.6699909338169","12.7153218495014","12.7493200362647","12.771985494107","12.6654578422484","12.7391205802357","12.8966455122393","11.9004986400725","12.6677243880326","12.7583862194016","13.1006346328196","13.2026291931097","13.0303717135086","11.7883046237534","11.4505893019039","12.7005893019039","12.3526745240254","12.1486854034451","12.6246600181324","11.9106980961015","12.0240253853128","12.0806890299184","12.0920217588395","12.1146872166818","11.5820489573889","11.6160471441523","11.3893925657298","11.7520398912058","11.4800543970988","11.5367180417044","10.9168177697189","11.0210788757933","11.5453931065555","11.2897048884884","11.2930840279342","11.769542689795","11.901329128182","11.9846812345123","11.8979499887362","12.0067582788916","11.3426447398063","11.5093489524668","11.6730860193256","11.5886208527603","11.5210487195081","11.7462891636822","11.5323107417168","","",
"Japan","JPN","Agricultural land (% of land area)","AG.LND.AGRI.ZS","","19.3891464412326","19.4164166893919","19.1437142077993","19.1709844559585","19.1000818107445","18.8055631306245","18.6473956913008","18.5355876738478","18.1401690755386","18.2601581674393","17.8429233706027","17.6513911620295","17.5177304964539","17.3949809056192","17.2523874488404","17.1159618008186","17.0305676855895","16.943231441048","16.8558951965066","16.7949767949768","16.7057860262009","16.6411796832332","16.5729109776079","16.569783383603","16.5002742731761","16.4107485604607","16.3411958310477","16.2506856829402","16.121777290181","15.9956116291827","15.8639605046626","15.7323093801426","15.5951727921009","15.4278661546901","15.2550740537575","15.0891632373114","14.9163237311385","14.7489711934156","14.5980795610425","14.4252400548697","14.3017832647462","14.1975308641975","14.1015089163237","14.0192043895748","13.9368998628258","13.8639231824417","13.7909465020576","13.7152263374486","13.6477366255144","13.5884773662551","13.4951989026063","13.4567901234568","13.4211248285322","13.360768175583","13.2949245541838","13.2043895747599","13.1083676268861","13.0205761316872","12.9355281207133","12.8449931412894","12.7818930041152","12.716049382716","12.6368303066246","","",
"Kazakhstan","KAZ","Agricultural land (% of land area)","AG.LND.AGRI.ZS","","","","","","","","","","","","","","","","","","","","","","","","","","","","","","","","","82.0324480497833","82.13764492351","82.1020854168982","80.4483831536837","79.8139052487313","79.8947290439678","79.760640071119","79.6663703374449","79.7841612030966","79.4479386598511","79.07134126014","78.8981738711709","78.7756046968182","78.6331814646072","78.481497944216","78.3181835018706","78.1017890876764","78.0765640626736","80.4392339889617","80.3750416712968","80.3837833833389","80.3771159758492","80.304996851502","80.1050857502685","80.0985665073897","80.088046820017","80.0222617327851","79.2585472459903","79.3233322220988","79.3664851650183","79.3664851650183","79.3664851650183","","",
"Kenya","KEN","Agricultural land (% of land area)","AG.LND.AGRI.ZS","","43.9734002178726","43.9878973539024","44.0023946656359","44.0168919773694","44.0313891133992","44.0458864251327","44.0603837368662","44.0748808728959","44.0893781846294","44.1038754963629","44.1183726323927","44.1328699441262","44.1473672558597","44.1618643918895","44.9309484485364","44.9414906701339","44.9450047439997","44.7310872544541","44.7455843904839","44.7600817022174","44.7745790139509","44.7890761499807","44.8035734617142","44.6862930034789","46.1925144955547","46.2403955090136","46.3638291105879","46.7771736303897","47.4786723828935","46.9959282426117","47.1984283304635","47.5555478441157","47.1624125874126","47.8656682011456","47.8555669958183","46.5224169800049","46.7881703974418","46.5637106862986","47.3126494359911","46.9669541764768","47.1571142425414","47.1202164669501","47.2186105351934","47.4259408932776","47.4435112626067","47.5348771831184","47.5565720209439","47.5958372280985","47.9865096461328","48.11958182521","49.0740895034614","49.6703443792388","49.7928697684225","49.747157992761","49.5619679036477","49.6614869747445","48.9288901383398","49.5521664949056","49.5174851803854","49.3892110936528","49.4013975092459","49.4830453575056","49.5263223856783","","",
"Kyrgyz Republic","KGZ","Agricultural land (% of land area)","AG.LND.AGRI.ZS","","","","","","","","","","","","","","","","","","","","","","","","","","","","","","","","","52.5964546402503","52.7632950990615","53.8529718456726","54.9374348279458","55.4796663190824","55.5839416058394","55.7351407716371","55.9228362877998","55.8602711157456","56.1835245046924","56.1835245046924","56.5172054223149","56.1522419186653","56.021897810219","55.9494264859228","55.9363920750782","55.9290928050052","55.3561001042753","55.3279457768509","55.3102189781022","55.2205422314911","55.0401459854015","55.0422314911366","55.0375391032325","54.958811261731","54.9535974973931","54.0709071949948","54.0583941605839","54.0552659019812","54.0464025026069","55.2526068821689","54.0085714285714","","",
"Cambodia","KHM","Agricultural land (% of land area)","AG.LND.AGRI.ZS","","19.9297530024926","20.0147292091548","20.0657149331521","20.3659641966916","20.5472467709041","20.5472467709041","20.5585769317924","20.263992748697","19.6974847042828","19.3689100385225","13.8794470881487","13.8794470881487","13.8794470881487","14.1627011103558","14.1627011103558","14.4459551325629","14.4459551325629","14.72920915477","14.72920915477","15.0124631769771","15.0124631769771","15.1824155903014","15.2390663947428","15.2447314751869","16.9385905279855","18.6381146612282","20.9607976433265","23.5100838431906","25.1246317697711","25.237933378654","25.5495128030818","25.5778382053025","25.6187514162701","25.8585486063902","25.8505891683662","25.921504645366","25.9175164287333","26.2293224563789","26.2859732608203","27.0224337185588","27.7022433718559","28.3254022207115","28.8919102651258","29.6283707228643","30.3421708588262","30.3365057783821","30.3365057783821","30.3365057783821","30.1876954452753","30.4861262179923","30.7794912757761","31.1509018808067","31.4524427826875","31.6826087695445","31.9960571040109","32.2909811919329","32.7703597326082","33.1881078631317","33.7162803081804","34.3013919102651","34.6999756401541","34.8115777249037","34.8648294810786","","",
"Kiribati","KIR","Agricultural land (% of land area)","AG.LND.AGRI.ZS","","48.1481481481481","48.1481481481481","53.0864197530864","53.0864197530864","53.0864197530864","53.0864197530864","46.9135802469136","46.9135802469136","46.9135802469136","46.9135802469136","46.9135802469136","46.9135802469136","46.9135802469136","46.9135802469136","46.9135802469136","46.9135802469136","46.9135802469136","46.9135802469136","46.9135802469136","46.9135802469136","46.9135802469136","46.9135802469136","46.9135802469136","48.1481481481481","48.1481481481481","48.1481481481481","48.1481481481481","48.1481481481481","48.1481481481481","48.1481481481481","48.1481481481481","48.1481481481481","45.679012345679","45.679012345679","45.679012345679","45.679012345679","45.679012345679","41.9753086419753","41.9753086419753","41.9753086419753","41.9753086419753","41.9753086419753","41.9753086419753","41.9753086419753","41.9753086419753","41.9753086419753","41.9753086419753","41.9753086419753","41.9753086419753","41.9753086419753","41.9753086419753","41.9753086419753","41.9753086419753","41.9753086419753","41.9753086419753","41.9753086419753","41.9753086419753","41.9753086419753","41.9753086419753","41.9753086419753","41.9753086419753","41.9753086419753","41.9753086419753","","",
"St. Kitts and Nevis","KNA","Agricultural land (% of land area)","AG.LND.AGRI.ZS","","57.1428571428571","57.1428571428571","57.1428571428571","57.1428571428571","57.1428571428571","57.1428571428571","57.1428571428571","57.1428571428571","51.4285714285714","42.8571428571429","42.8571428571429","42.8571428571429","42.8571428571429","42.8571428571429","42.8571428571429","42.8571428571429","42.8571428571429","42.8571428571429","42.8571428571429","57.6923076923077","57.6923076923077","53.8461538461538","53.8461538461538","50","50","46.1538461538462","46.1538461538462","46.1538461538462","46.1538461538462","46.1538461538462","46.1538461538462","46.1538461538462","46.1538461538462","38.4615384615385","38.4615384615385","34.6153846153846","34.6153846153846","34.6153846153846","38.4615384615385","36.5384615384615","35.7692307692308","31.1538461538462","31.1538461538462","30.8846153846154","19.2307692307692","19.2692307692308","19.5769230769231","19.6153846153846","21.1538461538462","21.9230769230769","23.0769230769231","23.0769230769231","23.0769230769231","23.0769230769231","23.0769230769231","23.0769230769231","23.0769230769231","23.0769230769231","23.0769230769231","23.0769230769231","23.0769230769231","23.0769230769231","23.0769230769231","","",
"Korea, Rep.","KOR","Agricultural land (% of land area)","AG.LND.AGRI.ZS","","21.9054530375285","21.5737093095584","21.7706821480406","22.7140783744557","23.6160066348746","23.99958532034","24.2172921418204","24.2898610823139","24.2276591333195","24.0928882438316","23.833713456355","23.533070702882","23.5434376943811","23.5123367198839","23.5538046858802","23.533070702882","23.5019697283848","23.4605017623886","23.3464648558988","23.2946298984035","23.2738959154053","23.2531619324072","23.1805929919137","23.1080240514203","23.0147211279287","22.9836201534315","23.0043541364296","22.9525191789343","22.7762803234501","22.5896744764669","22.4030686294837","22.143893842007","21.9572879950238","21.7292141820444","21.2315985900892","20.8169189301265","20.5577441426498","20.4126062616629","20.2571013891769","20.4540742276591","20.1054372544966","19.8264283500362","19.6487603305785","19.5517455071266","19.4217862674239","19.1783649876135","18.9847296739579","18.733890091762","18.4937152276942","18.2407407407407","18.068731350962","18.3742678039256","18.154291462238","17.9441650415683","17.815177792601","17.4460708387613","17.1951594708235","16.9401148482363","16.7725409836066","16.608606557377","16.4241803278689","16.2295081967213","16.0655737704918","","",
"Kuwait","KWT","Agricultural land (% of land area)","AG.LND.AGRI.ZS","","7.57575757575758","7.57575757575758","7.57575757575758","7.57575757575758","7.57575757575758","7.57575757575758","7.57575757575758","7.57575757575758","7.57575757575758","7.57575757575758","7.57575757575758","7.57575757575758","7.57575757575758","7.57575757575758","7.57575757575758","7.57575757575758","7.57575757575758","7.57575757575758","7.57575757575758","7.57575757575758","7.63187429854097","7.63187429854097","7.63187429854097","7.68799102132435","7.68799102132435","7.74410774410774","7.74410774410774","7.91245791245791","7.91245791245791","7.91245791245791","7.91245791245791","7.91245791245791","7.9685746352413","7.9685746352413","7.9685746352413","8.02469135802469","8.02469135802469","8.02469135802469","8.08080808080808","8.30527497194164","8.47362514029181","8.47362514029181","8.47362514029181","8.41750841750842","8.41750841750842","8.41750841750842","8.47362514029181","8.47362514029181","8.5016835016835","8.5297418630752","8.55780022446689","8.5297418630752","8.61952861952862","8.53535353535353","8.38383838383838","8.41750841750842","8.49607182940516","8.41750841750842","8.41750841750842","8.41750841750842","8.41750841750842","8.41750841750842","8.41750841750842","","",
"Latin America & Caribbean (excluding high income)","LAC","Agricultural land (% of land area)","AG.LND.AGRI.ZS","","28.3387213056024","28.5346004256646","28.718245076257","28.9105033037903","29.0839924408291","29.2447685763459","29.3916725993697","29.5801557407129","29.7060043534368","29.9345778467146","30.235516020341","30.530121619809","30.7781557408841","31.0272479441799","31.2946413452807","31.6166942762339","31.9848424871167","32.3130595807399","32.6337849321328","32.9636773248807","33.1385446785079","33.2911924603015","33.5759691773588","33.777167029951","33.932483502423","33.9495545070015","33.9828155378779","33.9833466642739","33.9875426909437","33.9967998883605","33.9997083837419","33.9434366238385","33.9169355217006","33.8720901759519","33.8309396921075","33.8794955000132","33.938478800778","34.0674066823422","34.1155839735238","34.0846945249975","33.9543977819272","33.9787982580229","33.9946466325169","34.0530185870807","34.124727526599","34.12604362679","34.2043745748846","33.9441481485739","33.8117708221681","33.9286707702131","33.8655436463345","33.9110819674861","33.9417471715228","33.7449133926096","33.8200276598132","33.7185088099809","33.5770418250953","33.5054051825466","33.5398685803201","33.8532860656004","33.859207383396","33.7576243301342","33.528475046308","","",
"Lao PDR","LAO","Agricultural land (% of land area)","AG.LND.AGRI.ZS","","6.7157712305026","6.7157712305026","6.49913344887348","6.28249566724437","6.28249566724437","6.32582322357019","6.32582322357019","6.36915077989601","6.37781629116118","6.39948006932409","6.421143847487","6.55112651646447","6.63778162911612","6.73743500866551","6.79376083188908","6.84575389948007","6.88908145580589","6.92374350086655","6.95407279029463","6.95840554592721","6.97140381282496","7.00606585788562","7.01906412478336","7.06239168110919","7.0840554592721","7.09705372616984","7.10571923743501","7.14904679376083","7.157712305026","7.19237435008666","7.20103986135182","7.20970537261698","7.21403812824957","7.32235701906413","7.36568457538995","7.36568457538995","7.60831889081456","7.6473136915078","7.68197573656846","7.82495667244367","7.97660311958406","8.12824956672444","8.27989601386482","8.4315424610052","8.60051993067591","8.7738301559792","8.93847487001733","9.11611785095321","9.39341421143848","9.50389948006932","9.61785095320624","9.782712305026","10.1490467937608","10.3431542461005","10.4545060658579","10.5112651646447","10.2235701906412","10.0511265164645","9.80459272097054","9.56629116117851","9.57712305025997","9.79116117850953","9.90987868284229","","",
"Lebanon","LBN","Agricultural land (% of land area)","AG.LND.AGRI.ZS","","54.9364613880743","55.7184750733138","55.7184750733138","56.6959921798632","58.2600195503421","58.2600195503421","59.2375366568915","60.2150537634409","60.6060606060606","61.0948191593353","61.58357771261","62.0723362658847","63.049853372434","62.5610948191593","62.0723362658847","61.58357771261","61.0948191593353","60.5083088954057","59.9217986314761","58.7487781036168","58.455522971652","58.455522971652","58.455522971652","58.455522971652","58.5532746823069","58.6510263929619","59.0420332355816","59.0420332355816","59.0420332355816","59.1397849462366","59.2375366568915","59.2375366568915","59.2375366568915","59.3352883675464","59.5307917888563","60.4105571847507","60.8015640273705","61.1925708699902","56.9403714565005","58.1622678396872","58.455522971652","60.2150537634409","61.2903225806452","62.3949169110459","63.8318670576735","66.3734115347019","66.1876832844575","64.8093841642229","64.8093841642229","62.5610948191593","63.6363636363636","64.3206256109482","64.5161290322581","64.7116324535679","65.0048875855327","65.5913978494624","65.8181818181818","65.6451612903226","65.6207233626589","65.8958944281525","66.6294916911046","66.1275659824047","65.9055522971652","","",
"Liberia","LBR","Agricultural land (% of land area)","AG.LND.AGRI.ZS","","11.90573089701","11.8849667774086","11.8849667774086","11.8538205980066","11.8538205980066","11.8226744186047","11.8226744186047","11.8019102990033","11.8019102990033","11.781146179402","11.781146179402","11.781146179402","11.781146179402","11.781146179402","11.781146179402","11.781146179402","11.8330564784053","11.8330564784053","11.8330564784053","11.8330564784053","11.8330564784053","11.874584717608","11.9264950166113","11.936877076412","11.9576411960133","12.0510797342193","12.1133720930233","12.0822259136213","12.0822259136213","11.0440199335548","11.3581810631229","11.6686067275747","11.9807765780731","12.2930668604651","12.6091382890365","12.927967192691","13.2420681063123","13.5666694352159","13.8781146179402","14.1934821428571","14.5067794850498","14.8211409883721","15.1354640780731","15.449584717608","15.75958160299","16.0693563122924","16.3743864202658","16.6862728405316","16.9967929817276","17.3072529069767","17.6148162375415","17.926040282392","18.2366206395349","18.5462344269103","18.8585257475083","19.1702938122924","19.4838901578073","19.7975892857143","19.9651162790698","19.9651162790698","19.9651162790698","19.9651162790698","19.9651162790698","","",
"Libya","LBY","Agricultural land (% of land area)","AG.LND.AGRI.ZS","","6.34825011082442","6.46930447730657","6.58410720983894","6.70231992452573","6.81712265705809","6.93533537174489","7.05013810427725","7.16948747968219","7.28599520329177","7.40250292690135","7.52185230230628","7.63722336519772","7.75486774952544","7.87023881241688","7.9878831967446","8.10325425963604","8.22089864396376","8.33911135865056","8.45391409118292","8.5704218147925","8.63009650249497","8.69090785091558","8.75512918149062","8.76081248508133","8.76763244939018","8.77217909226275","8.77502074405811","8.77502074405811","8.77786239585346","8.78354569944417","8.78638735123953","8.78922900303488","8.78922900303488","8.79491230662559","8.81764552098844","8.90346340520818","8.90346340520818","8.78070404764882","8.78070404764882","8.78070404764882","8.78070404764882","8.78070404764882","8.78070404764882","8.74376257430919","8.74376257430919","8.74376257430919","8.74376257430919","8.74376257430919","8.74376257430919","8.72443934210078","8.72443934210078","8.72671266353706","8.72671266353706","8.72387101174171","8.72387101174171","8.72387101174171","8.72387101174171","8.72387101174171","8.72387101174171","8.72387101174171","8.72387101174171","8.72387101174171","8.72387101174171","","",
"St. Lucia","LCA","Agricultural land (% of land area)","AG.LND.AGRI.ZS","","27.8688524590164","27.8688524590164","29.5081967213115","29.5081967213115","29.5081967213115","29.5081967213115","31.1475409836066","31.1475409836066","31.1475409836066","31.1475409836066","32.7868852459016","32.7868852459016","32.7868852459016","32.6229508196721","32.7868852459016","32.7868852459016","32.7868852459016","32.7868852459016","33.1147540983607","33.6065573770492","34.0983606557377","34.4262295081967","34.7540983606557","35.2459016393443","35.7377049180328","34.7540983606557","34.4262295081967","34.4262295081967","34.4262295081967","34.2622950819672","32.4590163934426","32.2950819672131","32.2950819672131","31.9672131147541","29.5081967213115","28.5245901639344","27.8688524590164","25.4098360655738","25.2459016393443","23.2786885245902","22.7868852459016","21.4754098360656","20.327868852459","18.1967213114754","17.8688524590164","16.5573770491803","16.2786885245902","16.2950819672131","16.2950819672131","16.2950819672131","16.2950819672131","16.2950819672131","16.2950819672131","16.2950819672131","16.2950819672131","16.2950819672131","16.2950819672131","16.2950819672131","16.2950819672131","16.2950819672131","16.2950819672131","16.2950819672131","16.2950819672131","","",
"Latin America & Caribbean","LCN","Agricultural land (% of land area)","AG.LND.AGRI.ZS","","28.2882585464522","28.4754539466163","28.65193467659","28.8403205956642","29.0110230748612","29.1706123838143","29.314964046969","29.5010087782284","29.6274777514792","29.8485904874527","30.1430770457896","30.4303358094049","30.6809876657055","30.9341749736157","31.2019489688764","31.5233198172527","31.8638519456955","32.165729588197","32.460489022056","32.7657268609346","32.9254350163844","33.0620354514124","33.3230680290107","33.5121075441202","33.6524845841869","33.6627490400331","33.6760267710235","33.6725891514062","33.6731827345452","33.6647994405671","33.662444256015","33.5964452709121","33.5606590015869","33.5155573927566","33.468537531518","33.5066546070572","33.5587747264248","33.6764902853849","33.7122625670325","33.6867087552386","33.5661338907708","33.6064781145954","33.6142620274833","33.6884059317609","33.7517489415808","33.7416979289506","33.8037349037131","33.550093550184","33.4187740616131","33.4920167188416","33.4224645676816","33.430885488152","33.4477323489072","33.2533549069624","33.3051836416749","33.1779352053336","33.0250537446026","32.9345196580606","32.9409231059901","33.1872618521146","33.1804658644641","33.0800257220244","32.87314496831","","",
"Least developed countries: UN classification","LDC","Agricultural land (% of land area)","AG.LND.AGRI.ZS","","32.2481106230939","32.277706932896","32.3705166714118","32.4347593092553","32.4722370912521","32.5043563029893","32.5320868514033","32.6047907382136","32.6260049689819","32.6480459987546","32.6763094842389","32.7155687402426","32.7023789691906","32.6772306786243","32.7246365398219","32.7543257915975","32.7585039979129","32.8409775735998","32.8383566516574","32.8957021058591","32.9632239453199","33.0014728123075","33.0729915712774","33.1123315006568","33.2283729084659","33.3212450616505","33.3615394711832","33.4514293389968","33.5033878175146","33.6026938159765","33.7241113318945","33.7973937507891","33.9611070465619","34.1192714630079","34.2443702925363","34.3975237550269","34.5730238399787","34.6912172478878","34.904783941494","35.0971577815532","35.2690935846645","35.3561122055408","35.6039831926918","35.4198378527537","35.8279113423564","35.9730548697926","36.1521937503076","36.3092867102179","36.5436579496213","36.7956478637647","37.0072490298786","39.5100392448457","39.710826946094","39.8463474141077","39.971918635211","40.1000452201262","40.2465803501802","40.3806123061792","40.4476203695213","40.5346737695037","40.6055985821145","40.6815031866693","40.7114669853609","","",
"Low income","LIC","Agricultural land (% of land area)","AG.LND.AGRI.ZS","","33.0227558756461","33.0585558454852","33.0989804731592","33.1582967366915","33.1374583575153","33.094712261284","33.1093813834673","33.1851946971809","33.236842802762","33.1682498046402","33.2083271259945","33.2980783906922","33.3345181353306","33.2816647548887","33.3058758471923","33.368471420541","33.3809113801409","33.4051523917902","33.4209693296955","33.5117363386667","33.5125318196983","33.5553952954833","33.6452198472655","33.6797565478884","33.7230104519425","33.8258538556105","33.8270376626404","33.862571479496","33.8811362225848","34.0771889256025","34.2411868507525","34.3562537075376","34.4955290805586","34.6786385058402","34.8057502480993","34.9491618603917","35.1544827451615","35.2906003629101","35.4927501609012","35.7215586282497","35.9560756381031","36.0577904339558","36.3774495156693","36.0553144486714","36.5777030361621","36.7289198953225","36.8935330956437","36.9541978147205","37.1825418743318","37.4682235394596","37.7130927539861","41.0007310877281","41.2076591401931","41.3320242658108","41.4276186398958","41.5804460045839","41.7166802594139","41.8487154721183","41.9336417021332","42.014487785284","42.0617664352744","42.1004968559954","42.1215313249759","","",
"Liechtenstein","LIE","Agricultural land (% of land area)","AG.LND.AGRI.ZS","","56.25","56.25","56.25","56.25","56.25","56.25","56.25","56.25","56.25","56.25","56.25","56.25","56.25","56.25","56.25","56.25","56.25","56.25","56.25","56.25","56.25","56.25","56.25","56.25","56.25","50","50","50","50","43.75","43.75","43.75","43.75","43.75","43.75","43.75","43.75","43.75","43.75","43.75","43.125","42.3125","41.5","40.6875","39.875","39.0625","38.25","37.4375","36.625","35.8125","35","34.1875","33.375","32.75","32.625","32.5","32.375","32.375","32.3125","32.3125","32.3125","32.3125","32.3125","","",
"Sri Lanka","LKA","Agricultural land (% of land area)","AG.LND.AGRI.ZS","","27.4756817094562","27.220538988997","32.8496252591293","33.5353213203636","34.3804815818849","35.1618561632913","35.9591771647265","37.011640886621","37.1232658268219","37.2029979269654","37.2986764471376","37.3943549673098","37.4900334874821","37.5857120076543","37.6176048477117","38.2076223887737","38.7976399298358","39.3717110508691","37.6176048477117","37.4581406474247","37.4581406474247","36.6129803859034","36.8043374262478","36.8521766863339","36.9159623664487","37.0913729867645","37.2189443469941","37.2667836070802","37.3146228671663","37.2986764471376","37.3465157072237","37.3784085472811","36.9956944665922","37.0435337266784","37.0913729867645","37.1073194067932","37.1232658268219","37.1392122468506","37.3943549673098","37.4740870674534","37.4900334874821","37.5697655876256","38.0465635464838","36.4917875936852","39.7464519215436","38.7529899537554","37.9907510763833","41.4224206665604","41.6137777069048","41.7796204752033","43.5337266783607","43.6931908786477","43.6931908786477","43.6931908786477","44.2699497519913","44.4315189116701","44.5963194545425","45.448079658606","45.4472947072851","45.4574846427417","45.4574846427417","45.4574846427417","48.6081474296799","","",
"Lower middle income","LMC","Agricultural land (% of land area)","AG.LND.AGRI.ZS","","36.9620542369504","37.0910200252559","37.1728332904596","37.2943751334397","37.4402153281354","37.5319293335544","37.5874195648042","37.6527464686603","37.5946660526279","37.7356133729384","37.7712716059051","37.874652261607","38.0136293273345","38.0960776354676","38.2444810556395","38.2739996048023","38.3587342883244","38.5343361888519","38.5851341612161","38.7014199558479","38.7975686838205","38.9912749399499","38.9046131983432","39.1312265917448","39.2912047973331","39.2986380977848","39.4457211346923","39.4687345788135","39.5987351299696","39.6076487704415","39.6979459661617","40.440986391727","40.6150898558217","40.7666000994505","41.0277070698859","41.0786898152796","41.1963507293148","41.243873093073","41.3940975565807","41.3850676623413","41.3718002318362","41.4375963802513","41.4434366231729","41.4329376983098","41.5192475451416","41.5717029834293","41.6653714910302","41.7416303278248","41.8612166270738","41.8745058254017","42.0106293672415","42.1436938271123","42.2593471073999","42.3395394330459","42.4750132671993","42.5361367482798","42.6112999232338","42.7300456788304","42.6960494343012","42.7951281348197","42.8498012604376","42.9020311956069","42.9725807247853","","",
"Low & middle income","LMY","Agricultural land (% of land area)","AG.LND.AGRI.ZS","","33.9285935144304","34.0514555742106","34.1821827635085","34.304406632217","34.438035531208","34.5592675015851","34.6758596034071","34.8229297980168","34.9369902483644","35.0940400581394","35.2852557727278","35.5066290466042","35.7088972308634","35.8853025328668","36.0538325184383","36.0343753042733","36.2547301303325","36.4854207502904","36.6729992606871","36.8502764613462","36.946328954362","37.1843485201788","37.4177164455212","37.7118251294142","38.0255468567743","38.173145898658","38.3685338795742","38.4956796527748","38.641628211071","38.7763777395834","38.8978745913943","41.2551625941688","41.2246565245472","41.3427179991427","41.357875790507","41.3992943176751","41.6062454149148","41.6943386844761","41.7906545625999","41.807553170095","41.8352371697872","41.8794194264424","41.7347893898764","41.7067195898522","41.6052443321433","41.6557472974993","41.7295050506995","41.6707161596115","41.711652870153","41.8684468622982","41.9131632741659","42.4440860514639","42.526427156034","42.5226031110008","42.6069563855382","42.6289639859966","42.6393003605192","42.687176236446","42.684967420254","42.8042513545899","42.8287855288558","42.8054191115522","42.7003394232231","","",
"Lesotho","LSO","Agricultural land (% of land area)","AG.LND.AGRI.ZS","","85.0131752305665","84.8484848484848","84.8484848484848","84.9143610013175","84.9143610013175","85.0790513833992","85.0790513833992","83.4321475625823","81.6205533596838","79.9407114624506","77.8656126482213","77.7009222661397","77.7009222661397","77.7009222661397","78.2608695652174","77.7009222661397","75.4940711462451","75.5270092226614","76.0540184453228","75.6258234519104","75.8234519104084","75.4940711462451","75.3293807641634","75.7905138339921","76.0210803689065","75.4611330698287","76.7457180500659","77.1739130434783","75.9222661396575","76.4492753623188","76.5151515151515","76.9433465085639","76.8774703557312","76.7127799736495","76.5480895915678","76.6139657444005","76.7127799736495","76.7127799736495","76.7127799736495","76.8774703557312","76.8774703557312","75.8893280632411","75.8893280632411","76.2187088274045","76.6469038208169","75.9881422924901","76.7127799736495","77.7997364953887","77.0421607378129","76.6139657444005","76.1528326745718","75.2733860342556","74.1798418972332","74.9769433465086","73.2213438735178","77.6021080368907","79.6442687747035","80.1482213438735","70.961791831357","77.3847167325428","73.4321475625823","74.9472990777339","77.7584980237154","","",
"Late-demographic dividend","LTE","Agricultural land (% of land area)","AG.LND.AGRI.ZS","","32.9734768880234","33.3048312236393","33.6422747419206","33.9618892011901","34.3397426852853","34.672393442251","34.9936564101442","35.3317349824121","35.6900187758084","36.0636064767491","36.5014372593684","36.8852717130234","37.3196980602194","37.7837101261844","38.1519307202806","38.0321862537128","38.5332712200286","39.0002397815244","39.3426883348155","39.7639147136358","40.0752037033274","40.559703948634","41.0883819785957","41.6365034481697","42.205695597135","42.405872334599","42.6032718612076","42.7939519588746","42.9985543594509","43.1892435814606","43.3753749346575","34.7670299926978","34.6787658948298","34.7220366608825","34.5313914742547","34.5144481553118","34.8054859963268","34.8080840087156","34.8174033090803","34.8513104450906","34.7543455317439","34.7356577893606","34.3868988138766","34.3601566458422","34.3641101820619","34.3862126905014","34.3834010772204","34.4226088826182","34.4346611216753","34.5644555467493","34.5473007138277","34.5496307804831","34.5966778617541","34.5584683236814","34.5772598638534","34.5685969345028","34.5312228369113","34.4977212876491","34.4217939088889","34.390284324212","34.3520135929187","34.2840913200255","34.1394837993936","","",
"Lithuania","LTU","Agricultural land (% of land area)","AG.LND.AGRI.ZS","","","","","","","","","","","","","","","","","","","","","","","","","","","","","","","","","54.0682833439694","53.174856413529","49.8723675813657","54.4033184428845","54.4192724952138","54.5149968091895","54.6426292278239","55.7753669432036","54.5309508615188","46.2029355456286","46.0274409700064","40.5392469687301","41.5491384811742","45.2616464582004","44.5229738353542","43.0105296745373","42.6342241723175","42.9038691663343","44.2329477463103","44.7697609854166","45.3489485273","46.1332269644994","47.1252992817239","47.9792498004789","47.1552632419144","46.8590859022046","47.0541274149768","47.5087831363781","46.9945704247844","46.9222168982591","46.503418311929","45.8945686900959","","",
"Luxembourg","LUX","Agricultural land (% of land area)","AG.LND.AGRI.ZS","","","","","","","","","","","","","","","","","","","","","","","","","","","","","","","","","","","","","","","","","49.7191644072932","49.7191644072932","49.7191644072932","49.7191644072932","49.7191644072932","50.1075953792252","50.1075953792252","50.8844573230891","50.8844573230891","50.7679280315095","50.8999945619664","50.9893336855108","51.0475983313005","50.8378456064573","50.8805730133698","50.9893336855108","50.7488949138849","50.9458294166544","51.1015902363991","51.1106795211423","51.3218694405817","51.5843322483161","51.4711434630952","51.6606200912036","","",
"Latvia","LVA","Agricultural land (% of land area)","AG.LND.AGRI.ZS","","","","","","","","","","","","","","","","","","","","","","","","","","","","","","","","","40.6575923634435","40.4004692496826","40.8182943095441","29.4405965256239","30.1155446992463","28.4763848490205","28.1067703729892","25.9855046844617","25.5194690407701","25.4069776784997","25.6319604030405","25.4230478731097","26.3872595497131","27.8657174538384","29.8102110016552","29.5530878878943","29.3281051633535","29.456666720234","29.0067012711524","29.183473411863","29.5852282771144","30.1637552830765","30.0834043100262","30.2842817426519","31.0315457920195","31.0636861812397","31.1440371542899","31.4975814357112","31.6406877711715","31.6567571910654","31.6567571910654","31.6728266109593","","",
"Macao SAR, China","MAC","Agricultural land (% of land area)","AG.LND.AGRI.ZS","","","","","","","","","","","","","","","","","","","","","","","","","","","","","","","","","","","","","","","","","","","","","","","","","","","","","","","","","","","","","","","","","","",
"St. Martin (French part)","MAF","Agricultural land (% of land area)","AG.LND.AGRI.ZS","","","","","","","","","","","","","","","","","","","","","","","","","","","","","","","","","","","","","","","","","","","","","","","","","","","","","","","","","","","","","","","","","","",
"Morocco","MAR","Agricultural land (% of land area)","AG.LND.AGRI.ZS","","52.3591880629117","52.8296814087915","53.4346014249227","54.017116996012","54.7116547923108","55.4241161446431","55.872205045481","56.5443383967379","56.9722632970381","57.5906259801945","58.1014473271497","58.6324326746427","59.2090522070356","59.6683844947345","60.3114496975129","60.8335200537755","61.6177459108223","62.5543356486668","62.7470311449698","64.8218686981851","65.1803719471208","65.3753080887296","65.590410038091","65.8391216670401","65.870490701322","66.0923145866009","66.4709836432893","66.6457539771454","67.3627604750168","67.9879005153484","68.0147882590186","68.5995966838449","68.8124579879005","69.3793412502801","68.8976025095227","69.3838225408918","69.2247367241766","69.4062289939503","68.7721263723952","68.6802599148555","68.0483979386063","67.8534617969975","69.1821644633655","67.3112256329823","67.1947120770782","67.0983643289267","67.1297333632086","67.1767869146314","67.2251848532377","67.1931436253641","67.4519381581896","68.1223392336993","68.5301366793637","67.404212413175","67.3246695048174","69.1799238180596","69.5643024871163","68.3975066099036","66.34978041676","67.0205229666144","67.0350365225185","65.8091218911046","66.7449381581896","","",
"Monaco","MCO","Agricultural land (% of land area)","AG.LND.AGRI.ZS","","","","","","","","","","","","","","","","","","","","","","","","","","","","","","","","","","","","","","","","","","","","","","","","","","","","","","","","","","","","","","","","","","",
"Moldova","MDA","Agricultural land (% of land area)","AG.LND.AGRI.ZS","","","","","","","","","","","","","","","","","","","","","","","","","","","","","","","","","77.8825676909036","77.6024279210926","77.6259866423801","77.6191922259338","77.6191922259338","77.6427703523694","77.6663628076573","77.7203647416413","77.3722627737226","77.220194647202","77.0681265206813","76.9090355947673","76.7031630170316","75.9805411979325","75.4940711462451","75.554879902706","75.4332623897841","75.1596229857099","75.0380517503805","74.9467275494673","74.8630553864881","74.8479318734793","70.4075425790754","70.4987834549878","70.4957420924574","70.456065673457","68.6355301608926","68.7711146722455","75.1445965588756","75.0684098510185","74.9695863746959","74.096568478591","","",
"Madagascar","MDG","Agricultural land (% of land area)","AG.LND.AGRI.ZS","","60.4343639302542","60.4773532345152","60.5203425387763","60.5633318430374","60.6063211472985","60.6493104515597","60.6922997558208","60.7352890600819","60.7868762251952","60.8212676686041","60.8556591120129","60.9072462771262","60.9416377205351","61.0018227465007","61.4901812429068","61.498779103759","61.7825085118822","61.9045981359838","61.9389895793926","61.9733810228015","62.0335660487671","62.0765553530282","62.1367403789937","62.1797296832548","62.2399147092203","62.2829040134814","62.3172954568903","62.3688826220036","62.4118719262648","62.4634590913781","62.5064483956392","62.540839839048","62.7471884995013","62.7299927777969","62.7299927777969","62.9294631495684","64.4667606699453","66.1863328403893","67.9231007325377","69.6426729029817","70.232486157444","70.232486157444","70.232486157444","70.232486157444","70.3184647659662","70.3184647659662","70.3184647659662","70.3219039103071","70.3219039103071","70.3219039103071","70.2910819102949","70.2910819102949","70.2904778274321","70.2904778274321","70.2904778274321","70.2904778274321","70.2904778274321","70.2904778274321","70.2904778274321","70.2904778274321","70.2904778274321","70.2904778274321","70.2904778274321","","",
"Maldives","MDV","Agricultural land (% of land area)","AG.LND.AGRI.ZS","","16.6666666666667","16.6666666666667","16.6666666666667","16.6666666666667","16.6666666666667","16.6666666666667","16.6666666666667","16.6666666666667","16.6666666666667","16.6666666666667","20","20","23.3333333333333","23.3333333333333","23.3333333333333","23.3333333333333","23.3333333333333","23.3333333333333","23.3333333333333","23.3333333333333","23.3333333333333","26.6666666666667","26.6666666666667","26.6666666666667","26.6666666666667","26.6666666666667","26.6666666666667","26.6666666666667","26.6666666666667","26.6666666666667","26.6666666666667","26.6666666666667","26.6666666666667","26.6666666666667","26.6666666666667","26.6666666666667","26.6666666666667","26.6666666666667","26.6666666666667","30","33.3333333333333","40","40","36.6666666666667","30","23.3333333333333","23.3333333333333","23.3333333333333","23.3333333333333","23","23","21.3333333333333","21.3333333333333","21.3333333333333","21.3333333333333","21.3333333333333","21.3333333333333","21.3333333333333","21.3333333333333","21.3333333333333","19.6666666666667","19.6666666666667","19.7986577181208","","",
"Middle East, North Africa, Afghanistan & Pakistan","MEA","Agricultural land (% of land area)","AG.LND.AGRI.ZS","","28.6670176720124","28.6736583136881","28.7046479748415","28.7547690084415","28.8465521630309","28.8663950328","28.9259236421074","28.9305088470739","28.8733518955079","28.9505098273591","29.0960505574186","29.2634895939564","29.3777540962611","29.3406849685438","29.2916705535625","29.293860391135","29.3053234398","29.3239805396961","29.4126808197108","29.4080956002448","29.0494681935975","29.2758626141759","29.1841898470592","29.7359672520464","30.1457467346122","30.4357776769381","30.9807626326749","31.3492640722757","31.766574382537","32.1370917375926","32.308009745963","32.4679256499934","33.1372006172644","33.7214845573215","34.29574693107","34.8946875968428","35.4169212197297","36.1374614367842","36.5896812091679","36.5448427035044","36.6223244258998","36.6677561710632","36.73756404763","36.7474996066936","35.4136462679794","35.4657923163763","35.4905904139847","35.2549073266679","35.2275787237205","35.2553147163794","35.3238191103063","35.3516656677283","35.3932949239667","35.3627868819144","35.3637712522962","35.4564148791701","35.5620171486224","35.5658550574805","35.4558467364556","35.5324414078585","35.4780741709664","35.4210627513157","35.4444343496986","","",
"Mexico","MEX","Agricultural land (% of land area)","AG.LND.AGRI.ZS","","50.5753748810412","50.5048998173821","50.468890660768","50.4380256693845","50.4020165127704","50.3685794387716","50.3299981995422","50.2939890429281","50.2631240515445","50.2250572288382","49.8665089122663","49.9755652151547","50.1041693459194","50.1818462409013","50.1818462409013","50.1818462409013","50.2075670670542","50.5146737313203","50.4117904267085","50.5054142339052","50.520846729597","50.5748604645181","51.966357159392","51.9720157411456","52.0772139201111","52.1829265155997","52.7534144396718","53.0111371177242","53.5250392242599","54.0914118161475","54.6073715887754","54.6192031688058","54.620746418375","54.6258905836055","54.6284626662208","54.6876205663726","54.6876205663726","54.6953368142185","54.6958512307415","54.6979088968338","54.8110805319067","54.8110805319067","54.8110805319067","54.8213688623679","54.8213688623679","54.8213688623679","54.8882430103655","53.1675197407341","52.8213174207156","52.3712029630392","52.1217109493557","51.7050335656781","51.1772422130199","50.7976028190025","50.7626224954345","50.5866920445485","49.8706242444507","49.6494251395355","49.4385143650814","51.5149441086448","51.5064078294195","50.8701226883407","50.6933879986625","","",
"Marshall Islands","MHL","Agricultural land (% of land area)","AG.LND.AGRI.ZS","","","","","","","","","","","","","","","","","","","","","","","","","","","","","","","","47.2222222222222","47.2222222222222","47.2222222222222","47.2222222222222","47.2222222222222","47.2222222222222","47.2222222222222","47.2222222222222","47.2222222222222","47.2222222222222","47.2222222222222","47.2222222222222","47.2222222222222","47.2222222222222","47.2222222222222","47.2222222222222","47.2222222222222","47.2222222222222","47.2222222222222","47.2222222222222","47.2222222222222","41.6666666666667","38.8888888888889","38.8888888888889","38.8888888888889","38.8888888888889","38.8888888888889","38.8888888888889","38.8888888888889","38.8888888888889","38.8888888888889","38.8888888888889","38.8888888888889","","",
"Middle income","MIC","Agricultural land (% of land area)","AG.LND.AGRI.ZS","","34.099035283204","34.2382788841867","34.3859973395449","34.5200578587043","34.6827512113912","34.8348371786835","34.9706070361921","35.1310848750608","35.2568887880111","35.4563953887632","35.6760491964153","35.9221883743493","36.15565925821","36.3751841904851","36.5708494505101","36.5359554576275","36.7954287122391","37.064962077739","37.2848569054629","37.4784106851382","37.5923854397069","37.8671229165345","38.1274980073501","38.470444219096","38.8350534871205","38.9910731401211","39.2229999324754","39.3673821632217","39.5372975246559","39.660513083074","39.7740002531307","42.4503825161893","42.5077819275314","42.6135797154716","42.6073881165514","42.6293566876922","42.8366188474082","42.9161078912521","42.9922391602253","42.9675618716003","42.9558235002696","42.9890673089994","42.7558147205072","42.7971126939077","42.5752287193352","42.604742342059","42.6610082239005","42.5792073599617","42.5840838818948","42.7160941695889","42.7222686686814","42.7791539029594","42.8325870605031","42.7990064916644","42.880724852437","42.8723581297707","42.8534850199663","42.8818175707435","42.8593762760588","42.9875864662635","43.0067993540953","42.9690241106646","42.8346730689754","","",
"North Macedonia","MKD","Agricultural land (% of land area)","AG.LND.AGRI.ZS","","","","","","","","","","","","","","","","","","","","","","","","","","","","","","","","","51.3959889893826","51.0027526543453","50.9634290208415","50.6095163193079","50.7274872198191","50.452221785293","50.7668108533229","50.4128981517892","48.5646873771136","48.8399528116398","52.4577270939835","51.1600471883602","49.6264254817145","48.2894219425875","48.1321274085726","42.6476416963932","42.1323820848197","40.1665344964314","44.3695479777954","44.3298969072165","50.2379064234734","49.9603489294211","50","50.0396510705789","50.1586042823156","50.1982553528945","50.1189532117367","50.1586042823156","50.0396510705789","49.9603489294211","49.8413957176844","49.6034892942109","","",
"Mali","MLI","Agricultural land (% of land area)","AG.LND.AGRI.ZS","","25.9779214712463","25.9820191937321","25.986116916218","25.9902146387038","25.9943123611897","25.9975905391783","26.0025078061613","26.0025078061613","26.0025078061613","26.0434850310198","26.0434850310198","26.0434850310198","26.0434850310198","26.0844622558782","26.1254394807366","26.2885288356731","26.2868897466788","26.2868897466788","26.2909874691646","26.2909874691646","26.2934461026561","26.2934461026561","26.2934461026561","26.2934461026561","26.3098369925995","26.312295626091","26.312295626091","26.3262278825429","26.3262278825429","26.3303256050287","26.3426187724863","26.4327686671748","27.1760955261066","28.9053344151321","29.0274465452102","30.0363058212246","30.855850318393","30.855850318393","30.855850318393","31.687687983019","32.2154746391955","32.5228038256337","33.3767691916833","32.5285406371139","33.103041329629","33.1636876224195","33.2710479515485","33.4627970234144","33.6473069767823","33.6631545906785","33.8087234774912","33.9656543653038","34.1165621747433","34.2535671493784","34.3826333603783","34.6059572689499","34.7400371253657","34.911642121309","35.0888286250502","35.2476788860751","35.4343856284677","35.466125849253","35.4694668863046","","",
"Malta","MLT","Agricultural land (% of land area)","AG.LND.AGRI.ZS","","56.25","53.125","50","46.875","43.75","43.75","43.75","43.75","43.75","43.75","43.75","43.75","43.75","43.75","40.625","40.625","43.75","43.75","43.75","40.625","40.625","40.625","40.625","40.625","40.625","40.625","40.625","40.625","40.625","40.625","40.625","40.625","40.625","40.625","34.375","34.375","31.25","28.125","28.125","28.125","31.25","31.25","32.5","31.25","29.0625","29.0625","29.0625","29.0625","29.0625","32.28125","32.28125","32.1875","31.96875","31.96875","31.96875","32.4375","32.4375","32.4375","32.4375","28.46875","27.34375","27.34375","25.909375","","",
"Myanmar","MMR","Agricultural land (% of land area)","AG.LND.AGRI.ZS","","15.9592373840928","16.0204425130826","16.0770572573982","16.2499617467944","16.1933470024788","16.4335771337638","16.4748905958319","16.4764207240567","16.4748905958319","16.5269149554733","16.5330354683723","16.5330354683723","15.7939835358203","15.8108149462925","15.8322367414389","15.8551886648101","15.8460078954616","15.8628393059338","15.8781405881813","15.8903816139793","15.9454662300701","15.976068794565","15.9714784098908","15.9469963582948","15.957707255868","15.9668880252165","15.9469963582948","15.8720200752823","15.9056828962267","15.9561771276433","15.9378155889464","15.9102732809009","15.9837194356887","15.9454662300701","15.9898399485877","16.0724668727239","16.0954187960951","16.0862380267466","16.2331303363222","16.5437463659455","16.7380726504881","16.7166508553417","16.8038681641522","16.9599951026905","17.2385820986899","17.7467978637122","18.337617823479","18.7919976733863","19.04331853666","19.1746012307504","19.2227035466638","19.2130444767664","19.2732896429228","19.342193911925","19.5213448582103","19.5471674990043","19.997855227882","20.0265052857362","19.8857055308718","19.8875388787596","19.8875388787596","19.8875388787596","19.9140944121838","","",
"Middle East, North Africa, Afghanistan & Pakistan (excluding high income)","MNA","Agricultural land (% of land area)","AG.LND.AGRI.ZS","","27.2652772548969","27.272329938443","27.3074940226024","27.3672928323875","27.481625772691","27.5031811576136","27.575793998067","27.5781780037727","27.5026844897582","27.5945680429995","27.77257380236","27.9777969601941","28.1149095315907","28.0602857838195","27.9947253664182","27.9917155472557","28.0003576022767","28.0181383821477","28.1241277236132","28.1126049835851","27.6558276754362","27.9345329565265","27.7969951475358","27.9767518786536","27.973318896797","27.8241888140021","27.9922320838776","27.9430915710163","27.9546838448205","27.8992356251335","28.0926388564674","28.2829110812005","28.4239553791826","28.4613158373108","28.4870774159262","28.5446422238888","28.5052277678168","28.6164484630552","28.4744587341873","28.4045488102274","28.5015579439856","28.54892774944","28.6293637638747","28.6358378398783","26.9604280886554","27.028761614797","27.0597063945143","26.7643950725694","26.7428112952585","26.7821398018161","26.8685271934017","26.9060949247793","26.9598018739297","26.9281015238373","26.9293342570035","27.044215798992","27.1609584528202","27.1655838934796","27.0256225371482","27.1296044901379","27.0607519378435","26.9895409297254","27.0182230510186","","",
"Montenegro","MNE","Agricultural land (% of land area)","AG.LND.AGRI.ZS","","","","","","","","","","","","","","","","","","","","","","","","","","","","","","","","","","","","","","","","","","","","","","","38.2899628252788","38.2156133828996","38.1412639405204","38.2156133828996","38.0669144981413","38.1412639405204","38.1412639405204","16.5895910780669","17.1241635687732","17.2044609665428","19.0111524163569","19.0557620817844","19.092936802974","19.1078066914498","19.17843866171","19.0007434944238","18.8847583643123","19.5925650557621","","",
"Mongolia","MNG","Agricultural land (% of land area)","AG.LND.AGRI.ZS","","90.9134534257383","90.9134534257383","90.9134534257383","90.9121609674679","90.9134534257383","90.9134534257383","90.9134534257383","90.9134534257383","90.8934203225474","90.9140996548735","90.9134534257383","90.9134534257383","90.9134534257383","90.9134534257383","90.9134534257383","81.1353603811995","81.4087153053843","81.3712340155434","80.5931741367763","80.5117492657425","80.4678056845497","80.4716830593608","80.7631323993309","80.5246738484463","80.5117492657425","80.4755604341719","80.7069104645695","80.9298595162095","81.1224357984957","81.2025682112591","81.5088808213385","79.8674588179595","76.9813995002072","76.5581194166586","76.5581194166586","76.5581194166586","83.2931194635943","83.4488606851747","84.1920241906416","84.3135152680571","84.0934742475254","84.0860303318922","73.5012701837711","73.4363531942671","73.2916678442313","73.6631225279957","73.6327525489621","73.5213912374525","73.3692547623991","73.3388467572954","73.3264775940588","73.2494851072419","73.2252730410926","73.001629001279","72.990217275856","72.9236771309318","72.8635713833453","72.8416347996956","72.6641956567248","72.2189891455646","72.1791744756203","71.9096506603489","68.9555729589301","","",
"Northern Mariana Islands","MNP","Agricultural land (% of land area)","AG.LND.AGRI.ZS","","","","","","","","","","","","","","","","","","","","","","","","","","","","","","","","8.69565217391304","8.69565217391304","8.69565217391304","8.69565217391304","8.69565217391304","8.69565217391304","8.69565217391304","6.52173913043478","6.52173913043478","6.52173913043478","6.52173913043478","6.52173913043478","6.52173913043478","6.52173913043478","6.52173913043478","6.52173913043478","3.69565217391304","3.69565217391304","3.69565217391304","3.69565217391304","3.69565217391304","3.69565217391304","3.69565217391304","3.69565217391304","3.69565217391304","3.69565217391304","3.69565217391304","1.17391304347826","1.17391304347826","1.17391304347826","1.17391304347826","1.17391304347826","1.17391304347826","","",
"Mozambique","MOZ","Agricultural land (% of land area)","AG.LND.AGRI.ZS","","43.5273023220326","43.5412904702561","43.5540069686411","43.5641801673491","43.5768966657341","43.5845265647651","43.6175894605661","43.7447544444162","43.8770060276202","43.9850962638928","43.9850962638928","44.0092576108243","44.0753834024263","44.0753834024263","44.1008163991963","44.1008163991963","44.1008163991963","44.1008163991963","44.1008163991963","44.1008163991963","44.1643988911213","44.2661308782014","44.2661308782014","44.3932958620514","44.4568783539764","44.5204608459015","44.6476258297515","44.7112083216765","44.7747908136016","44.8383733055266","45.1168646201582","45.3953559347898","45.6738472494214","45.952338564053","46.2308298786846","46.5093211933162","46.7878125079478","47.0663038225794","47.344795137211","47.6232864518426","47.9050662529566","48.1868460540706","48.4686258551845","48.7504056562985","49.0321854574124","49.3139652585264","49.5957450596404","49.8775248607543","50.1593046618683","50.4410844629823","50.7035885958443","50.9660927287062","51.2706884712226","51.5212390956026","51.8231643734581","52.2482896309672","52.5799231923498","52.7751621353544","52.7979246674636","52.7793585798215","52.7742719804675","52.7726188356774","52.7891502835779","","",
"Mauritania","MRT","Agricultural land (% of land area)","AG.LND.AGRI.ZS","","38.3448142039391","38.3448142039391","38.3457844183565","38.3457844183565","38.3457844183565","38.3457844183565","38.3457844183565","38.3457844183565","38.3554865625303","38.3554865625303","38.3166779858349","38.3166779858349","38.3040651984088","38.2749587658873","38.2710779082177","38.2739885514699","38.2749587658873","38.2710779082177","38.2739885514699","38.2885417677307","38.3079460560784","38.3273503444261","38.3467546327738","38.3574269913651","38.3768312797128","38.3962355680605","38.4156398564083","38.435044144756","38.4544484331037","38.4748229358688","38.4845250800427","38.4961676530513","38.50781022606","38.5272145144077","38.5272145144077","38.5272145144077","38.5272145144077","38.5272145144077","38.5272145144077","38.5272145144077","38.5272145144077","38.5272145144077","38.5272145144077","38.5272145144077","38.5272145144077","38.5272145144077","38.5272145144077","38.5272145144077","38.5272145144077","38.5272145144077","38.5272145144077","38.5272145144077","38.5272145144077","38.5272145144077","38.5272145144077","38.5272145144077","38.5272145144077","38.5272145144077","38.5272145144077","38.5272145144077","38.5272145144077","38.5272145144077","38.5272145144077","","",
"Mauritius","MUS","Agricultural land (% of land area)","AG.LND.AGRI.ZS","","48.7684729064039","49.2610837438424","49.2610837438424","49.2610837438424","49.7536945812808","48.7684729064039","51.7241379310345","54.679802955665","54.679802955665","55.1724137931034","55.1724137931034","55.6650246305419","55.6650246305419","55.6650246305419","55.6650246305419","56.1576354679803","56.1576354679803","56.1576354679803","56.1576354679803","56.1576354679803","56.1576354679803","56.1576354679803","56.1576354679803","56.1576354679803","56.1576354679803","56.1576354679803","56.1576354679803","55.6650246305419","55.0466502463054","54.4911330049261","53.9356650246305","53.6945812807882","52.7093596059113","51.9652216748769","50.9695073891626","49.9108866995074","49.1667487684729","49.5965024630542","48.4854679802956","49.1038916256158","50.2463054187192","49.2610837438424","48.7684729064039","48.2758620689655","47.2906403940887","46.3054187192118","45.320197044335","44.8275862068966","44.8275862068966","44.8275862068966","44.5668502754131","43.565348022033","43.064596895343","43.064596895343","43.064596895343","43.064596895343","43.064596895343","43.064596895343","43.064596895343","43.064596895343","43.064596895343","43.064596895343","43.043264897346","","",
"Malawi","MWI","Agricultural land (% of land area)","AG.LND.AGRI.ZS","","33.9414509970301","35.0021213406873","35.5324565125159","36.0627916843445","38.2159524819686","38.7462876537972","38.2371658888417","39.3190496393721","39.8493848112007","39.3190496393721","40.9100551548579","41.4403903266865","41.9707254985151","42.0025456088248","41.4722104369962","41.4934238438693","41.525243954179","42.0873992363174","42.1086126431905","40.6236741620704","41.6843445057276","42.7450148493848","41.7904115400933","42.3207467119219","42.4798472634705","43.5405176071277","43.5935511243106","43.6465846414934","44.176919813322","44.7390750954603","45.8209588459907","45.2906236741621","45.2906236741621","43.1692829868477","45.3966907085278","46.457361052185","46.9876962240136","48.5787017394994","49.6393720831566","50.1697072549852","51.2303775986423","51.2303775986423","52.8213831141281","52.8213831141281","54.9427238014425","56.0564276622826","56.0564276622826","57.6474331777683","58.1777683495969","58.1777683495969","58.1777683495969","58.1777683495969","58.8141705557913","59.9384811200679","60.5218498090793","61.1158252015274","61.6991938905388","62.2931692829869","62.8765379719983","63.4705133644463","64.1705557912601","64.1705557912601","64.1705557912601","","",
"Malaysia","MYS","Agricultural land (% of land area)","AG.LND.AGRI.ZS","","9.38895145335565","9.59047329173642","9.97068939278649","10.1598539035154","10.6447724851621","10.677613757419","10.8710394156141","11.2625171206818","11.4318672956932","11.8247146553036","12.0492466900015","12.4182924973368","12.6644042002739","12.8487901384873","13.2525947344392","13.5127682240146","13.9118551209862","14.3965910820271","14.7286866534774","14.9657586364328","15.3547100897885","15.5464617257647","15.8436767615279","15.876183229341","16.4837924212449","17.4095267082636","18.4854664434637","19.430223710242","20.4586820879623","20.5649064069396","20.6802617562015","20.7167858773398","20.9751940343935","21.2780398721656","21.2022523208035","21.187338304672","21.1800334804444","21.137422005783","21.1447268300107","21.1191599452138","21.1444224623345","21.4198752092528","21.6595343174555","21.7065895601887","21.7148379242124","21.5346218231624","21.6320194795313","21.7635063156293","21.9753462182316","22.4906406939583","22.9207122203622","23.8295541013544","24.529904124182","24.6203013239994","26.0842185359915","26.0873535230558","26.0873535230558","26.0873535230558","26.0873535230558","26.0873535230558","26.0873535230558","26.0873535230558","26.0873535230558","","",
"North America","NAC","Agricultural land (% of land area)","AG.LND.AGRI.ZS","","28.1028153773732","27.9328199391281","27.8163484289091","27.7063377495034","27.5572586303127","27.5455066494142","27.5246510213409","27.5441217915713","27.5174729334776","27.7244402139765","27.5886413849373","27.4619462030729","27.3407683831327","27.2150663264146","27.2165560141342","27.2181003237367","27.2070109780054","27.0667044642741","27.0460143570585","27.0253242498429","27.0049100107235","27.1791483002884","27.1748447579875","27.1705412156867","27.1662376733859","27.1618729987149","26.923253054246","26.9302049302705","26.9371568062949","26.9441086823194","26.9512948476005","26.8637207190844","26.7230831636377","26.6195222803213","26.5606023723332","26.3453149100527","26.268182190353","26.2531197923","26.2157672520735","26.2410547826503","26.2722868224324","26.2117623746908","26.2014863111227","26.1912102475545","26.1809341839863","26.1195205268617","26.0854685163434","26.1862445580715","26.2661439941912","26.34604342479","26.425705463195","26.5413415366942","26.5924021910374","26.6434628453805","26.6945787029737","26.7453081046917","26.7823788564983","26.7206038304729","26.646517248545","26.5520586301688","26.7432844039091","26.6844906500126","26.6732284934346","","",
"Namibia","NAM","Agricultural land (% of land area)","AG.LND.AGRI.ZS","","46.9360735585274","46.9360735585274","46.9360735585274","46.940932113836","46.940932113836","46.940932113836","46.9445760303174","46.9445760303174","46.9445760303174","46.9470053079717","46.949434585626","46.949434585626","46.949434585626","46.949434585626","46.949434585626","46.9518638632803","46.9518638632803","46.9530785021074","46.9530785021074","46.9542931409345","46.9542931409345","46.9542931409345","46.9603663350703","46.9603663350703","46.9603663350703","46.9603663350703","46.9603663350703","46.9603663350703","46.9603663350703","46.9603663350703","46.9603663350703","46.9603663350703","47.0065226105018","47.067254551859","47.1522792697591","47.1522792697591","47.1522792697591","47.1522792697591","47.1522792697591","47.1522792697591","47.1522792697591","47.1522792697591","47.1522792697591","47.1522792697591","47.1522792697591","47.1522792697591","47.1377036038334","47.1377036038334","47.1377036038334","47.1389182426605","47.1389182426605","47.1389182426605","47.1389182426605","47.1389182426605","47.1401328814877","47.1401328814877","47.1413475203148","47.1413475203148","47.1413475203148","47.1413475203148","47.142562159142","47.142562159142","47.142562159142","","",
"New Caledonia","NCL","Agricultural land (% of land area)","AG.LND.AGRI.ZS","","14.2778993435449","14.2778993435449","14.2778993435449","14.3326039387309","14.3326039387309","14.3326039387309","14.3326039387309","14.3873085339168","14.3873085339168","14.3873085339168","14.3873085339168","14.4420131291028","14.4420131291028","14.4420131291028","14.4420131291028","14.4967177242888","14.4967177242888","14.4967177242888","14.4967177242888","14.4967177242888","14.4967177242888","14.8796498905908","15.3172866520788","15.8643326039387","15.2078774617068","14.6061269146608","14.0043763676149","13.4573304157549","12.910284463895","12.691466083151","12.527352297593","12.582056892779","12.582056892779","12.636761487965","12.746170678337","12.855579868709","13.019693654267","13.1291028446389","13.2932166301969","13.4026258205689","13.5667396061269","13.6761487964989","13.3260393873085","12.9431072210066","12.5875273522976","12.2866520787746","11.9310722100656","11.5207877461707","11.2472647702407","10.8643326039387","10.410284463895","10.0675054704595","10.050875273523","10.050875273523","10.0672866520788","10.0672866520788","10.0672866520788","10.0672866520788","10.0672866520788","10.0672866520788","10.0672866520788","10.0672866520788","10.0672866520788","","",
"Niger","NER","Agricultural land (% of land area)","AG.LND.AGRI.ZS","","24.8677666377201","24.8677666377201","24.8677666377201","24.8677666377201","24.8677666377201","24.8677666377201","24.8677666377201","25.4022262572038","25.4014368042946","24.6309307649799","24.6546143522539","24.6127733480698","24.3262019420542","23.5099076340096","23.5099076340096","23.5099076340096","23.5099076340096","23.5099076340096","23.6504302518355","24.2519933685956","23.9046340885766","23.9677903213073","24.4809347122444","24.2993605431436","24.2993605431436","24.6940869977106","24.4825136180627","24.7098760558933","24.7927686113523","26.0890502881503","26.9242914660141","27.630851819689","27.630851819689","27.630851819689","28.4203047288229","28.4203047288229","28.4203047288229","28.4203047288229","29.2097576379569","29.2097576379569","29.9992105470909","29.9992105470909","30.3244651456541","30.3718323202021","33.918844240941","33.9377911107602","34.5638272677035","34.5638272677035","34.5638272677035","34.7217178495303","35.1164443040973","35.3532801768375","36.063787795058","36.063787795058","36.0740506828768","36.6266677192705","36.7845583010973","36.7845583010973","36.7845583010973","36.786689823952","36.7873213862793","36.7877950580248","36.7873213862793","","",
"Nigeria","NGA","Agricultural land (% of land area)","AG.LND.AGRI.ZS","","59.483733544144","59.6451354348518","59.8076352976053","59.9690371883132","60.130439079021","60.1831417372114","59.9053548096665","60.06785467242","60.3390537676911","60.5553542606805","60.717854123434","60.8792560141419","61.0406579048497","61.2031577676032","61.3645596583111","61.525961549019","61.3942049035432","61.5127858844714","61.850961274526","62.080437432063","62.1990184129912","62.3186973659651","62.4372783468933","62.7743557649022","63.1136291270024","63.3420073124938","63.4331389922813","63.6428516529969","63.7932738232485","64.4663306872207","65.2579685321212","66.5327140770996","66.9290819855727","67.9842331214247","70.3569507120349","70.5337242113816","70.7093997386826","71.59985506769","71.7634529024891","71.9259527652426","71.995169362188","72.1430518133008","72.2903834118383","72.4230531308673","72.6784739286538","72.4977041404526","72.8559424443054","72.9272921813411","73.3103218156066","73.4421967126717","73.4914686474082","73.755240730371","73.5484116736388","73.6946120315777","73.9246242190674","74.1530467626294","74.3371732709685","74.7367722915775","74.9047952831121","75.4191119602095","75.6659597922637","75.9658687703811","76.1972932793131","","",
"Nicaragua","NIC","Agricultural land (% of land area)","AG.LND.AGRI.ZS","","28.5025760345687","28.5025760345687","28.8183480139604","28.9845437925877","29.2338374605285","29.7490443742729","29.7490443742729","29.7490443742729","29.7905933189297","29.7905933189297","29.9567890975569","29.9983380422137","30.0814359315273","30.164533820841","30.164533820841","30.164533820841","30.9955127139771","31.0370616586339","31.0786106032907","31.1201595479475","31.8015622403191","31.8181818181818","31.8264916071132","32.2669104204753","32.0342363303972","32.0508559082599","32.3167691540635","32.7405683895629","33.180987202925","33.4469004487286","33.7377430613262","34.2363303972079","34.8180156224032","35.067309290344","37.8344690044873","38.6737576865548","39.9534651819844","40.8259930197773","41.6985208575702","42.7206248961276","43.0031577197939","43.2025926541466","43.3521688549111","43.418647166362","43.626391889646","43.2773807545288","43.0031577197939","42.6458367957454","42.2885158716969","41.9644341033738","42.1381086920392","42.1555592487951","42.1555592487951","42.1555592487951","42.1555592487951","42.1555592487951","42.222037560246","42.2469669270401","42.2469669270401","42.3051354495596","42.3051354495596","42.3051354495596","42.3051354495596","","",
"Netherlands","NLD","Agricultural land (% of land area)","AG.LND.AGRI.ZS","","68.0361374407583","67.7517772511848","67.4437203791469","66.8779620853081","66.5669431279621","66.5906398104265","66.4010663507109","66.1937203791469","65.7049763033175","65.2043838862559","63.281990521327","62.8465639810427","62.4407582938389","62.1771327014218","61.821682464455","61.6084123222749","61.1907582938389","60.7316350710901","60.3317535545024","60.3436018957346","60.1451421800948","60.053317535545","59.5023696682464","59.6830568720379","59.8281990521327","59.7748815165877","59.6652843601896","59.6978672985782","59.4164691943128","59.7748815165877","58.3382701421801","58.1694312796209","58.2612559241706","57.7725118483412","58.1960900473934","57.7784360189573","58.1546208530806","56.7476303317535","58.4300947867299","58.0450236966825","56.9520142180095","57.4674170616114","56.6854265402844","57.7428909952607","57.396327014218","56.8601895734597","56.7061611374408","57.1475118483412","56.8455380966499","55.5084494515268","55.1126927639383","54.6174377224199","54.8411991688928","54.5888987830217","54.8262548262548","53.9055539055539","54.024354024354","54.1431541431541","53.959013959014","53.8892188892189","53.8164538164538","53.5788535788536","53.5491535491536","","",
"Norway","NOR","Agricultural land (% of land area)","AG.LND.AGRI.ZS","","2.83098421876882","2.82277053148033","2.81455684419183","2.78991578232634","2.76801261622368","2.75158524164668","2.73789576283252","2.72146838825552","2.69956522215286","2.61195255774222","2.54898095519707","2.49148514417759","2.4750577696006","2.4668440823121","2.4586303950236","2.45315460349794","2.46136829078643","2.46410618654927","2.61195255774222","2.56267043401124","2.56267043401124","2.57909780858823","2.58731149587673","2.61195255774222","2.62016624503072","2.65302099418471","2.65575888994754","2.67218626452454","2.71325470096702","2.67218626452454","2.76527472046084","2.74610945012102","2.77348840774934","2.82003263571749","3.08560852471225","3.09929800352641","2.84193580182015","2.86657686368565","2.84193580182015","2.85288738487148","2.86657686368565","2.86383896792281","2.84741159334582","2.84741159334582","2.83646001029449","2.83372211453166","2.82550842724316","2.80579557775076","2.77693815641051","2.75404934783323","2.73515786706969","2.71818291334012","2.70359004539183","2.7026523658753","2.70004137564292","2.69388608214041","2.69802778789613","2.70133768638321","2.69589201685045","2.70656765993659","2.70403821341313","2.70403821341313","2.69580256403217","","",
"Nepal","NPL","Agricultural land (% of land area)","AG.LND.AGRI.ZS","","24.8461538461538","24.8461538461538","24.9160839160839","24.8461538461538","24.8461538461538","24.8461538461538","24.9440559440559","24.9440559440559","24.9440559440559","25.8881118881119","25.8881118881119","26.7272727272727","27.6433566433566","27.9300699300699","28.034965034965","28.1468531468531","28.2517482517483","28.3566433566434","28.4615384615385","28.5664335664336","28.6923076923077","28.7174825174825","28.7426573426573","28.7678321678322","28.786013986014","28.8951048951049","28.9132867132867","28.9384615384615","28.9566433566434","28.9818181818182","29","29.0783216783217","29.1566433566434","29.234965034965","29.3132867132867","29.3916083916084","29.4699300699301","29.5482517482517","29.6265734265734","29.6414370422044","29.7104987792117","29.5849319846529","29.4872689222183","29.424485524939","29.3128705964423","29.1942797349145","29.0617370073247","28.9640739448901","28.8803627485176","28.782699686083","28.7868852459016","28.5151398674573","28.2957244506453","28.1675388908266","27.9640516219044","27.7312179979072","27.5400788280433","26.9733247296826","26.7748852459016","26.5011008022323","26.3199051273108","26.1213812347401","26.1185908615277","","",
"Naoero","NRU","Agricultural land (% of land area)","AG.LND.AGRI.ZS","","15","15","15","15","20","20","20","20","20","20","20","20","20","20","20","20","20","20","20","20","20","20","20","20","20","20","20","20","20","20","20","20","20","20","20","20","20","20","20","20","20","20","20","20","20","20","20","20","20","20","20","20","20","20","20","20","20","20","20","20","20","20","20","","",
"New Zealand","NZL","Agricultural land (% of land area)","AG.LND.AGRI.ZS","","49.990505487828","50.3133189016748","50.4652310964263","50.5715696327523","50.32851012115","50.256351828643","50.309521096806","50.3133189016748","49.7170635372755","49.7056701226691","49.6980745129315","51.2164368994721","51.2006760092666","51.1849151190612","52.9546921879154","54.5117921841176","54.2182218677604","55.0601952071703","54.8516957198739","55.4137708404542","57.679161444685","55.523907181649","55.4156697428886","54.9656298659375","54.6618054764346","54.6466142569595","54.2098666970491","53.8908510880711","53.5509475523148","52.8540503588926","52.2524146443356","51.6549082830124","51.0559207777904","50.4568451634955","49.857828415176","49.2587881204664","48.6599889863659","48.0612194751434","47.4624773081159","46.863819832137","46.265167673085","45.6663419543504","45.0343701340625","45.1558998898637","44.4798906232198","43.2000303824389","43.625384527743","43.1962325775702","43.6367779423493","43.3253579431089","43.1848391629638","42.571113896168","42.1784208727356","42.2163989214234","40.6820857544339","40.3099008772929","40.4238350233565","39.8693555125138","39.2882913675895","38.5629106376514","38.6426645398959","37.0172040560556","36.8804830807793","","",
"OECD members","OED","Agricultural land (% of land area)","AG.LND.AGRI.ZS","","39.5273098526869","39.5259865139725","39.5652138438227","39.5788342764793","39.6350213552193","39.6471171245818","39.6997047108943","40.3766231665723","40.3070336635718","39.849987172782","39.9385560510586","39.896332645533","39.7766875187563","39.7696855158234","39.7478208745811","39.7888498774923","39.5189798985905","39.5956380727998","39.5066993699695","39.5524413681343","39.5447885315638","39.4342549197934","39.260843868335","39.3552528127116","39.3630510164731","38.8420980893811","38.8269750542747","38.8444613968726","38.7375912957408","38.6470408512389","38.564359706219","38.5841269906378","38.3627978049188","38.546233004398","38.2672230877263","38.2121293299758","38.0606362382028","38.1197641901075","37.8013568067284","37.8085989067466","37.6991999312829","37.3674633543965","37.0858825296889","35.853421147736","36.2707285263031","36.1511298028089","35.7572743402767","35.4659382471701","35.2931393576116","35.0097345130204","35.5139865691672","35.2900844938499","34.8866312902422","34.9167274365621","34.1656908906125","33.9819429168151","34.7375527526107","34.3037433042492","34.3704397937387","34.1798845146262","34.4929169372593","34.3989776658311","34.2752596107927","","",
"Oman","OMN","Agricultural land (% of land area)","AG.LND.AGRI.ZS","","3.34410339256866","3.34410339256866","3.34410339256866","3.34733441033926","3.34733441033926","3.34733441033926","3.35379644588045","3.36025848142165","3.36025848142165","3.36672051696284","3.36672051696284","3.37318255250404","3.37641357027464","3.37964458804523","3.38287560581583","3.38610662358643","3.38933764135703","3.39579967689822","3.39579967689822","3.39579967689822","3.39579967689822","3.39579967689822","3.40872374798061","3.421647819063","3.4281098546042","3.44749596122779","3.45718901453958","3.46688206785137","3.47980613893376","3.48949919224556","3.48949919224556","3.49919224555735","3.46365105008078","3.46365105008078","3.46042003231018","3.46042003231018","3.45718901453958","3.46042003231018","3.46042003231018","3.78998384491115","3.79192245557351","4.11437802907916","4.43618739903069","4.75605815831987","4.73344103392569","4.72697899838449","4.73344103392569","4.70823909531502","4.69919224555735","4.66300484652666","4.64232633279483","4.60032310177706","4.58642972536349","4.58739903069467","4.63327948303716","4.63974151857835","4.68794830371567","4.71369951534733","4.71369951534733","4.71382875605816","4.73738287560582","4.73738287560582","4.75518578352181","","",
"Other small states","OSS","Agricultural land (% of land area)","AG.LND.AGRI.ZS","","27.4658881430978","27.5099887984335","27.5011686673664","27.5232189950343","27.5584995193029","27.5849599125043","27.6422907644408","27.6863914197765","27.6643410921086","27.236564735352","27.1704137523484","27.2233345387512","27.2065762897237","26.5794649708495","25.3371495100417","25.5779390881749","25.6493821498187","25.6590842939926","25.4174127027528","25.1924993605405","25.1942633867539","25.2476251797102","25.3270063593145","25.3314164248481","25.3305344117414","25.5439815835663","25.5669139243409","25.4698924826023","25.3408746923979","25.2750425571324","25.6630066062782","26.8447373896501","26.7707992747377","26.6240667223449","26.5850870067615","26.7717654192456","26.922361290667","26.9981462201731","27.0162401180683","27.1785284168697","27.1534316473509","26.5005472483134","27.0481769194687","26.9999002064958","27.4735355303257","27.9453844693928","27.8840679153832","27.6037636684818","27.7472006073259","27.7372487116224","27.736781588217","27.764048840138","26.5983838420565","26.6787136182668","26.8073517915902","26.8412939628157","26.8502453142428","26.8413741552026","26.8114797867","26.8154795248038","26.8053248605039","26.8159109924408","26.0397193847855","","",
"Pakistan","PAK","Agricultural land (% of land area)","AG.LND.AGRI.ZS","","46.3496264009963","46.4923204649232","46.5442092154421","47.1603881278539","48.3019406392694","48.5354400166044","48.6067870485679","48.2176214196762","46.3107098381071","46.5247509339975","46.0318078040681","46.0577521793275","47.2187629721876","46.362598588626","46.7452781237028","46.3262764632628","46.5870174346202","47.2408156911582","47.1370381901204","48.5367372353674","47.3536737235367","49.954597343296","47.2304379410544","48.645703611457","48.1501660440017","46.1433686176837","47.5703092569531","45.8527916147779","46.5182648401827","45.6698837691988","45.7529057700291","45.895599833956","46.3755707762557","46.4274595267746","46.733603154836","46.92299709423","47.5677148194271","47.6857617268576","47.6805728518057","47.6053341635533","47.9607721046077","47.8466168534662","47.7921336654213","46.7582503113325","46.6544728102947","46.875","46.7167393109174","45.8086861768369","45.7619863013699","45.7165836446658","46.6168534661685","46.781600249066","47.063096720631","47.0267745952677","46.9619136571191","47.7298671647987","48.0009858862599","47.9361249481112","47.0553134080531","47.572903694479","46.7180365296804","46.6311228725612","46.6933893731839","","",
"Panama","PAN","Agricultural land (% of land area)","AG.LND.AGRI.ZS","","21.8455743879473","21.9800914716169","22.1146085552865","22.1684153887544","22.302932472424","22.4374495560936","22.4509012644606","22.5854183481302","22.6930320150659","22.652676889965","23.0427764326069","23.4463276836158","23.7153618509551","24.0112994350282","24.2937853107345","24.5762711864407","24.8722087705139","24.8856604788808","24.9125638956147","24.9529190207156","25.3161151466236","25.7465698143664","26.1097659402744","26.4460586494485","26.8361581920904","27.1724509012645","27.5087436104385","27.8450363196126","28.2485875706215","28.5714285714286","28.7059456550982","28.9211729889696","28.9211729889696","28.7193973634652","28.6790422383643","28.6790422383643","28.7866559053","28.9077212806026","29.0153349475383","29.9973096583266","30.137207425343","30.1022329835889","30.0672585418348","30.0322841000807","29.9973096583266","29.9219800914716","30.0215227333871","29.986548291633","30.0188323917137","30.4868173258004","30.4412160344364","30.3066989507667","30.1721818670971","30.1268213707501","29.9919050188883","29.8569886670264","29.7220723151646","29.563224588838","29.4284173631707","29.3084389323268","29.4057158263683","29.4057158263683","29.522326772715","","",
"Peru","PER","Agricultural land (% of land area)","AG.LND.AGRI.ZS","","13.34765625","13.459375","13.85","13.86484375","13.92890625","13.8703125","13.87734375","13.91328125","13.94375","14.0171875","14.02421875","14.50390625","14.682036015625","14.860165703125","15.03829546875","15.21642515625","15.394554921875","15.5726846875","15.750814375","15.928944140625","16.10707390625","16.28520359375","16.463333359375","16.641463046875","16.8195928125","16.9977225","17.175852265625","17.35398203125","17.53211171875","17.710241484375","17.64787640625","17.585511328125","17.523146328125","17.46078125","17.53474953125","17.608717734375","17.6826859375","17.75665421875","17.830622421875","17.904590703125","17.97855890625","18.0525271875","18.126495390625","18.200463671875","18.274431875","18.34840015625","18.422368359375","18.496336640625","18.57030484375","18.644273125","18.718241328125","18.792209609375","18.76575328125","18.75578140625","18.995159375","18.75","18.945396875","18.82389765625","18.6431953125","19.125773046875","19.60835078125","19.05121875","19.05121875","","",
"Philippines","PHL","Agricultural land (% of land area)","AG.LND.AGRI.ZS","","25.859987929994","26.1248575068732","26.3930798632066","27.3318581103735","27.2648025212902","27.2580969623818","27.8448333668611","27.7643666599611","27.6704888352444","27.861597264132","27.7576611010528","28.2639307986321","28.8233913422526","29.7193064824441","30.8280511117819","32.4445785961029","33.8397558439816","34.007445417044","34.8593084482007","35.6340342757487","35.7849548915048","36.0197202937921","36.153871952242","36.2880236106919","36.5898648422041","36.8246302444914","36.9587819029413","37.0929335613911","37.227085219841","37.3612368782909","37.4182513331321","37.2773920917597","37.1097025186974","36.942012945635","36.942012945635","37.2438541771473","38.0152262132341","37.8475366401717","37.6798470671094","37.6764932756481","37.5088037025858","37.3444679209847","37.6966160244156","38.4679880605024","38.082302042459","38.8369051212396","39.5412013281014","40.2790354495757","40.580876681088","40.580876681088","41.1174833148875","41.6876278632995","41.8184257302881","41.9156856826642","42.0129456350404","42.1102055874166","42.224234497099","42.3013717007077","42.3785089043163","42.455646107925","42.5361371029949","42.3925948284536","42.6689472448603","","",
"Palau","PLW","Agricultural land (% of land area)","AG.LND.AGRI.ZS","","","","","","","","","","","","","","","","","","","","","","","","","","","","","","","","9.34782608695652","9.34782608695652","9.34782608695652","9.34782608695652","9.34782608695652","9.34782608695652","9.34782608695652","9.34782608695652","9.34782608695652","9.34782608695652","9.34782608695652","9.34782608695652","9.34782608695652","9.34782608695652","9.34782608695652","9.34782608695652","9.34782608695652","9.34782608695652","9.34782608695652","9.34782608695652","9.34782608695652","9.34782608695652","9.34782608695652","9.34782608695652","9.34782608695652","9.34782608695652","9.34782608695652","9.34782608695652","9.34782608695652","9.34782608695652","9.34782608695652","9.34782608695652","9.34782608695652","","",
"Papua New Guinea","PNG","Agricultural land (% of land area)","AG.LND.AGRI.ZS","","1.11955129620633","1.14163317581593","1.15046592765976","1.21450337852758","1.21450337852758","1.2078788146447","1.25425076182485","1.29620633308307","1.34037009230226","1.37790928763856","1.43090579870159","1.45298767831118","1.4949432495694","1.5545643245153","1.60314445965641","1.64510003091463","1.6738064744071","1.72901117343108","1.75109305304067","1.75992580488451","1.77317493265027","1.75550942896259","1.74888486507972","1.7820076844941","1.82837963167425","1.89020889458111","1.90345802234686","1.95866272137084","2.00061829262907","2.04919842777017","2.06023936757497","2.0801130592236","2.14415051009142","2.15960782581813","2.19493883319348","2.24351896833458","2.2589762840613","2.34951199046063","2.38705118579693","2.40250850152365","2.41354944132845","2.43563132093804","2.44667226074283","2.47979508015722","2.50187695976682","2.54162434306408","2.6763238086826","2.74919401139425","2.79777414653535","2.79777414653535","2.83972971779358","2.83972971779358","2.83972971779358","2.8816852890518","2.91922448438811","2.93247361215387","3.10250408514773","3.10250408514773","3.10250408514773","3.10250408514773","3.10250408514773","3.10250408514773","3.10250408514773","","",
"Poland","POL","Agricultural land (% of land area)","AG.LND.AGRI.ZS","","66.3488850435862","66.1529922622351","65.8983316464788","65.7220281432629","65.1212902804532","65.1245551601424","64.7066505599269","64.5695256129812","63.8512520813608","63.8055437657122","63.6912729765908","63.2439844591727","63.0970648731594","62.8717881746058","62.7640471448627","62.6824251526331","62.5518299650658","62.395115739985","62.1894283195664","62.0555682523099","61.7388749224591","61.6768422083646","61.6376636520944","61.8335564334454","61.7519344412158","61.6376636520944","61.6050148552026","61.4450357504326","61.4025923144732","61.3568839988246","61.2262888112573","61.1936400143655","61.1022233830683","61.0761043455549","60.7985895719743","60.3153873779751","60.259884423259","60.2141761076104","60.188057070097","60.1162297169349","58.0756799111953","55.1732018675112","52.7984587251829","53.2987301276401","51.9243952600137","52.0925829198224","50.49947767041","50.9337251061051","50.9958208175526","47.1757868616952","48.2611109296934","47.4462804519626","47.059207733255","47.1080048336001","46.9349096965936","46.9447075345374","47.2321107808877","47.39850409903","47.4437293783281","48.1266128768824","47.3691604050964","46.3131758633082","47.6050543637967","","",
"Pre-demographic dividend","PRE","Agricultural land (% of land area)","AG.LND.AGRI.ZS","","33.8456865753977","33.8914247991652","33.9944792657826","34.0589813360982","34.1048009016674","34.1327309291772","34.1491489154718","34.2366859156755","34.2824851373153","34.3110405187877","34.4076879138349","34.4443227577121","34.475142143244","34.4704387373002","34.5560683756529","34.5992092360077","34.6188131575721","34.7008056142061","34.7311032668718","34.7950849071008","34.8687789941662","34.9196988283933","34.9956440767234","35.0593693854165","35.2386036875902","35.3310851549247","35.3494601605281","35.4404334860507","35.4701836310621","35.5993974725015","35.7563022424953","35.9514564769742","36.3512747104839","36.5419748860392","36.807181138578","36.9184092434251","37.0601992099255","37.2168331864331","37.4375338268306","37.6074296071701","37.7389694250137","37.847212567986","38.0449447953432","38.0672231090473","38.4615360615531","38.5697003677416","38.7241898668616","38.8505147486545","39.0701219828441","39.314132584964","39.5581358586769","41.8140852862355","42.0344415116538","42.2104806833071","42.3866734678984","42.4913822597114","42.6381127616632","42.8542925533175","42.9438320187454","43.0401191327769","43.1410551497965","43.2402084086727","43.3186451275901","","",
"Puerto Rico (US)","PRI","Agricultural land (% of land area)","AG.LND.AGRI.ZS","","69.4475760992108","67.7564825253664","68.2074408117249","65.9526493799324","68.6583990980834","65.5016910935738","64.0360766629087","63.8105975197294","63.3596392333709","62.2322435174746","59.7519729425028","58.0608793686584","55.467869222097","55.6933483652762","55.5806087936866","55.5806087936866","55.3551296505073","55.8060879368658","54.7914317925592","53.5512965050733","52.6493799323563","52.6493799323563","52.5366403607666","52.3111612175874","51.9729425028185","52.1984216459977","52.0856820744081","52.0856820744081","50.7328072153326","49.0417136414882","47.3506200676437","46.2232243517475","35.0620067643743","34.836527621195","34.836527621195","34.836527621195","32.8072153325817","30.7215332581736","29.3010146561443","27.869222096956","26.4599774520857","25.0281848928974","24.3066516347238","23.5625704622322","22.8184892897407","22.0744081172492","21.3077790304397","21.4994363021421","21.6798196166855","21.8602029312289","22.0405862457723","22.1871476888388","21.6685456595265","21.1499436302142","20.6313416009019","20.1127395715896","19.5941375422773","19.0417136414882","19.0417136414882","19.0417136414882","19.0417136414882","19.0417136414882","19.0417136414882","","",
"Korea, Dem. People's Rep.","PRK","Agricultural land (% of land area)","AG.LND.AGRI.ZS","","18.479362179221","18.485175649863","18.487667137281","18.487667137281","18.4959720953409","18.5067685408189","18.5109210198489","18.5150734988788","18.5159039946848","18.5366663898347","18.6653932397641","18.6487833236442","19.1097084959721","19.1454198156299","19.2824516236193","19.3239764139191","19.3638402126069","19.3887550867868","19.4086869861307","20.2408437837389","20.3396727846524","20.4169088946101","20.5140769039116","20.6212108628851","20.7374802757246","20.7399717631426","20.7466157295906","20.7474462253966","20.7507682086205","20.7994767876422","20.9758574869197","20.9946599119674","20.9168258450295","21.8537164687318","21.7657088281704","20.9635578440329","20.967311685076","20.9708495972095","20.9834980483349","21.0047338260942","21.0312266423055","21.0412175068516","21.0474628353127","21.0852753093597","21.5139606344988","21.5474545303546","21.5648368075741","22.060393655012","22.1428535835894","22.2015447221992","21.8594801096254","21.8528361431775","21.8528361431775","21.8349223486421","21.8469645378291","21.6178058300806","21.5679760817208","21.5762810397807","21.5513661656009","21.5638236026908","21.5596711236608","21.5530271572129","21.5538576530189","","",
"Portugal","PRT","Agricultural land (% of land area)","AG.LND.AGRI.ZS","","42.3497267759563","42.4153005464481","42.4808743169399","42.5464480874317","42.6120218579235","42.6775956284153","42.7431693989071","42.7650273224044","42.8743169398907","42.9398907103825","43.0054644808743","43.0710382513661","43.1256830601093","43.1803278688525","43.2349726775956","43.2896174863388","43.344262295082","43.3989071038251","43.4535519125683","43.4863387978142","43.5191256830601","43.551912568306","43.5846994535519","43.6174863387978","43.6502732240437","43.6830601092896","43.7267759562842","43.7704918032787","43.7704918032787","43.3114754098361","42.8415300546448","42.3825136612022","43.2677595628415","43.1912568306011","42.8852459016393","40.7650273224044","39.1475409836066","40.6830601092896","42.2185792349727","43.2391256830601","42.1182513661202","42.3794535519126","41.6795628415301","42.2908196721311","41.8048540505084","41.0807915163442","40.0231769979228","40.7331365475019","40.3491647559777","39.8970411616989","39.8445245114095","40.0088437602358","40.4027282294018","39.996244771062","39.7222440549486","39.5066458819112","40.1000899508327","40.791900276839","43.1253165745326","43.1660902826901","43.2538567511157","42.7894964936641","43.33752194189","","",
"Paraguay","PRY","Agricultural land (% of land area)","AG.LND.AGRI.ZS","","26.2043795620438","26.4384596023156","26.6901585703499","26.9770953939089","27.2413793103448","27.5106972061415","27.7170903599295","27.9134155549962","28.1198087087843","28.3262018625724","28.5325950163604","28.7389881701485","28.9428643342562","29.441228290964","29.9496602063932","30.4580921218223","30.941354140448","31.4497860558772","31.9330480745029","32.441479989932","32.9650138434432","33.256984646363","33.5640573873647","33.8711301283665","34.1630606594513","34.5047722124339","34.7941933048075","35.0867757362195","35.3965844450038","35.8757543418072","36.313220236597","37.1057679335515","37.4822776239617","38.2343043040524","38.9669098917694","39.3389340548704","39.7121764409766","40.7082101686383","41.3510095645608","41.8709622451548","42.4943204127863","43.1283156305059","43.6955454316637","44.2363521268563","44.7846566826076","45.3439884218475","45.8482028693682","46.683370249182","46.8934983639567","47.4473657186006","47.9879557009816","48.5392985149761","49.0869360684621","49.6341485023911","50.1495819280141","50.6678494840171","51.1846647369746","51.7095343569091","52.2353553989429","52.7540030203876","53.2711832368487","54.1069405157129","54.1069421552674","","",
"West Bank and Gaza","PSE","Agricultural land (% of land area)","AG.LND.AGRI.ZS","","79.5681063122924","79.5681063122924","79.5681063122924","79.5681063122924","79.5681063122924","79.734219269103","80.0664451827243","80.0664451827243","80.0664451827243","80.3986710963455","80.3986710963455","80.3986710963455","80.5647840531561","80.7308970099668","80.7308970099668","81.2292358803987","81.5614617940199","81.8936877076412","81.8936877076412","82.0598006644518","82.7242524916943","83.0564784053156","83.3887043189369","83.5548172757475","83.3887043189369","83.3887043189369","83.3887043189369","83.3887043189369","83.5548172757475","83.2225913621262","82.890365448505","82.5581395348837","82.5581395348837","77.5464451827242","78.8924750830565","78.0698504983389","77.8294352159468","78.0892857142857","74.3521262458472","77.7762624584718","77.2273920265781","77.8709468438538","77.3250664451827","77.3916611295681","77.6106146179402","77.4817774086379","77.6293853820598","77.9329568106312","71.3870431893688","62.2757475083056","64.3249833887043","66.5519435215947","68.8420431893688","69.8431063122924","71.4953156146179","72.1624916943522","71.3877906976744","71.2277242524917","70.6523754152824","67.7514285714286","64.9294605809129","64.9294605809129","64.9294605809129","","",
"Pacific island small states","PSS","Agricultural land (% of land area)","AG.LND.AGRI.ZS","","8.13394845688832","8.16576519249125","8.26121539930003","8.26121539930003","8.40598154629335","8.42188991409481","8.31053133948457","8.29462297168311","8.35825644288896","8.46166083359847","8.4696150174992","8.62869869551384","8.70824053452116","8.80369074132994","8.9945911549475","9.28094177537385","9.50365892459434","9.67865097041044","9.8456888323258","9.94909322303532","10.2036271078587","10.4263442570792","10.6267896913777","10.8399618199173","11.1104040725422","11.2917594654788","11.5192491250398","11.8580973592109","11.7658288259625","12.0489977728285","12.3473520249221","12.303738317757","12.2133956386293","12.1386292834891","12.1573208722741","12.0981308411215","11.9922118380062","11.9330218068536","11.886292834891","11.7679127725857","11.7196261682243","11.6604361370716","11.6323987538941","11.5264797507788","11.6666666666667","11.5996884735202","11.5794392523364","11.4517133956386","11.3816199376947","11.3317757009346","11.4781931464174","11.5669781931464","11.6635514018692","11.803738317757","11.9442367601246","11.835046728972","11.7443491816056","11.6472330475448","11.5434138737334","11.5371784879189","11.6042088854248","11.5792673421668","11.5998441153546","","",
"Post-demographic dividend","PST","Agricultural land (% of land area)","AG.LND.AGRI.ZS","","39.0528799123014","39.0214131659436","39.0320820369836","39.0545571443903","39.0792443265521","39.077735000352","39.1489419181924","39.9226308422097","39.8131338901797","39.3032805616783","39.3505671171415","39.2908265652655","39.1397511766622","39.1243527961773","39.1032332420116","39.1432787325362","38.8206942225075","38.8910291820454","38.7654034822983","38.8238160806843","38.8165600099432","38.7393767145046","38.4687770394566","38.5430909602394","38.5341133578901","37.9229992644855","37.8591897015628","37.8791898868623","37.7108434380374","37.5982683656861","37.4711425300189","38.2360027271938","37.9675279482866","38.1765094619385","37.9270153118893","37.8460084883481","37.6807269308614","37.6898861022332","37.3168673465231","37.3115251914942","37.2882778344395","36.9272713247127","36.6350714851159","35.1963695756497","35.6726216531111","35.5682594769083","35.153241164156","34.9324108918724","34.7722160132759","34.5273567718823","35.1612997203136","34.9190965654767","34.4501904189462","34.5059243789137","33.6705918189662","33.4914739411238","34.4488095203578","33.9619823499175","34.0581456555585","33.7237486447884","34.1230984494717","34.0586753851273","33.964810040377","","",
"French Polynesia","PYF","Agricultural land (% of land area)","AG.LND.AGRI.ZS","","12.0218579234973","12.0218579234973","12.0218579234973","12.0218579234973","11.947650273224","11.8734153005464","11.7992076502732","11.7249726775956","11.6507650273224","11.5765300546448","11.5023224043716","11.428087431694","11.3538797814208","11.2796448087432","11.2054371584699","11.1312295081967","11.0569945355191","10.9827868852459","10.9085519125683","10.8343442622951","10.7601092896175","10.6859016393443","10.6116666666667","10.5374590163934","10.4632240437158","10.3890163934426","10.0415573770492","9.96734972677596","9.89314207650273","9.81890710382514","9.74469945355191","9.67046448087432","9.59625683060109","9.5220218579235","9.44781420765027","9.37357923497268","9.29937158469945","9.22513661202186","9.15092896174863","9.57095937770095","9.4926822241429","9.99063670411985","9.9123595505618","9.83411120714491","9.75583405358686","9.67758571016998","9.59930855661193","9.52106021319504","9.29873235378853","9.22048401037165","9.43030826851052","9.35205992509363","9.21074618265629","9.06940363007779","8.92808988764045","8.78674733506194","8.93353500432152","9.08029386343993","8.93898012100259","9.085738980121","8.94442523768367","8.80308268510516","8.66176894266782","","",
"Qatar","QAT","Agricultural land (% of land area)","AG.LND.AGRI.ZS","","4.39276485788114","4.39276485788114","4.39276485788114","4.39276485788114","4.39276485788114","4.39276485788114","4.39276485788114","4.39276485788114","4.39276485788114","4.39276485788114","4.39276485788114","4.39276485788114","4.39276485788114","4.47889750215332","4.47889750215332","4.47889750215332","4.47889750215332","4.47889750215332","4.56503014642549","4.73729543496985","4.82342807924203","4.90956072351421","4.99569336778639","5.08182601205857","5.08182601205857","5.16795865633075","5.25409130060293","5.25409130060293","5.16795865633075","5.25409130060293","5.25409130060293","5.51248923341947","5.59862187769165","5.59862187769165","5.59862187769165","5.68475452196382","5.68475452196382","5.68475452196382","5.68475452196382","5.68475452196382","5.71059431524548","5.65891472868217","5.70198105081826","5.61584840654608","5.56416881998277","5.6244616709733","5.68475452196382","5.74504737295435","5.80534022394488","5.8656330749354","5.92592592592593","5.98621877691645","6.04651162790698","6.1792863359443","6.1792863359443","6.1792863359443","6.26631853785901","6.44038294168842","6.44038294168842","6.44038294168842","6.44038294168842","6.44038294168842","6.44038294168842","","",
"Romania","ROU","Agricultural land (% of land area)","AG.LND.AGRI.ZS","","63.3889033602501","63.7666058869497","63.922896587653","64.0010419380047","64.2137709472953","64.4047929148216","64.4178171398802","64.9995658591647","64.9822002257532","64.8172267083442","64.8389337501085","64.8736650169315","64.7043500911696","64.8128852999913","64.8866892419901","64.9257619171659","64.9474689589303","64.9691760006946","64.9778588174004","64.9648345923418","64.8953720586958","64.9604931839889","65.0386385343405","65.0863940262221","65.2079534601025","65.2860988104541","65.5248762698619","65.5943388035079","64.3470678003052","64.3950294310007","64.4905430140329","64.4556785496383","64.4687527237863","64.4764933989804","64.4777550220053","64.4039735099338","64.4708752668496","64.2318916329108","64.3771777003484","64.6772016890862","64.420356101171","64.4625222952103","64.3618177864753","61.4347826086956","61.6575354378642","61.0444386468388","59.2892252816564","59.3040452370596","59.2062940102582","61.5344490328189","60.7464048312117","59.7035040431267","60.4486371342868","60.1095271210014","60.2312239221141","58.7665159944367","58.1449930458971","58.3014603616134","60.0921418636996","56.7150556328234","56.8454450625869","55.1025730180807","55.2633866481224","","",
"Russian Federation","RUS","Agricultural land (% of land area)","AG.LND.AGRI.ZS","","","","","","","","","","","","","","","","","","","","","","","","","","","","","","","","","13.5223719413421","13.3524103848487","13.2901907232197","13.2125399459531","13.1952331059546","13.3093386817595","13.2643318906314","13.2281702241387","13.2566688683588","13.2390216624218","13.2257977869402","13.2029341345878","13.1846021330511","13.1661598924145","13.1573709193088","13.1558444571717","13.1584362579663","13.1584362579663","13.1584362579663","13.1584362579663","13.1584362579663","13.1584362579663","13.1584362579663","13.1584362579663","13.1584362579663","13.1584362579663","13.1584362579663","13.1584362579663","13.1584362579663","13.1584362579663","13.1584362579663","13.171076035897","","",
"Rwanda","RWA","Agricultural land (% of land area)","AG.LND.AGRI.ZS","","53.3036076205918","53.7089582488853","54.1143088771788","54.5196595054722","54.9250101337657","55.3303607620592","55.7357113903527","56.0599918929874","56.6274827725983","56.9112282124037","58.694770976895","61.1268747466559","61.0052695581678","64.2075395216863","65.342521280908","66.4369679773004","67.4908796108634","68.0989055533036","68.7880016214025","69.5176327523308","71.3417105796514","71.9497365220916","72.5577624645318","73.2873935954601","73.7332792865829","74.1791649777057","74.6655857316579","75.1114714227807","75.1520064856101","76.1248479935144","76.0032428050263","74.3818402918525","71.1390352655047","62.8293473854884","62.8293473854884","64.8966355897852","66.9233887312525","67.7340899878395","69.5987028779895","74.0170247263883","76.895014187272","76.5301986218079","76.4491284961492","76.3275233076611","76.2464531820024","76.3680583704905","76.1248479935144","76.2059181191731","77.2598297527361","77.9083907580057","78.759627077422","79.4081880826915","80.2594244021078","81.3133360356709","81.3538710985002","81.2728009728415","81.2728009728415","79.0028374543981","77.1787596270774","79.3919740575598","81.2509120389137","80.0367774625051","76.3328334008918","","",
"South Asia","SAS","Agricultural land (% of land area)","AG.LND.AGRI.ZS","","56.6354984799289","57.0863203135312","57.0976430033375","57.2862551782683","57.4757612497627","57.6000128721105","57.7150275633005","57.8935089105099","57.7269461841492","57.8562632203577","57.7877311504777","57.9528040492322","58.2331896046981","58.4074994346104","58.5397961260311","58.5421798502008","58.5389022294674","58.8511700957035","58.8195857504545","58.7328777837801","58.7748909222718","58.8713125649379","58.7832935499702","59.1130221957496","59.0717837676131","59.0397822706343","59.1758333276223","59.1345948994858","59.2608130942736","59.2189787350946","59.2674279288446","58.9579013454037","58.9466382487017","59.020473729312","58.942902271309","58.8277095519188","58.9603394273805","58.9526360262393","59.0201751478725","58.9819138264587","58.8409682581385","58.8448494112589","58.750179130144","58.7840447429191","58.7643603915005","58.6603230682975","58.5465779845315","58.6312595266735","58.7216761150558","58.5712207613453","58.5993583319618","58.579806991798","58.5835547250359","58.586130895859","58.5947758901949","58.5659179868105","58.4547513972765","58.415030860343","58.44347383416","58.2883925653046","58.2822255386151","58.2801728959398","58.3401607138482","","",
"Saudi Arabia","SAU","Agricultural land (% of land area)","AG.LND.AGRI.ZS","","40.0848494434081","40.0941531104485","40.1043871441929","40.1178774614014","40.1276463117938","40.1378803455382","40.1471840125786","40.1639306132512","40.1802120305719","40.2011452814127","40.2230088989575","40.2462680665584","40.2709227842154","40.3034856188567","40.3239536863455","40.3546557875787","40.3797756885877","40.4039652228926","40.4286199405496","40.4532746582065","40.4769990091595","40.5025840935205","40.5965511306281","42.9936409435779","45.4135247407766","47.8115449204304","50.230498350925","52.6261926138187","55.0265387102326","57.4413054905591","57.5301555107946","57.5645790788439","60.8390046937","64.0932917304356","67.3508350971535","70.6069828672971","73.862200317255","77.5802751559527","80.8522392065833","80.8488472291354","80.8435945647977","80.8402025873498","80.8382062064763","80.8390008791965","80.8384000483791","80.8373339876913","80.8353375602994","80.8328759960739","80.831344752034","80.8209750708242","80.8180482767283","80.8132607957426","80.8084732682387","80.7661454907452","80.7626139582917","80.7596872107141","80.7591328517135","80.7582529108848","80.7636691802074","80.7734077936819","80.7732356758416","80.7732356758416","80.7732356758416","","",
"Sudan","SDN","Agricultural land (% of land area)","AG.LND.AGRI.ZS","","","","","","","","","","","","","","","","","","","","","","","","","","","","","","","","","","","","","","","","","","","","","","","","","","","","","59.6712847965739","59.664539614561","59.6600428265525","59.8232762312634","59.9865096359743","60.1497430406852","60.3131691648822","60.3131691648822","60.3131691648822","60.3131691648822","60.3131691648822","60.3131691648822","","",
"Senegal","SEN","Agricultural land (% of land area)","AG.LND.AGRI.ZS","","44.9124811717654","44.9124811717654","45.4318807458578","45.4318807458578","45.9512803199501","45.9512803199501","46.4706798940425","47.3536591699995","46.2421440814419","46.0395782475458","46.4654858983016","46.4654858983016","46.7251856853477","46.9848854723939","46.9848854723939","46.979691476653","45.9356983327274","45.9305043369864","45.9253103412455","45.9201163455046","45.9149223497637","45.9097283540227","45.9045343582818","45.8993403625409","45.8941463668","45.8837583753181","45.8733703838363","45.8629823923544","45.8474004051317","46.0655482262504","45.2345089077027","45.6032826053083","45.8006544434634","46.3044720303329","45.7850724562406","46.2629200644055","44.8137952526879","43.5776242663481","47.3276891912949","46.8861995533164","45.7019685243858","45.4474627330806","44.8345712356516","45.1202410014024","45.5825066223446","44.0970238404404","44.1645457850725","48.1743104970654","48.1898924842882","48.1898924842882","46.5641718173791","46.5641718173791","46.5797538046019","46.6005297875656","48.4495922713343","48.2418324416974","48.4236222926297","48.605412143562","48.7975899859762","48.9793798369085","49.4000934919233","49.4000934919233","49.4000934919233","","",
"Singapore","SGP","Agricultural land (% of land area)","AG.LND.AGRI.ZS","","20.8955223880597","20.8955223880597","19.4029850746269","19.4029850746269","19.4029850746269","19.4029850746269","19.4029850746269","17.910447761194","17.910447761194","17.910447761194","14.9253731343284","16.4179104477612","16.4179104477612","13.4328358208955","11.9402985074627","11.9402985074627","11.9402985074627","11.9402985074627","11.9402985074627","11.9402985074627","10.4477611940298","8.95522388059701","8.95522388059701","8.95522388059701","7.46268656716418","5.97014925373134","4.47761194029851","4.47761194029851","2.98507462686567","2.98507462686567","1.7910447761194","1.7910447761194","1.7910447761194","1.7910447761194","1.7910447761194","1.7910447761194","1.7910447761194","1.7910447761194","1.7910447761194","1.7910447761194","1.7910447761194","1.77777777777778","1.16448326055313","1.1611030478955","1.10304789550073","1.0806916426513","1.15107913669065","1","1","1.05413105413105","1.03693181818182","1.03399433427762","0.947666195190948","0.930888575458392","0.930888575458392","0.930888575458392","0.926966292134832","0.92436974789916","0.921787709497207","0.919220055710306","0.919220055710306","0.919220055710306","0.919220055710306","","",
"Solomon Islands","SLB","Agricultural land (% of land area)","AG.LND.AGRI.ZS","","1.96498749553412","1.96498749553412","1.96498749553412","1.96498749553412","1.96498749553412","1.96498749553412","1.96498749553412","1.96498749553412","1.96498749553412","1.96498749553412","1.96498749553412","1.96498749553412","1.96498749553412","1.96498749553412","1.96498749553412","1.96498749553412","2.00071454090747","2.03644158628081","2.10789567702751","2.10789567702751","2.10789567702751","2.21507681314755","2.21507681314755","2.28653090389425","2.28653090389425","2.35798499464094","2.3222579492676","2.39371204001429","2.42943908538764","2.42943908538764","2.46516613076099","2.53662022150768","2.53662022150768","2.57234726688103","2.60807431225438","2.60807431225438","2.60807431225438","2.64380135762772","2.71525544837442","2.71525544837442","2.75098249374777","2.82243658449446","2.96534476598785","2.96534476598785","3.45837799214005","3.46909610575205","3.61557699178278","3.58342265094677","3.67988567345481","3.35476956055734","3.48338692390139","3.47981421936406","3.51196856020007","3.59056806002144","3.61200428724544","3.62986780993212","3.6691675598428","3.71561271882815","3.70846730975348","3.73704894605216","3.89067524115756","3.8335119685602","3.90139335476956","","",
"Sierra Leone","SLE","Agricultural land (% of land area)","AG.LND.AGRI.ZS","","36.1873095040177","36.2565807702965","36.3535605430867","36.4228318093655","36.4921030756442","36.561374341923","36.6306456082017","36.7691881407592","36.838459407038","36.9077306733167","36.9770019395955","37.0462732058742","37.1155444721529","37.1848157384317","37.2540870047104","37.3233582709892","37.3926295372679","37.5311720698254","37.6697146023829","37.7389858686617","37.8082571349404","38.0160709337767","38.0853422000554","38.2931559988917","38.9858686616791","39.0551399279579","39.1244111942366","39.1382654474924","39.1382654474924","39.1382654474924","39.1382654474924","38.9997229149349","38.9443059019119","38.9304516486561","38.9304516486561","38.9304516486561","38.9165973954004","38.9165973954004","38.8473261291216","38.9304516486561","41.5838182321973","44.7503463563314","49.4135494596841","52.2683568855639","52.8126904959823","55.8309781102799","50.2039346079246","51.430174563591","52.6596009975062","54.4524799113328","55.6612635078969","53.1539207536714","54.7055971183153","54.7104461069548","54.7104461069548","54.7104461069548","54.7104461069548","54.7104461069548","54.7104461069548","54.7104461069548","54.7104461069548","54.7104461069548","54.7104461069548","","",
"El Salvador","SLV","Agricultural land (% of land area)","AG.LND.AGRI.ZS","","60.0479616306954","60.0479616306954","60.0431654676259","59.6546762589928","59.2182254196643","58.6810551558753","58.1966426858513","57.6642685851319","57.3237410071942","56.9832134292566","58.8009592326139","58.6954436450839","58.7865707434053","59.0215827338129","59.2565947242206","58.996138996139","59.1843629343629","60.9169884169884","63.0791505791506","63.3156370656371","61.1389961389961","59.4932432432432","59.054054054054","59.2905405405405","60.0048262548263","60.7239382239382","60.4777992277992","61.1969111969112","60.9507722007722","61.3320463320463","61.9546332046332","62.8137065637066","62.5675675675676","62.4662162162162","62.2683397683398","60.1399613899614","59.8938223938224","61.2837837837838","62.5337837837838","62.0994208494209","61.6650579150579","60.9893822393822","60.5550193050193","61.8098455598456","58.8127413127413","58.730694980695","59.9083011583012","59.7249034749035","59.5415057915058","59.3581081081081","59.1698841698842","58.9864864864865","58.8030888030888","58.6003861003861","59.0250965250965","58.5955598455598","58.1660231660232","57.707528957529","57.707528957529","57.707528957529","57.707528957529","57.707528957529","57.707528957529","","",
"San Marino","SMR","Agricultural land (% of land area)","AG.LND.AGRI.ZS","","16.6666666666667","16.6666666666667","16.6666666666667","16.6666666666667","16.6666666666667","16.6666666666667","16.6666666666667","16.6666666666667","16.6666666666667","16.6666666666667","16.6666666666667","16.6666666666667","16.6666666666667","16.6666666666667","16.6666666666667","16.6666666666667","16.6666666666667","16.6666666666667","16.6666666666667","16.6666666666667","16.6666666666667","16.6666666666667","16.6666666666667","16.6666666666667","16.6666666666667","16.6666666666667","16.6666666666667","16.6666666666667","16.6666666666667","16.6666666666667","16.6666666666667","16.6666666666667","16.6666666666667","16.6666666666667","16.6666666666667","16.6666666666667","16.6666666666667","16.6666666666667","16.6666666666667","16.6666666666667","16.6666666666667","16.6666666666667","16.6666666666667","16.6666666666667","16.6666666666667","16.6666666666667","16.6666666666667","16.6666666666667","16.6666666666667","16.6666666666667","16.6666666666667","16.6666666666667","16.6666666666667","16.6666666666667","38.3333333333333","38.3333333333333","38.3333333333333","38.3333333333333","38.3333333333333","38.3333333333333","38.3333333333333","38.3333333333333","38.3333333333333","","",
"Somalia, Fed. Rep.","SOM","Agricultural land (% of land area)","AG.LND.AGRI.ZS","","69.9859725188893","69.9939426786113","70.0019128383333","70.0098829980553","70.0178531577773","70.0258233174993","70.0337934772213","70.0417636369433","70.0497337966653","70.0577039563873","70.0656741161093","70.0736442758313","70.0816144355533","70.0895845952753","70.0975547549973","70.1055249147193","70.1134950744413","70.1214652341633","70.1294353938853","70.1374055536073","70.1453757133293","70.1533458730513","70.1613160327733","70.1692861924953","70.1772563522173","70.1852265119393","70.1931966716613","70.1995727994389","70.2011668313833","70.2043548952721","70.2043548952721","70.2059489272165","70.2075429591609","70.2171071508273","70.2266713424937","70.2346415022157","70.2426116619377","70.2442056938821","70.2442056938821","70.2442056938821","70.2505818216597","70.2808684286033","70.3111550355469","70.3876685688781","70.3382535786017","70.2585519813817","70.1788503841617","70.3382535786017","70.3382535786017","70.3382535786017","70.1788503841617","70.1788503841617","70.3382535786017","70.3382535786017","70.3382535786017","70.3382535786017","70.3393694009628","70.3392099977684","70.3412822392961","70.341601045685","70.3414416424905","70.3430356744349","70.3433544808238","","",
"Serbia","SRB","Agricultural land (% of land area)","AG.LND.AGRI.ZS","","","","","","","","","","","","","","","","","","","","","","","","","","","","","","","","","","","","","","","","","","","","","","","40.441344614681","40.8518179739309","41.2028355819803","40.2241024468328","40.2652641207409","40.3407271895724","39.5906700205808","39.9176766521839","40.0914703864624","39.8010519094443","39.5152069517494","39.0921564143609","39.6066773382118","39.5609421449806","41.4080152217862","41.443691283149","41.2534189558806","40.3853014627185","","",
"Sub-Saharan Africa (excluding high income)","SSA","Agricultural land (% of land area)","AG.LND.AGRI.ZS","","37.0835406917455","37.064089535777","37.0988165921088","37.0982610462351","37.084596780524","37.0999738440477","37.1036870012315","37.1710084206973","37.2033961577661","37.2194926092802","37.2972295643093","37.3209108497601","37.3409199298675","37.3300392928001","37.3966830770175","37.4319679049546","37.4543425744607","37.5316965038262","37.5589292138091","37.6176917636908","37.6917638099157","37.7515617059463","37.8294523253332","37.8990259748159","38.0664878146802","38.1741277614109","38.2065430661108","38.3087168521084","38.3790658716755","38.5186261561671","38.6646530119691","38.8535139519594","38.8111525337566","39.0329822219186","39.2981721469742","39.4335092515483","39.5872632701457","39.6940538058337","39.9247817197843","40.0838091795506","40.1970042838518","40.2949594864745","40.488451937441","40.3012138062713","40.6566479443174","40.7434513337198","40.9195012779991","41.0477723571293","41.2674060813725","41.4781917423391","41.6818656543765","43.3750334393977","43.5654877770141","43.7070373622515","43.8629287917312","43.9594042543117","44.0816349999544","44.2783007096882","44.3606599480532","44.4570878720714","44.550930704482","44.6238013077313","44.6974256470563","","",
"South Sudan","SSD","Agricultural land (% of land area)","AG.LND.AGRI.ZS","","","","","","","","","","","","","","","","","","","","","","","","","","","","","","","","","","","","","","","","","","","","","","","","","","","","","45.0966285822797","45.0407877454781","44.9849469086766","44.929106071875","44.8732652350735","44.817424398272","44.7057427246689","44.7057427246689","44.7054262339183","44.7085911414239","44.7085911414239","44.8581857167724","","",
"Sub-Saharan Africa","SSF","Agricultural land (% of land area)","AG.LND.AGRI.ZS","","37.0829419968263","37.0634912850983","37.0982175483068","37.0976620151212","37.083998061485","37.0993747738155","37.1030878461954","37.1704077281229","37.2027947254956","37.2188908093866","37.2966259889994","37.3203067335988","37.3403153567234","37.3294349561544","37.3960772062469","37.43136122829","37.4537353867658","37.5310875493927","37.5583196373894","37.6170808451534","37.6911511995969","37.7509973813319","37.8288862217223","37.8984582821654","38.0659162972556","38.1735537855248","38.2059683498697","38.3080901507821","38.3784375636004","38.5179450091113","38.6639685297073","38.852825156175","38.8105003575331","39.0323252417885","39.2975094239356","39.4328435976721","39.5865942865983","39.6933825096483","39.9241054269939","40.0831294428882","40.1963220958552","40.2942751771765","40.4877634379029","40.3005341158499","40.6559606115932","40.742762134003","40.9187615430741","41.047029862374","41.2666541893757","41.4774119670503","41.6810394345239","43.3742610741004","43.5647138362945","43.7062606945821","43.8621491880713","43.9586228574712","44.0808513138064","44.2775133027772","44.3598710206483","44.4562971521009","44.5501381810002","44.6230073816499","44.6966303040954","","",
"Small states","SST","Agricultural land (% of land area)","AG.LND.AGRI.ZS","","12.2662446065866","12.2851374397662","12.295310503786","12.3098434523856","12.3361480893511","12.3521343328107","12.3608541019705","12.3768403454302","12.3797469351501","12.2525836349029","12.2460438080331","12.2794695898123","12.3015596716838","12.1063821719902","11.7107379011551","11.3551172111958","11.3312516988285","11.2870441972289","11.155220842007","11.0174279389965","10.9666753039393","10.9211541502337","10.8734532126316","10.9006278518748","10.9298369560882","11.0260380853877","11.0695756357474","11.0723948229202","11.0311020140171","11.0505926243873","11.2173912803853","12.4924036881278","12.4663608689508","12.2651521464397","12.2473835766097","12.3097204090094","12.3468670420652","12.3595747014399","12.3696231378387","12.4191651322705","12.3982244755252","12.1408698197242","12.3436857131156","12.2689351979558","12.4360952264826","12.879203143259","12.8507118235217","12.7364479218786","12.8040452407409","12.7988509704579","12.8134828647577","12.822129736441","12.4307282257094","12.4789734193767","12.5497278860472","12.5520471886287","12.532217426345","12.5316457618288","12.5141856524878","12.2799371037304","12.2832731165051","12.2766491474454","11.9938198631531","","",
"Sao Tome and Principe","STP","Agricultural land (% of land area)","AG.LND.AGRI.ZS","","36.4583333333333","36.4583333333333","36.4583333333333","36.4583333333333","37.5","37.5","37.5","37.5","37.5","37.5","38.5416666666667","38.5416666666667","38.5416666666667","38.5416666666667","38.5416666666667","38.5416666666667","38.5416666666667","38.5416666666667","38.5416666666667","38.5416666666667","38.5416666666667","34.375","35.4166666666667","30.2083333333333","31.25","31.25","31.25","32.2916666666667","31.25","30.2083333333333","31.25","31.25","31.25","32.2916666666667","29.1666666666667","29.1666666666667","28.125","32.2916666666667","36.4583333333333","37.5","37.5","37.5","37.5","36.4583333333333","35.4166666666667","35.4166666666667","35.4166666666667","35.4166666666667","35.4166666666667","34.375","35.4166666666667","36.4583333333333","36.4583333333333","38.5416666666667","38.5416666666667","41.6666666666667","42.7083333333333","43.75","43.75","43.75","44.7916666666667","44.7916666666667","44.7916666666667","","",
"Suriname","SUR","Agricultural land (% of land area)","AG.LND.AGRI.ZS","","0.255439601898003","0.261669836090638","0.255439601898003","0.286590772861175","0.292821007053809","0.274130304475906","0.267900070283272","0.267900070283272","0.292821007053809","0.299051241246443","0.32397217801698","0.330202412209614","0.348893114787517","0.355123348980151","0.361353583172785","0.36758381736542","0.380044285750688","0.386274519943322","0.398734988328591","0.429886159291762","0.454807096062299","0.467267564447567","0.467267564447567","0.479728032832836","0.504648969603373","0.523339672181275","0.548260608951812","0.548260608951812","0.548260608951812","0.548260608951812","0.554490843144447","0.554490843144447","0.554490843144447","0.554490843144447","0.554490843144447","0.554490843144447","0.548260608951812","0.548260608951812","0.548260608951812","0.548260608951812","0.535800140566544","0.461037330254933","0.501533852507056","0.482843149929153","0.453561049223772","0.453561049223772","0.436116393484396","0.441100580838504","0.500910829087792","0.48782733728326","0.498418735410739","0.456053142900826","0.518355484827168","0.549506655790339","0.542030374759178","0.542030374759178","0.523339672181275","0.523339672181275","0.523339672181275","0.498418735410739","0.48595826702547","0.448576861869665","0.445038088848248","","",
"Slovak Republic","SVK","Agricultural land (% of land area)","AG.LND.AGRI.ZS","","","","","","","","","","","","","","","","","","","","","","","","","","","","","","","","","","50.8523908523908","50.8523908523908","50.8523908523908","50.8108108108108","50.8316008316008","50.7900207900208","50.7900207900208","50.7276507276507","46.8814968814969","46.5072765072765","46.4768239451258","40.2079002079002","40.3534303534304","40.3118503118503","40.1247401247401","40.2702702702703","40.1330838012061","40.4379197770893","40.1285143902845","40.0806854100815","39.3736483114291","39.2970049916805","39.2787321658833","39.2262895174709","39.0806988352745","39.2886855241265","39.2054908485857","39.1638935108153","38.6023294509151","38.4567387687188","37.9575707154742","","",
"Slovenia","SVN","Agricultural land (% of land area)","AG.LND.AGRI.ZS","","","","","","","","","","","","","","","","","","","","","","","","","","","","","","","","","28.0039721946375","27.8053624627607","27.2591857000993","26.7130089374379","26.0675273088381","24.5779543197617","24.3296921549156","24.8262164846077","25.7199602780536","25.3227408142999","25.0744786494538","25.3227408142999","24.428997020854","25.2730883813307","24.3793445878848","24.7269116186693","30.7035569983421","31.0297928104121","30.9666339061461","30.8056189814355","30.36826717364","30.298411122145","30.5283018867925","30.6062772432556","30.6563399860987","30.5411136105194","30.3927216384259","30.4066268051886","30.3177330605272","30.3410738761646","30.3291551617965","30.355856862599","","",
"Sweden","SWE","Agricultural land (% of land area)","AG.LND.AGRI.ZS","","10.4016377485426","10.2420657745857","9.77316966649703","9.6798814355684","9.44911581169231","9.32145823252681","9.29199879118092","9.13488177066954","9.19380065336131","9.21344028092523","9.22571504815268","9.16679616546092","9.12751691033307","9.16925111890641","9.14715653789699","9.16925111890641","9.13733672411503","9.15206644478797","9.11033223621464","9.09314756209621","9.02195391217699","8.98512961049463","8.92621072780286","8.8648368916656","8.57760733854324","8.53341817652441","8.48186415416911","8.43767499215029","8.39103087668597","8.37875610945852","8.24373366995655","8.20936432171968","8.23882376306557","8.23882376306557","8.02033290641693","8.09398150978164","8.00069327885301","7.93195458237928","7.84112130489613","7.30127704223281","7.49718232718294","7.70830832349511","7.68081284490562","7.74095920432013","7.85879696970366","7.73334884863911","7.66166420803079","7.55094580763918","7.52983320800796","7.54579040540365","7.51976789888145","7.44219137000395","7.4534350567843","7.45341050724985","7.43498868578537","7.41674708031197","7.39330060221358","7.36634329022193","7.37821646042035","7.38067177371833","7.3733058338244","7.35366332744058","7.32192403074128","","",
"Eswatini","SWZ","Agricultural land (% of land area)","AG.LND.AGRI.ZS","","85.3488372093023","85.9302325581395","85.6976744186046","85.8720930232558","86.2790697674419","86.8023255813954","87.0348837209302","87.0930232558139","86.8604651162791","86.8604651162791","86.8604651162791","87.9651162790698","87.9651162790698","86.1627906976744","76.3372093023256","79.7093023255814","80.9883720930233","80.9883720930233","77.9069767441861","75.0581395348837","74.6511627906977","74.7674418604651","74.8837209302326","73.7790697674419","74.6511627906977","77.2674418604651","75.9883720930233","74.7093023255814","73.4883720930233","71.9767441860465","71.3372093023256","71.1046511627907","71.046511627907","71.046511627907","71.046511627907","71.046511627907","71.1046511627907","71.1046511627907","71.1046511627907","71.1046511627907","71.1627906976744","71.1627906976744","71.1627906976744","71.1627906976744","71.1627906976744","71.1046511627907","71.1046511627907","71.1046511627907","71.1627906976744","70.9908895348837","70.9883720930233","70.9302325581395","70.8573546511628","70.6976744186046","70.4651162790698","70.2325581395349","70","69.8255813953488","69.593023255814","69.4767441860465","69.4767441860465","69.4767441860465","69.4767441860465","","",
"Sint Maarten (Dutch part)","SXM","Agricultural land (% of land area)","AG.LND.AGRI.ZS","","","","","","","","","","","","","","","","","","","","","","","","","","","","","","","","","","","","","","","","","","","","","","","","","","","","","","","","","","","","","","","","","","",
"Seychelles","SYC","Agricultural land (% of land area)","AG.LND.AGRI.ZS","","10.8695652173913","10.8695652173913","10.8695652173913","10.8695652173913","10.8695652173913","10.8695652173913","10.8695652173913","10.8695652173913","10.8695652173913","10.8695652173913","10.8695652173913","10.8695652173913","10.8695652173913","10.8695652173913","10.8695652173913","10.8695652173913","10.8695652173913","10.8695652173913","10.8695652173913","10.8695652173913","10.8695652173913","13.0434782608696","13.0434782608696","13.0434782608696","13.0434782608696","13.0434782608696","13.0434782608696","10.8695652173913","10.8695652173913","8.69565217391304","8.69565217391304","8.69565217391304","8.69565217391304","8.69565217391304","8.69565217391304","8.69565217391304","8.69565217391304","8.69565217391304","8.69565217391304","8.69565217391304","8.69565217391304","8.69565217391304","8.69565217391304","8.69565217391304","8.69565217391304","8.69565217391304","6.52173913043478","6.52173913043478","6.30434782608696","5.21739130434783","3.26086956521739","3.26086956521739","3.3695652173913","3.3695652173913","3.3695652173913","3.3695652173913","3.3695652173913","3.3695652173913","3.3695652173913","3.3695652173913","3.3695652173913","3.3695652173913","3.3695652173913","","",
"Syrian Arab Republic","SYR","Agricultural land (% of land area)","AG.LND.AGRI.ZS","","81.2982914354119","81.4560888018283","81.8424202851235","80.8248993361628","77.8049842202634","74.1647622156927","74.1647622156927","73.0275329197954","73.1581238437262","73.2343018826858","73.2288605941887","77.0540864076613","78.7789748612471","78.9911851126347","76.7602568288171","77.3370334095114","76.3956904995103","76.2270105560997","75.960387419741","76.5153988464468","76.803787136794","76.7929045597998","76.1290673631516","76.0311241702035","75.9114158232669","75.7427358798564","75.6719991293938","74.7252149308956","73.4138644030907","73.430188268582","73.522690173033","74.0722603112417","74.2300576776581","75.0136032212428","75.0299270867341","75.0353683752313","75.1115464141909","74.8394819893351","74.9102187397976","74.6055065839591","74.6708020459245","74.8666884318207","75.2383027398006","75.7476711881026","75.3282126709157","75.5704405598214","75.6752341537791","75.6806795905032","75.7351339577434","75.7392582911289","75.7773784240048","75.8100528236127","75.8100528236127","75.7991613570767","75.7882698905408","75.7835103196645","75.804775908076","75.7920165550291","75.7574143658444","75.7685345531776","74.9930675815499","74.0946468441976","74.0946468441976","","",
"Turks and Caicos Islands","TCA","Agricultural land (% of land area)","AG.LND.AGRI.ZS","","1.05263157894737","1.05263157894737","1.05263157894737","1.05263157894737","1.05263157894737","1.05263157894737","1.05263157894737","1.05263157894737","1.05263157894737","1.05263157894737","1.05263157894737","1.05263157894737","1.05263157894737","1.05263157894737","1.05263157894737","1.05263157894737","1.05263157894737","1.05263157894737","1.05263157894737","1.05263157894737","1.05263157894737","1.05263157894737","1.05263157894737","1.05263157894737","1.05263157894737","1.05263157894737","1.05263157894737","1.05263157894737","1.05263157894737","1.05263157894737","1.05263157894737","1.05263157894737","1.05263157894737","1.05263157894737","1.05263157894737","1.05263157894737","1.05263157894737","1.05263157894737","1.05263157894737","1.05263157894737","1.05263157894737","1.05263157894737","1.05263157894737","1.05263157894737","1.05263157894737","1.05263157894737","1.05263157894737","1.05263157894737","1.05263157894737","1.05263157894737","1.05263157894737","1.05263157894737","1.05263157894737","1.05263157894737","1.05263157894737","1.05263157894737","1.05263157894737","1.05263157894737","1.05263157894737","1.05263157894737","1.05263157894737","1.05263157894737","1.05263157894737","","",
"Chad","TCD","Agricultural land (% of land area)","AG.LND.AGRI.ZS","","38.015873015873","38.015873015873","38.015873015873","38.015873015873","38.015873015873","38.015873015873","38.015873015873","38.015873015873","38.015873015873","38.015873015873","38.015873015873","38.015873015873","38.0238095238095","38.0438234360114","38.1194409148666","38.1988564167725","38.1988564167725","38.2385641677255","38.2385641677255","38.2385641677255","38.2385641677255","38.2385641677255","38.2385641677255","38.2385641677255","38.2425349428208","38.2822426937738","38.2822426937738","38.3020965692503","38.3179796696315","38.3576874205845","38.3973951715375","38.4132782719187","38.4371029224905","38.4529860228717","38.4768106734435","38.4609275730623","38.6197585768742","38.6197585768742","38.6197585768742","38.6197585768742","38.6991740787802","38.6991740787802","38.7785895806862","38.7785895806862","38.8580050825921","38.8580050825921","38.8587992376112","38.8587992376112","38.9413913595934","39.1002223634053","39.1796378653113","39.4575921219822","39.7363405336722","39.8951715374841","39.8959656925032","39.9761753494282","39.9761753494282","39.9761753494282","39.9761753494282","39.9761753494282","39.9761753494282","39.9761753494282","39.9756194409149","","",
"East Asia & Pacific (IDA & IBRD countries)","TEA","Agricultural land (% of land area)","AG.LND.AGRI.ZS","","35.4230574337394","35.6433279503925","35.8814899182323","36.1147421343222","36.3960962470519","36.6629124422977","36.9337817960307","37.2084252152082","37.5339056833453","37.8715926276248","38.1438483970258","38.5345031721758","38.9519799619659","39.4687936176849","39.8409439690711","39.3326970948602","39.8142189525306","40.2544555554145","40.5434016105496","40.890130215449","41.2868653678836","41.9611442921488","42.6790367869395","43.3946221724242","44.3454076328296","44.9127509127271","45.490393646482","45.9655101424844","46.4350829693139","46.8924166909145","47.0725937055159","47.0931086044953","47.1029371521181","47.3658612736229","47.4335293917146","47.4903088022948","48.1848767058535","48.2306581464664","48.4000961130688","48.3377300996172","48.4710016026402","48.5625775621043","47.6464990377873","47.7381665249979","47.8034235779048","47.9929197694871","48.1410389978028","48.2424391773884","48.341712425429","48.3449172197099","48.3873953112368","48.369492661123","48.3847538763022","48.3480549723519","48.4384137585527","48.4243381925214","48.3841602991826","48.4143084710546","48.4123647998862","48.4084878864067","48.39989842393","48.3724140696919","48.0345117805135","","",
"Europe & Central Asia (IDA & IBRD countries)","TEC","Agricultural land (% of land area)","AG.LND.AGRI.ZS","","54.24464615832","54.3623510513817","54.8394020591432","54.8130915536354","54.7417762360745","54.911409758428","54.7424686177984","55.0242679794224","55.6848001440154","55.3150683034571","55.366996932749","55.623178170589","55.4909332613256","55.1648214693725","54.8137839353592","54.9266421563536","55.0187289256313","55.0069584363251","55.5497857078565","55.2859882710536","55.2285205879706","54.2418766314244","53.9123029308518","54.5797589126837","54.937027882212","55.1668986145442","55.8516641394734","55.7166497033144","55.941245756253","55.788124437054","56.0519880006374","29.2760173384482","29.1582771797201","29.1307453760227","28.8657117973028","28.7560757701323","28.8461992377599","28.7849627568436","28.7539946013351","28.7430833872858","28.6761998832569","28.5722811555198","28.4671165786071","28.4031607698664","28.3389705572031","28.3244791058285","28.1951240012498","28.1511781343281","28.1125148840865","28.3125895636356","28.2600417114585","28.268157011559","28.2960108593033","28.3287327005832","28.3324115002143","28.340702485747","28.3487617271006","28.3512956803807","28.30804641255","28.3095002291012","28.3135577253079","28.2575850872317","28.252610881484","","",
"Togo","TGO","Agricultural land (% of land area)","AG.LND.AGRI.ZS","","56.4441993013422","56.4441993013422","56.4441993013422","56.4441993013422","56.5361279646994","56.5361279646994","56.5361279646994","56.5361279646994","56.5361279646994","56.5361279646994","52.9509100937672","52.9509100937672","52.9509100937672","52.9509100937672","52.9509100937672","52.9509100937672","52.9509100937672","54.7894833609119","55.7087699944843","55.8006986578415","55.8006986578415","55.8006986578415","55.8006986578415","56.7199852914139","56.8119139547711","56.8119139547711","57.1796286082","57.7312005883434","57.7312005883434","58.0989152417724","58.5585585585586","58.9262732119875","59.3859165287737","59.7536311822026","60.1213458356315","60.4890604890605","61.2244897959184","61.5922044493473","61.9599191027763","62.5114910829197","62.8792057363486","63.2469203897775","63.6146350432065","63.9823496966354","64.7177790034933","65.6370656370656","66.0967089538518","66.8321382607097","67.1998529141386","67.3837102408531","67.3837102408531","70.7850707850708","70.2334988049274","70.2334988049274","70.2334988049274","70.2334988049274","70.2334988049274","70.2334988049274","70.2334988049274","70.2334988049274","70.2334988049274","70.2334988049274","70.2334988049274","","",
"Thailand","THA","Agricultural land (% of land area)","AG.LND.AGRI.ZS","","22.8092152909628","23.4492747949656","24.3888116815753","24.8390064397424","25.3283485681849","25.8568380669029","26.3461801953454","26.8159486386502","27.2465697116796","27.8885865841962","28.1841492297755","29.8107224647184","31.474485701423","33.0462526179804","33.7058858071209","34.3479026796375","35.1641253498796","35.9686038090391","36.6067059445282","37.0686449137779","37.8574644248273","38.7147918338586","38.9477186869972","39.247196069604","40.2767719078471","40.6643308735736","41.5745072324767","41.750670398716","41.7643719783124","41.8544109299458","42.1147409422772","41.8367946133218","41.5842940750455","41.7663293468261","41.9483646186067","42.1303998903874","42.312435162168","42.4925130654348","42.6745483372154","42.8565836089961","43.0386188807767","43.2206541525573","43.4026894243379","43.5847246961185","43.7667599678992","43.9487952396798","44.1288731429466","44.3109084147272","44.4929436865079","44.6749789582885","44.6828084323436","44.6906379063986","44.6989868660573","44.7102115915363","44.7180410655914","44.7102115915363","44.7199984341052","44.7174470042475","45.019475816712","45.5516837283955","45.9981600735971","45.9981600735971","43.7980778641195","","",
"Tajikistan","TJK","Agricultural land (% of land area)","AG.LND.AGRI.ZS","","","","","","","","","","","","","","","","","","","","","","","","","","","","","","","","","32.0734495570163","32.4592740783081","31.9376964847099","32.7379251214633","32.7593598170906","32.5950271506145","32.4878536724779","32.6378965418691","32.6736210345813","32.6736210345813","32.6593312374964","32.8379537010574","33.2237782223492","33.3809659902829","33.8310945984567","33.7882252072021","33.7739354101172","34.0054301228923","27.2092026293227","26.8076593312375","26.2146327522149","26.4568448128037","26.800974161659","27.076158224656","27.3643634267599","27.6799481230636","27.7728943007421","27.8406225232365","27.8312558541682","27.7887455868578","28.0726277109302","27.9465379350097","","",
"Turkmenistan","TKM","Agricultural land (% of land area)","AG.LND.AGRI.ZS","","","","","","","","","","","","","","","","","","","","","","","","","","","","","","","","","75.2239695273764","75.4367671780904","75.4367671780904","75.5431660034473","75.5431660034473","75.5431660034473","75.5431660034473","75.6282850637329","75.5431660034473","75.5431660034473","75.2239695273764","74.8834932862341","74.5855765752346","74.2238205690209","73.8407847977358","73.5215883216649","73.0959930202371","72.7874364267018","72.3512012427383","72.0064690485817","73.5761177196604","75.145766390739","76.7154150618177","78.2850637328964","79.8547124039751","81.4243610750537","82.9940097461324","84.5636584172111","84.5587640712447","84.5536569276275","84.5536569276275","84.2215632115421","","",
"Latin America & the Caribbean (IDA & IBRD countries)","TLA","Agricultural land (% of land area)","AG.LND.AGRI.ZS","","28.2594544188155","28.4358206463772","28.6014535000557","28.7560070654196","28.9369804721492","29.100803541628","29.2412197345721","29.4232459243543","29.5498255400367","29.7589734265531","30.0538980655874","30.3182869828457","30.5581664137991","30.823909210063","31.0844807496438","31.3984905628281","31.7392552655824","32.0473837100697","32.348799407636","32.6527391185448","32.8138242495703","32.9440330298552","33.2020301372279","33.3942393147735","33.5317582538463","33.5305079937584","33.5301346603509","33.5236168593457","33.5256179723313","33.5195871907194","33.5172670079904","33.450342684539","33.4215456187458","33.378560625137","33.3313890825582","33.3732101997815","33.4229579980475","33.5428181481753","33.5802564238447","33.5604472654701","33.4346033645736","33.4742912947553","33.4832663468549","33.5637542951057","33.6224115894234","33.6130626450139","33.676356130675","33.4236706367591","33.2941031552315","33.3703237237626","33.3035876063593","33.3117484885502","33.3280331468541","33.1355049401182","33.189960194799","33.062731437602","32.9050448561766","32.8142261498041","32.8156013619408","33.0635692733375","33.056730819048","32.9556550115647","32.7474814216951","","",
"Timor-Leste","TLS","Agricultural land (% of land area)","AG.LND.AGRI.ZS","","15.46738399462","15.46738399462","15.46738399462","15.46738399462","15.46738399462","15.46738399462","15.6018829858776","15.6018829858776","15.6691324815064","16.3416274377942","16.3416274377942","16.4761264290518","16.8123739071957","16.8123739071957","17.1486213853396","17.350369872226","17.6193678547411","18.2246133154001","18.560860793544","18.7626092804304","18.9643577673167","19.0988567585743","19.2333557498319","19.4351042367182","19.6368527236046","19.8386012104909","20.1075991930061","20.3765971755212","20.5110961667787","21.3853396099529","22.1923335574983","22.1923335574983","22.5285810356422","22.8648285137861","22.8648285137861","22.9993275050437","23.0665770006725","22.9320780094149","22.6630800268998","22.6630800268998","22.6361802286483","22.6092804303968","22.4478816408877","22.4209818426362","22.3940820443847","22.3671822461332","22.3402824478816","22.649630127774","22.7572293207801","22.7303295225286","22.7706792199059","22.8043039677202","22.8379287155346","22.871553463349","22.9051782111634","22.9388029589778","22.9724277067922","23.0060524546066","22.9589778076664","22.9589778076664","22.9589778076664","22.9589778076664","22.9589778076664","","",
"Middle East, North Africa, Afghanistan & Pakistan (IDA & IBRD)","TMN","Agricultural land (% of land area)","AG.LND.AGRI.ZS","","27.2339820714894","27.2410389749798","27.2762240994248","27.3360586895827","27.4504600405325","27.4719289300243","27.5443864320594","27.5467718642252","27.471233178976","27.562972924351","27.741085192728","27.9464311449975","28.0835262393612","28.0287704141624","27.963170768798","27.9598609685092","27.9683094076849","27.9859020398508","28.0919547998565","28.0803257718146","27.6228775781406","27.9015508352525","27.7637319439461","27.9434968387928","27.9401611962195","27.790941881696","27.9590856999731","27.9099157839704","27.9214156005896","27.8661329903598","28.0598507309888","28.2504355915846","28.3915642831798","28.4319458345716","28.456917432907","28.5150089006792","28.4757147131059","28.5868464759572","28.4470079107209","28.3750073302634","28.472402924949","28.5194160041268","28.6002262236553","28.6066642679225","26.9301210040533","26.9985726894665","27.0294476929973","26.7337780256021","26.7160914580678","26.7608966462757","26.8461092602479","26.882366626004","26.9347346010381","26.9024161234768","26.902660720196","27.0172117040271","27.1344714178457","27.1391954909306","26.9994949230665","27.1052764970403","27.0380539207679","26.9668002296871","26.9954995426751","","",
"Tonga","TON","Agricultural land (% of land area)","AG.LND.AGRI.ZS","","37.5","38.8888888888889","40.2777777777778","40.2777777777778","41.6666666666667","43.0555555555556","43.0555555555556","43.0555555555556","45.8333333333333","44.4444444444444","44.4444444444444","45.8333333333333","45.8333333333333","47.2222222222222","47.2222222222222","45.8333333333333","45.8333333333333","45.8333333333333","45.8333333333333","47.2222222222222","47.2222222222222","47.2222222222222","45.8333333333333","45.8333333333333","45.8333333333333","45.8333333333333","45.8333333333333","45.8333333333333","44.4444444444444","44.4444444444444","44.4444444444444","44.4444444444444","44.4444444444444","44.4444444444444","45.8333333333333","45.8333333333333","43.0555555555556","43.0555555555556","43.0555555555556","41.6666666666667","41.6666666666667","41.6666666666667","41.6666666666667","41.6666666666667","41.6666666666667","43.0555555555556","43.0555555555556","43.0555555555556","44.4444444444444","44.4444444444444","44.4444444444444","45.8333333333333","45.8333333333333","47.2222222222222","48.6111111111111","48.6111111111111","48.6111111111111","48.6111111111111","48.6111111111111","48.6111111111111","48.6111111111111","48.6111111111111","48.6111111111111","","",
"South Asia (IDA & IBRD)","TSA","Agricultural land (% of land area)","AG.LND.AGRI.ZS","","56.6354984799289","57.0863203135312","57.0976430033375","57.2862551782683","57.4757612497627","57.6000128721105","57.7150275633005","57.8935089105099","57.7269461841492","57.8562632203577","57.7877311504777","57.9528040492322","58.2331896046981","58.4074994346104","58.5397961260311","58.5421798502008","58.5389022294674","58.8511700957035","58.8195857504545","58.7328777837801","58.7748909222718","58.8713125649379","58.7832935499702","59.1130221957496","59.0717837676131","59.0397822706343","59.1758333276223","59.1345948994858","59.2608130942736","59.2189787350946","59.2674279288446","58.9579013454037","58.9466382487017","59.020473729312","58.942902271309","58.8277095519188","58.9603394273805","58.9526360262393","59.0201751478725","58.9819138264587","58.8409682581385","58.8448494112589","58.750179130144","58.7840447429191","58.7643603915005","58.6603230682975","58.5465779845315","58.6312595266735","58.7216761150558","58.5712207613453","58.5993583319618","58.579806991798","58.5835547250359","58.586130895859","58.5947758901949","58.5659179868105","58.4547513972765","58.415030860343","58.44347383416","58.2883925653046","58.2822255386151","58.2801728959398","58.3401607138482","","",
"Sub-Saharan Africa (IDA & IBRD countries)","TSS","Agricultural land (% of land area)","AG.LND.AGRI.ZS","","37.0829419968263","37.0634912850983","37.0982175483068","37.0976620151212","37.083998061485","37.0993747738155","37.1030878461954","37.1704077281229","37.2027947254956","37.2188908093866","37.2966259889994","37.3203067335988","37.3403153567234","37.3294349561544","37.3960772062469","37.43136122829","37.4537353867658","37.5310875493927","37.5583196373894","37.6170808451534","37.6911511995969","37.7509973813319","37.8288862217223","37.8984582821654","38.0659162972556","38.1735537855248","38.2059683498697","38.3080901507821","38.3784375636004","38.5179450091113","38.6639685297073","38.852825156175","38.8105003575331","39.0323252417885","39.2975094239356","39.4328435976721","39.5865942865983","39.6933825096483","39.9241054269939","40.0831294428882","40.1963220958552","40.2942751771765","40.4877634379029","40.3005341158499","40.6559606115932","40.742762134003","40.9187615430741","41.047029862374","41.2666541893757","41.4774119670503","41.6810394345239","43.3742610741004","43.5647138362945","43.7062606945821","43.8621491880713","43.9586228574713","44.0808513138064","44.2775133027772","44.3598710206483","44.4562971521009","44.5501381810002","44.6230073816499","44.6966303040954","","",
"Trinidad and Tobago","TTO","Agricultural land (% of land area)","AG.LND.AGRI.ZS","","18.9083820662768","18.9083820662768","19.1033138401559","19.1033138401559","19.1033138401559","19.1033138401559","19.1033138401559","19.1033138401559","19.1033138401559","19.1033138401559","19.6881091617934","19.6881091617934","21.4424951267057","21.6374269005848","20.6627680311891","20.6627680311891","20.6627680311891","20.6627680311891","20.6627680311891","19.6881091617934","18.5185185185185","17.1539961013645","14.4249512670565","14.4249512670565","13.8401559454191","13.8401559454191","13.8401559454191","14.0350877192982","14.0350877192982","15.009746588694","15.7894736842105","15.7894736842105","15.7894736842105","15.7894736842105","14.8148148148148","14.8148148148148","13.8401559454191","12.8654970760234","13.0604288499025","13.0604288499025","11.6959064327485","11.6959064327485","11.6959064327485","10.7212475633528","10.5263157894737","10.5263157894737","10.5263157894737","10.5263157894737","10.5263157894737","10.5263157894737","10.5263157894737","10.5263157894737","10.5263157894737","10.5263157894737","10.5263157894737","10.5263157894737","10.5263157894737","10.5263157894737","10.5263157894737","10.5263157894737","10.5263157894737","10.5263157894737","10.5263157894737","","",
"Tunisia","TUN","Agricultural land (% of land area)","AG.LND.AGRI.ZS","","55.6642636457261","55.6513903192585","55.6385169927909","56.1663233779609","56.1534500514933","56.1405767250257","56.1277033985582","56.1148300720906","57.0803295571576","58.2711122554068","58.3032955715757","58.9340885684861","59.5005149330587","59.8094747682801","60.2471678681771","60.6848609680741","60.9745108135942","60.2278578784758","59.8159114315139","58.322605561277","58.7538619979403","59.3202883625129","59.9961380020597","60.1313079299691","59.783728115345","59.1786817713697","59.2559217301751","59.024201853759","59.3395983522142","59.1593717816684","59.2816683831102","60.2149845520082","60.6462409886715","59.7515447991761","60.1699279093718","60.0154479917611","60.163491246138","60.6333676622039","61.3156539649845","61.476570545829","61.1418640576725","62.8411431513903","62.9763130792997","63.2723995880536","63.2337796086509","63.1179196704428","63.1114830072091","63.6006694129763","63.0084963954686","64.6112255406797","64.8300720906282","63.8645726055613","63.9997425334707","62.8282698249228","63.2981462409887","62.45236869207","62.7117662203914","62.4388516992791","62.4388516992791","62.4388516992791","62.4388516992791","62.4388516992791","62.4388516992791","","",
"Turkiye","TUR","Agricultural land (% of land area)","AG.LND.AGRI.ZS","","47.4474747605992","47.6176864207476","48.5557995400387","48.4544521393397","48.4596494419396","48.7039226641373","48.4648467445396","48.8559437651859","50.209841092473","49.6056546652287","49.7823629536271","50.4476176864207","50.3969439860712","49.8005535127269","49.3250003248314","49.2483401114821","49.4120551433806","49.4328443537804","50.5333731793199","50.1266842508738","50.1708613229734","48.3232202486909","47.7086392162468","48.8715356729857","49.5432870340293","50.001948988475","51.2285124020633","51.0154229954654","51.8391954575575","51.5533438145603","52.0600808180554","51.8482907371074","51.8599846679573","52.1666255213544","51.3142678949625","51.1466548861141","50.9881371568156","51.8677806218572","52.3654223458025","52.5954029858503","53.2307732286943","53.5270194768915","52.8097917180983","53.5452100359913","53.5621012694412","52.6135935449502","51.3298598027624","50.8322180788171","50.5580603666697","50.6892922573184","49.6953081350779","49.9032002390759","49.9239894494757","50.0942011096241","50.0903031326741","49.8005535127269","49.3275989761314","49.1171082208334","49.0053662149344","49.0651351948339","49.4900146823798","50.0253368501748","50.1383781817237","","",
"Tuvalu","TUV","Agricultural land (% of land area)","AG.LND.AGRI.ZS","","66.6666666666667","66.6666666666667","66.6666666666667","66.6666666666667","66.6666666666667","66.6666666666667","66.6666666666667","66.6666666666667","66.6666666666667","66.6666666666667","66.6666666666667","66.6666666666667","66.6666666666667","66.6666666666667","66.6666666666667","66.6666666666667","66.6666666666667","66.6666666666667","66.6666666666667","66.6666666666667","66.6666666666667","66.6666666666667","66.6666666666667","66.6666666666667","66.6666666666667","66.6666666666667","66.6666666666667","66.6666666666667","66.6666666666667","66.6666666666667","66.6666666666667","66.6666666666667","66.6666666666667","66.6666666666667","66.6666666666667","66.6666666666667","66.6666666666667","66.6666666666667","66.6666666666667","66.6666666666667","56.6666666666667","56.6666666666667","56.6666666666667","56.6666666666667","56.6666666666667","56.6666666666667","60","60","60","60","60","60","60","60","60","60","60","60","60","60","60","60","60","","",
"Tanzania","TZA","Agricultural land (% of land area)","AG.LND.AGRI.ZS","","29.3519981937232","29.3519981937232","30.4809212011741","30.4809212011741","30.4809212011741","30.4809212011741","30.4809212011741","30.4809212011741","30.4809212011741","31.609844208625","32.7387672160759","32.7387672160759","32.7387672160759","32.7387672160759","32.7387672160759","32.7387672160759","32.7387672160759","33.8676902235268","33.8676902235268","33.8676902235268","34.9966132309776","34.9966132309776","34.9966132309776","34.9966132309776","36.1255362384285","36.1255362384285","36.1255362384285","36.1255362384285","36.1255362384285","35.2110973131632","35.631056671935","36.0510160307067","36.4709753894784","36.8909347482502","37.3108941070219","37.7308534657936","38.0480921201174","38.1575976518401","38.2704899525852","38.3833822533303","38.4962745540754","38.6091668548205","38.6881914653421","39.2380898622714","39.8670128697223","40.4959358771732","41.1135696545496","41.7412508466923","41.9809212011741","42.2205915556559","42.4602619101377","42.3318965906525","42.9396026191014","43.1792729735832","43.418943328065","43.6586136825469","43.8982840370287","44.1379543915105","44.3776247459923","44.6163919620682","44.6163919620682","44.6163919620682","44.6163919620682","","",
"Uganda","UGA","Agricultural land (% of land area)","AG.LND.AGRI.ZS","","45.1328762324208","45.6133326660327","46.3340173164506","49.4119413442771","49.4019318352435","49.4719983984786","49.4870126620289","49.6721885791502","49.79730744207","49.9474500775737","50.1976878034132","50.5480206195886","50.9484009809319","51.3688003603423","52.0844802562434","52.740103097943","52.740103097943","53.100445423152","53.100445423152","53.4507782393274","53.8511586006706","54.2515389620139","56.5537260397378","57.5546769430959","58.055152394775","59.1411841249187","59.1411841249187","59.1411841249187","59.3663980781743","59.8668735298534","60.2172063460287","60.3173014363645","60.4674440718683","60.5675391622041","60.6676342525399","60.9178719783795","60.9178719783795","61.2682047945548","61.3682998848906","62.6194885140884","63.1199639657675","64.1209148691257","65.622341224163","66.3730544016816","66.3730544016816","67.3777588709274","68.3824633401732","69.6374055352585","70.6421100045043","71.1400359066427","71.6387392778775","71.8880909634949","71.8880909634949","71.8880909634949","71.8880909634949","71.8880909634949","71.8880909634949","71.8880909634949","71.8880909634949","71.8880909634949","71.8880909634949","71.8880909634949","71.8880909634949","","",
"Ukraine","UKR","Agricultural land (% of land area)","AG.LND.AGRI.ZS","","","","","","","","","","","","","","","","","","","","","","","","","","","","","","","","","72.3724864071805","72.3051695866057","72.2551134892552","72.2413049106758","72.2188659704842","72.2430309829982","71.8235954086476","71.5508759817036","71.4697505825494","71.4335030637784","71.4537232022646","71.3829530155004","71.3812269133842","71.2899996548034","71.2579397956366","71.2305594393524","71.2766691983705","71.2490506110613","71.2335151556998","71.2576814195954","71.2853000069046","71.6805910377684","71.658409432236","71.6532306789345","71.665314436638","71.6191955808735","71.3306869175009","71.2996202968588","71.2996202968588","71.2996202968588","71.2996202968588","71.2996202968588","","",
"Upper middle income","UMC","Agricultural land (% of land area)","AG.LND.AGRI.ZS","","32.8043454497931","32.9482367949221","33.1257583291423","33.2654799364884","33.4357944794869","33.615181336687","33.7872545570536","33.990760734257","34.1997192386033","34.42570701404","34.7285657196638","35.0392619300006","35.3154652229841","35.5969769006409","35.8140141159587","35.7499894838752","36.0884817734185","36.4004921585344","36.6968547645926","36.9253501234006","37.0473860370454","37.358766876692","37.7760764978336","38.171629910034","38.6287759830121","38.8519883005127","39.1222825330583","39.3215492940496","39.5095146473546","39.6844190068806","39.80839222651","43.3063423397975","43.3140275166861","43.4000644870336","43.2800517009152","43.2896657444101","43.5350822847878","43.6286442933653","43.6732105945045","43.6414734878341","43.6303840497464","43.6497886468968","43.3146274047817","43.3779271304954","43.0247953476924","43.0435157224562","43.0839037898132","42.9349611339728","42.891132813042","43.0735670630431","43.0245412054146","43.0490670364349","43.0760876711736","42.9941656680805","43.0531159605647","43.0152349230515","42.9564268320441","42.9463352501076","42.9288131421109","43.0694233085666","43.0735353185575","42.997502061976","42.7760522788069","","",
"Uruguay","URY","Agricultural land (% of land area)","AG.LND.AGRI.ZS","","93.4407496286139","92.8408181922066","92.2237458576163","91.898068792138","91.2638555593646","90.9324648611587","90.5153696720375","89.8297337447149","89.406924922866","88.452748257342","88.2242029482345","87.9899440063993","87.7613986972917","87.5385670209119","87.3100217118044","87.0757627699691","86.8529310935893","86.6243857844818","86.3958404753742","86.1672951662667","86.0073134498914","85.8244772026054","85.6587818535024","85.4873728716718","85.3216775225688","85.1045594789167","84.8931550679922","84.7845960461661","84.6874642897955","85.2302593989258","85.2531139298366","85.2759684607473","85.3045366243858","85.3273911552965","85.3502456862073","85.3673865843904","85.3902411153011","85.4188092789395","85.4416638098503","85.4645183407611","85.4873728716718","85.264541195292","85.2873957262027","84.7274597188893","84.7446006170723","83.961832933379","83.1333561878643","83.8418466460976","84.6417552279739","82.4648611587247","82.9962290023997","81.3449891440978","81.9717746543252","82.7054050965604","82.6625528511027","81.5066849502914","81.2644269226374","81.0810193120786","80.7182036338704","80.3531025025711","80.3908124785739","80.8735287395726","81.3541309564621","","",
"United States","USA","Agricultural land (% of land area)","AG.LND.AGRI.ZS","","48.8602417741752","48.4761370286583","48.1979395040485","47.9325163555688","47.589791854097","47.5545258413619","47.5279944447841","47.5812756033436","47.5432800230594","47.9675858394403","47.7139216679623","47.4602574964843","47.217511595203","46.9658127123604","46.9658127123604","46.9658127123604","46.9847013198005","46.7479932219379","46.7479932219379","46.7479932219379","46.7479932219379","47.1013084455004","47.1013084455004","47.1013084455004","47.1013084455004","47.1013084455004","46.615336239049","46.615336239049","46.615336239049","46.615336239049","46.615336239049","46.4494877147624","46.1786054311843","45.9810939233275","45.8719112213614","45.4534139247251","45.2982653052312","45.2658380427472","45.1893009686689","45.2305848555761","45.2900702036254","45.0848730397122","45.0803674339003","45.0758618280884","45.0713562222766","45.0668506164647","45.0623450106528","45.3549551239585","45.576134822715","45.7973145105396","46.0184942092962","46.2396739080528","46.3330187965568","46.4263636850609","46.519708562633","46.613053451137","46.7063983396411","46.5817145490204","46.4570307583996","46.3323469677789","46.2076631880902","46.0829793974695","46.0829793974695","","",
"Uzbekistan","UZB","Agricultural land (% of land area)","AG.LND.AGRI.ZS","","","","","","","","","","","","","","","","","","","","","","","","","","","","","","","","","65.1716031969911","64.9905970850964","64.974141984015","64.9811941701928","64.974141984015","64.9670897978373","64.2548189938881","64.2477668077104","62.6839310495109","62.6848141019612","62.0447751949366","61.6343601520612","61.2224763853868","60.8077568148602","60.3923368131238","59.9586223347646","59.5457913098927","59.1336063035475","58.7255558716379","58.3214206223369","57.907296925195","57.5048934231933","58.6109332727536","57.984566500227","57.9805306962693","57.9525543137807","57.9234067278426","58.0070592775022","58.2832179734483","58.3012029873846","58.4792534698583","58.0551458073301","","",
"St. Vincent and the Grenadines","VCT","Agricultural land (% of land area)","AG.LND.AGRI.ZS","","25.6410256410256","25.6410256410256","28.2051282051282","28.2051282051282","28.2051282051282","28.2051282051282","28.2051282051282","28.2051282051282","28.2051282051282","28.2051282051282","28.2051282051282","28.2051282051282","25.6410256410256","25.6410256410256","25.6410256410256","25.6410256410256","28.2051282051282","28.2051282051282","30.7692307692308","30.7692307692308","30.7692307692308","28.2051282051282","30.7692307692308","30.7692307692308","30.7692307692308","33.3333333333333","29.8974358974359","28.974358974359","28.0512820512821","27.1282051282051","26.2051282051282","25.2820512820513","24.3589743589744","23.4358974358974","22.5128205128205","21.5897435897436","20.6666666666667","19.7435897435897","18.8205128205128","17.9487179487179","17.9487179487179","17.9487179487179","17.9487179487179","17.9487179487179","17.9487179487179","17.9487179487179","17.9487179487179","17.9487179487179","17.9487179487179","17.9487179487179","17.9487179487179","17.9487179487179","17.9487179487179","17.9487179487179","17.9487179487179","17.9487179487179","17.9487179487179","17.9487179487179","17.9487179487179","17.9487179487179","17.9487179487179","17.9487179487179","17.9487179487179","","",
"Venezuela, RB","VEN","Agricultural land (% of land area)","AG.LND.AGRI.ZS","","21.8037526217335","21.8831132021994","21.9624737826654","22.0441018082875","22.1234623887535","22.2028229692194","22.2957882206224","22.4000906978062","22.4930559492092","22.5984921489711","22.7039283487331","22.7481435292784","22.8773879031801","22.9510798707556","23.0123008899722","23.2073011734029","23.4499178051131","23.5134062694859","23.6948018819795","23.8308485913497","23.8535230429114","23.9895697522816","24.1256164616518","24.2503259452412","24.5337565897625","24.7718383311604","24.8965478147497","24.953233943654","24.726489428037","24.7831755569412","24.779774389207","24.4963437446857","24.4918088543733","24.4952100221076","24.5065472478884","24.5178844736693","24.5292216994501","24.5292216994501","24.5258205317159","24.5280879768721","24.5314891446063","24.5314891446063","24.420384331954","24.4770704608582","24.4827390737487","24.4373901706252","24.4419250609376","24.4884076866391","24.3750354288306","24.3750354288306","24.3750354288306","24.3750354288306","24.3750354288306","24.3750354288306","24.3750354288306","24.3750354288306","24.3750354288306","24.3750354288306","24.3750354288306","24.3750354288306","24.3750354288306","24.3750354288306","24.3750354288306","","",
"British Virgin Islands","VGB","Agricultural land (% of land area)","AG.LND.AGRI.ZS","","40","40","40","40","40","53.3333333333333","53.3333333333333","53.3333333333333","53.3333333333333","53.3333333333333","53.3333333333333","53.3333333333333","53.3333333333333","53.3333333333333","53.3333333333333","53.3333333333333","53.3333333333333","53.3333333333333","53.3333333333333","53.3333333333333","53.3333333333333","60","60","60","60","60","60","60","60","53.3333333333333","53.3333333333333","53.3333333333333","53.3333333333333","53.3333333333333","53.3333333333333","53.3333333333333","53.3333333333333","53.3333333333333","46.6666666666667","46.6666666666667","46.6666666666667","46.6666666666667","46.6666666666667","46.6666666666667","46.6666666666667","46.6666666666667","46.6666666666667","46.6666666666667","46.6666666666667","46.6666666666667","46.6666666666667","46.6666666666667","46.6666666666667","46.6666666666667","46.6666666666667","46.6666666666667","46.6666666666667","46.6666666666667","46.6666666666667","46.6666666666667","46.6666666666667","46.6666666666667","46.6666666666667","","",
"Virgin Islands (U.S.)","VIR","Agricultural land (% of land area)","AG.LND.AGRI.ZS","","34.2857142857143","34.2857142857143","40","45.7142857142857","45.7142857142857","45.7142857142857","42.8571428571429","42.8571428571429","42.8571428571429","42.8571428571429","42.8571428571429","42.8571428571429","42.8571428571429","42.8571428571429","42.8571428571429","42.8571428571429","42.8571428571429","42.8571428571429","42.8571428571429","45.7142857142857","45.7142857142857","42.8571428571429","40","40","34.2857142857143","34.2857142857143","34.2857142857143","31.4285714285714","31.4285714285714","28.5714285714286","28.5714285714286","28.5714285714286","28.5714285714286","25.7142857142857","22.8571428571429","22.8571428571429","22.8571428571429","22.8571428571429","20","20","20","17.1428571428571","17.1428571428571","17.1428571428571","17.1428571428571","11.4285714285714","11.4285714285714","11.4285714285714","11.4285714285714","11.4285714285714","11.4285714285714","11.4285714285714","11.4285714285714","11.4285714285714","11.4285714285714","11.4285714285714","11.4285714285714","9.42857142857143","9.42857142857143","9.42857142857143","9.42857142857143","9.42857142857143","9.42857142857143","","",
"Viet Nam","VNM","Agricultural land (% of land area)","AG.LND.AGRI.ZS","","19.3308550185874","19.3462164736244","19.3615779286614","19.3769393836984","19.3923008387354","19.4076622937725","19.4844695689576","19.5612768441427","19.6073612092537","19.7148913945129","19.7302528495499","19.807060124735","19.9145903099942","19.9913975851793","20.0067590402163","20.6519401517712","20.9284463424376","21.0021813266153","21.0451934007189","21.0697717287782","21.1250729669114","21.1496512949707","21.2049525331039","21.2295308611632","20.7379642999785","20.6611570247934","20.6150726596823","20.6150726596823","20.6304341147193","20.6642293158008","20.7410365909859","21.5828443270147","21.7733263694737","21.9361577928661","21.7487480414145","23.6013395188792","24.0990506620787","24.747304064641","25.8471842452917","28.2260657107953","30.4831399273522","30.4459829335051","30.7575708710936","31.5915760957203","32.1384618827057","32.2191850892757","32.1943447296182","32.7399677741119","32.9068109297165","34.3450560815081","34.3732843043373","34.4331120376958","34.6726704451298","34.6991265943562","38.7634300520449","38.8407942894887","38.8279627189274","38.7344502263671","39.5241027473527","39.4347683207361","39.4347683207361","39.2911951351024","39.2147376279795","","",
"Vanuatu","VUT","Agricultural land (% of land area)","AG.LND.AGRI.ZS","","8.61361771944217","8.61361771944217","8.61361771944217","8.61361771944217","9.26989335520919","9.26989335520919","9.26989335520919","9.26989335520919","9.26989335520919","9.84413453650533","9.84413453650533","9.84413453650533","9.84413453650533","9.84413453650533","10.3363412633306","10.3363412633306","10.4183757178015","10.4183757178015","10.5004101722724","10.5004101722724","10.746513535685","10.8285479901559","11.0746513535685","11.0746513535685","11.2387202625103","11.5668580803938","11.7309269893355","12.059064807219","12.2231337161608","12.4692370795734","12.6333059885152","12.8794093519278","13.0434782608696","13.1255127153404","13.5356849876948","13.6997538966366","13.7817883511075","14.109926168991","14.1919606234619","14.3560295324036","14.5200984413454","14.6021328958162","14.766201804758","14.8482362592289","15.0123051681706","15.1763740771124","15.3404429860541","15.3404429860541","15.3404429860541","15.3404429860541","15.3404429860541","15.3404429860541","15.3404429860541","15.3404429860541","15.3404429860541","15.3404429860541","15.3404429860541","15.3404429860541","15.3404429860541","15.3404429860541","15.3404429860541","15.3404429860541","15.3404429860541","","",
"World","WLD","Agricultural land (% of land area)","AG.LND.AGRI.ZS","","35.3977492219023","35.4692722210638","35.5577204862379","35.6404138343933","35.7390231512987","35.8222333013659","35.9197600279786","36.2441228381759","36.28787866277","36.2411662026976","36.383854770931","36.5097098524865","36.6006930578431","36.7185913945252","36.8247784412715","36.8259627368667","36.8775360538646","37.0506947379307","37.1382126040632","37.271538310393","37.3315993782314","37.464781140126","37.5410405271291","37.8085600110088","38.0618536661274","38.0279342485568","38.1828010593303","38.3205228275982","38.4130368556746","38.5155622109279","38.5587609623489","36.7080172595068","36.7021722403758","36.8697858441025","36.8546546125218","36.9104405040796","37.0403054647926","37.1513673045042","37.1661005611992","37.1850969004466","37.1867244374527","37.1173344063166","36.951965644055","36.5819694142336","36.6346258408372","36.6404685668326","36.5735462437072","36.4872317848777","36.4700497062242","36.491915878973","36.6741248854261","37.0262047663279","36.9588368085513","36.9686293169555","36.8157447313887","36.7787589726626","37.012933229899","36.923348360296","36.9446740270509","36.9234906505633","37.0347609965302","37.0122983375763","36.9301461380685","","",
"Samoa","WSM","Agricultural land (% of land area)","AG.LND.AGRI.ZS","","19.7879858657244","20.1413427561837","20.1413427561837","20.1413427561837","21.9081272084806","21.9081272084806","21.9081272084806","22.2614840989399","22.2614840989399","22.4381625441696","22.6148409893993","22.6148409893993","22.6148409893993","22.6148409893993","22.9681978798587","24.3816254416961","25.0883392226148","25.0883392226148","25.9717314487633","26.1484098939929","27.208480565371","27.208480565371","27.4204946996466","27.5618374558304","27.5618374558304","27.7031802120141","27.1024734982332","27.208480565371","19.1519434628975","19.0812720848057","19.0812720848057","18.3745583038869","18.3745583038869","18.0212014134276","18.0212014134276","18.0212014134276","18.0212014134276","18.0212014134276","17.9505300353357","16.9611307420495","16.9611307420495","16.6077738515901","15.9010600706714","15.1943462897526","14.8409893992933","14.2049469964664","13.6042402826855","13.0742049469965","12.3321554770318","14.6643109540636","16.9611307420495","19.2579505300353","21.5547703180212","23.8515901060071","26.7208480565371","24.3144876325088","22.3021582733813","19.8453237410072","17.773381294964","17.773381294964","17.773381294964","17.773381294964","17.5647482014388","","",
"Kosovo","XKX","Agricultural land (% of land area)","AG.LND.AGRI.ZS","","","","","","","","","","","","","","","","","","","","","","","","","","","","","","","","","","","","","","","","","","","","","","","","","","","","","","","","","","","","","","","","","","",
"Yemen, Rep.","YEM","Agricultural land (% of land area)","AG.LND.AGRI.ZS","","44.2013750781294","44.2222095952421","44.2449381593651","44.2638786294676","44.2828190995701","44.3036536166828","44.3169119457545","44.3263821808057","44.3453226509082","44.3547928859594","44.3699452620414","44.3907797791541","44.4002500142053","44.4097202492566","44.4343428603898","44.4343428603898","44.4343428603898","44.4381309544103","44.4400250014205","44.4400250014205","44.443813095441","44.443813095441","44.443813095441","44.443813095441","44.4532833304923","44.4532833304923","44.4703297535845","44.4703297535845","44.474117847605","44.7487546640908","44.758224899142","44.474117847605","44.9362653181052","44.9457355531564","44.9570998352179","44.9930867284126","44.926795083054","44.8510332026441","44.8283046385211","44.8301986855314","44.6900392067731","44.8055760743982","44.5006345057484","44.6180654203837","44.5536678220353","44.750648711101","44.750648711101","44.5423035399739","44.4191904843078","44.6597344546092","44.4191904843078","44.5119987878099","44.5082106937894","44.4184328655037","44.382445972309","44.2938045722295","44.4191904843078","44.4191904843078","44.4191904843078","44.4191904843078","44.4191904843078","44.4191904843078","44.4191904843078","","",
"South Africa","ZAF","Agricultural land (% of land area)","AG.LND.AGRI.ZS","","83.5346099629871","82.5454005885796","81.6056516828924","80.5793469569447","79.6395980512575","79.4862705982244","79.2587524421106","79.0765730489906","78.8861502444172","78.6957274398437","78.5053046352702","78.3190035364235","78.1244590261234","77.94640133873","77.7394917112498","77.5449472009497","77.5358794483509","77.543298518659","77.5342307660602","77.5334064249149","77.5243386723161","77.5152709197174","77.5152709197174","77.5152709197174","77.5152709197174","77.817804120057","78.0238894063919","78.2299746927268","78.5597111508627","78.8070134944646","79.1408716583271","79.526663314346","79.9083332646382","80.179541501455","80.3897484935165","80.6947547172922","80.7400934802859","80.7755401495355","80.8332440297092","80.888474886447","80.796148678169","80.8085137953491","80.7260796808151","80.4622905143064","80.359247871139","79.8687648896619","79.8704135719526","80.0501199416366","79.9511990041959","79.871237913098","79.4450535409574","79.4178502831612","79.4178502831612","79.4178502831612","79.4178502831612","79.4178502831612","79.4178502831612","79.4178502831612","79.4178502831612","79.4178502831612","79.4178502831612","79.4178502831612","79.4178502831612","","",
"Zambia","ZMB","Agricultural land (% of land area)","AG.LND.AGRI.ZS","","25.9715627059821","26.0428577193667","26.1020460323652","26.1760314236134","26.2486716259299","26.3751193855177","26.4477595878341","26.5473035687862","26.6401216050794","26.7342848303044","26.975073649094","27.0288812063654","27.0974858418865","27.17550679993","27.2225884125425","27.2602537026325","27.2723604030186","27.1122829201361","26.6078370707166","26.6966195402144","26.8405547559155","26.956241004049","27.0867243304322","27.2024105785658","27.3463457942668","27.4741387427864","27.6046220691696","27.733760206621","27.9261222238663","27.9947268593874","28.0149046933642","28.3364048480609","28.5206957317155","28.8852419322294","29.1273759399508","29.3708551366039","29.6035728218028","29.828219373411","30.0703533811324","30.3017258773995","30.3407363564213","30.4227928812602","30.8169332382733","30.8007909710919","30.6191904653008","31.0039144997915","30.9178224081572","31.0563768681311","31.7276261450921","31.5258478053243","31.7948855916814","32.0639233780384","31.9307496737917","31.9320948627235","31.9334400516553","31.9334400516553","32.0679589448338","32.0679589448338","32.0679589448338","32.0679589448338","32.0679589448338","32.0679589448338","32.0679589448338","","",
"Zimbabwe","ZWE","Agricultural land (% of land area)","AG.LND.AGRI.ZS","","25.8384609021585","26.0274090732842","26.2867196587825","26.4643567274137","26.6691074059713","26.7068514928267","26.9739800956443","27.1143567274137","27.4377086726121","27.6936923872302","28.0010756107018","28.360024557322","28.6003722373013","28.9287142303218","29.1672322605661","29.3744779630348","29.6713147214683","29.8586167765284","30.1003125242342","30.3501243375986","30.7641320925423","31.0990283055448","31.6554240661755","31.8490624272974","32.0817585627504","32.4761380379992","32.2985200982293","32.6701282150704","33.3802230838826","33.7200752229546","34.2024172159752","33.870503037353","34.4681641463099","35.5080361897376","35.7827183662918","36.4801876696394","36.5193488432209","36.9859591572961","37.9975876954892","39.0780881478609","39.2816766188445","39.8788080651415","40.3513447072509","41.2496238852268","41.5032089957348","42.0098622204989","41.7441240791004","42.3663220886649","41.9757303864547","41.7133537546853","42.2313842574641","41.8512917151351","41.8442528111671","41.8387654129508","41.8325022618586","41.8275321183921","41.8217862220499","41.8168160785834","41.8196029468786","41.8169598035414","41.8091454051958","41.7977107405971","41.791706346129","","",
